model_alias,status,negative_budget_ratio,repope_knn_pr_auc_mean,repope_knn_pr_auc_std,repope_knn_pr_auc_min,repope_knn_pr_auc_max,num_seeds,reason
llava-onevision-qwen2-7b-ov-hf,evaluated,1.0,0.40561455159535464,0.03435125173314083,0.36418962315375664,0.4483041453183607,3,
llava-onevision-qwen2-7b-ov-hf,evaluated,0.5,0.4356216206314603,0.033950354386141135,0.3943178984476094,0.477473522872787,3,
llava-onevision-qwen2-7b-ov-hf,evaluated,0.25,0.3180186937314191,0.03528173630943671,0.2850879273568402,0.366947515507375,3,
llava-onevision-qwen2-7b-ov-hf,missing_or_skipped,0.1,,,,,0,
glm-4.6v-flash,excluded,,,,,,,GLM answer_text is not parseable under frozen yes/no population rules
qwen3-vl-8b,evaluated,1.0,0.4805465482959021,0.02214014660160091,0.449917694527256,0.5014898405121319,3,
qwen3-vl-8b,evaluated,0.5,0.39279965751238183,0.1856666121930775,0.14361887422876593,0.5890827214192454,3,
qwen3-vl-8b,evaluated,0.25,0.44912336500027195,0.03705508096510007,0.40666872175821545,0.49695559196575617,3,
qwen3-vl-8b,missing_or_skipped,0.1,,,,,0,
internvl3.5-8b,evaluated,1.0,0.4830434754547462,0.09550696076047334,0.3796790565517675,0.6100198879313758,3,
internvl3.5-8b,evaluated,0.5,0.5841620385101192,0.028998713362454395,0.5449675267974855,0.6142106461317749,3,
internvl3.5-8b,evaluated,0.25,0.5444309749917458,0.07701965887350934,0.44009900471082597,0.6236925642491759,3,
internvl3.5-8b,evaluated,0.1,0.5295676722550887,0.08877869855465922,0.4477666900444442,0.652954134638071,3,
minicpm-v-2_6,evaluated,1.0,0.23496192527203683,0.08623237678872119,0.1645523084770924,0.3563983903104421,3,
minicpm-v-2_6,evaluated,0.5,0.09598914572146384,0.0858174611505749,0.01441374063537618,0.21459744271916456,3,
minicpm-v-2_6,evaluated,0.25,0.13342769108720773,0.10653644059428705,0.02518666485353864,0.2783112470224808,3,
minicpm-v-2_6,missing_or_skipped,0.1,,,,,0,
gemma-3-12b-it,evaluated,1.0,0.5385366194431312,0.18989858363003853,0.28035168190561266,0.7316416777439727,3,
gemma-3-12b-it,evaluated,0.5,0.6892090624406116,0.030752098403348624,0.6549637264494538,0.7295476744500227,3,
gemma-3-12b-it,evaluated,0.25,0.6829691840048246,0.01893111805198156,0.6644817900473171,0.7089831834418535,3,
gemma-3-12b-it,evaluated,0.1,0.6269267410505636,0.0341014544785662,0.5958652673671908,0.6744066944052325,3,
gemma-4-12b-it,evaluated,1.0,0.24577779110046524,0.03666033311531383,0.20133586440365506,0.291121392702218,3,
gemma-4-12b-it,evaluated,0.5,0.18022854719137718,0.049529430911975626,0.11108389473204527,0.22449672649877192,3,
gemma-4-12b-it,missing_or_skipped,0.25,,,,,0,
gemma-4-12b-it,missing_or_skipped,0.1,,,,,0,
qwen3.5-4b,evaluated,1.0,0.17587561002352073,0.0800071454014163,0.0650070369005068,0.2508760559724813,3,
qwen3.5-4b,evaluated,0.5,0.19417695611833663,0.039975353061123306,0.14564599347356072,0.24355423799585632,3,
qwen3.5-4b,evaluated,0.25,0.2101151244791887,0.14227512207529316,0.022711434099095238,0.3672457341712412,3,
qwen3.5-4b,missing_or_skipped,0.1,,,,,0,
qwen3.5-9b,evaluated,1.0,0.20811921067656317,0.031058964359078158,0.17535652226434903,0.24983716054702193,3,
qwen3.5-9b,evaluated,0.5,0.16074001897408788,0.04345186016096839,0.10937874706302211,0.2156372775600807,3,
qwen3.5-9b,evaluated,0.25,0.17678600659617025,0.07247474936743646,0.12416503835605858,0.2792683964289885,3,
qwen3.5-9b,missing_or_skipped,0.1,,,,,0,
phi-4-multimodal-instruct,evaluated,1.0,0.4006555531388359,0.016707208828486808,0.3770284336407661,0.4125942465202326,3,
phi-4-multimodal-instruct,evaluated,0.5,0.34384114186359965,0.037214957398485356,0.2912147157386645,0.37067783963852075,3,
phi-4-multimodal-instruct,evaluated,0.25,0.24657876422723138,0.061844798374457104,0.16034290408640267,0.30233397835294995,3,
phi-4-multimodal-instruct,missing_or_skipped,0.1,,,,,0,
phi-3.5-vision-instruct,evaluated,1.0,0.4778561347004153,0.027234253806723754,0.4445867775713527,0.5112961480660667,3,
phi-3.5-vision-instruct,evaluated,0.5,0.4502660598550876,0.026472945835175576,0.42240596236362116,0.4858545138424978,3,
phi-3.5-vision-instruct,evaluated,0.25,0.32586451489629176,0.014806630254851278,0.3058532960877634,0.3412103294093244,3,
phi-3.5-vision-instruct,missing_or_skipped,0.1,,,,,0,
gemma-3-4b-it,evaluated,1.0,0.48121721838010023,0.04173102884116936,0.4257156853544536,0.526343341754469,3,
gemma-3-4b-it,evaluated,0.5,0.5152952948202077,0.016841264347372584,0.4914842685289438,0.5276682985482851,3,
gemma-3-4b-it,evaluated,0.25,0.5469651339315863,0.033217801697732835,0.5209144365952647,0.5938453847656577,3,
gemma-3-4b-it,evaluated,0.1,0.5603706429975754,0.011584603660527576,0.54488561485583,0.5727461896114244,3,
molmo-7b-d-0924,evaluated,1.0,0.2961173477240814,0.06027771692153467,0.21248645689245169,0.35223350326002767,3,
molmo-7b-d-0924,evaluated,0.5,0.24706161275323546,0.14473185606096212,0.04307358828947867,0.3636374508243873,3,
molmo-7b-d-0924,evaluated,0.25,0.34662670607615215,0.09446954947926343,0.2451290381172679,0.47261124446117264,3,
molmo-7b-d-0924,evaluated,0.1,0.36641558043762185,0.037317358539258834,0.33847055490233036,0.4191590170193234,3,
minicpm-v-4_5,evaluated,1.0,0.4162203416058221,0.02366341660948336,0.39476011794800014,0.44918848457213717,3,
minicpm-v-4_5,evaluated,0.5,0.23997677456860086,0.12373163357499403,0.06881617081924535,0.35705805283801867,3,
minicpm-v-4_5,evaluated,0.25,0.272185737922569,0.08463553931620287,0.19701293503436615,0.39043532212352255,3,
minicpm-v-4_5,missing_or_skipped,0.1,,,,,0,
llava-v1.5-7b,evaluated,1.0,0.22491872984065062,0.011544977002396786,0.21308760069132793,0.24057842230177984,3,
llava-v1.5-7b,evaluated,0.5,0.32754313965363785,0.12113075646992248,0.17299065102197125,0.4688048232332789,3,
llava-v1.5-7b,evaluated,0.25,0.4265383250356054,0.12903521764125508,0.2567490137001468,0.5693451849850069,3,
llava-v1.5-7b,evaluated,0.1,0.3175159559780291,0.17801080421113077,0.06788398101838808,0.47052196708593746,3,
qwen2.5-vl-7b,evaluated,1.0,0.15126549924924224,0.0833322235368328,0.04099685127950098,0.2424138229506531,3,
qwen2.5-vl-7b,evaluated,0.5,0.1319055789897746,0.05388896302806485,0.07158411606908292,0.20240266300821527,3,
qwen2.5-vl-7b,evaluated,0.25,0.14085574592479141,0.04601079150139832,0.10245934298173626,0.20554874471044746,3,
qwen2.5-vl-7b,missing_or_skipped,0.1,,,,,0,
