model_alias,model_name,dataset_family,encoder_family,objective,readout,eval_split,metric_split,eval_scope,negative_budget_ratio,negative_budget_seed,selected_k,budget_status,budget_skip_reason,metric_status,failure_reason,pr_auc,pr_auc_ci_low,pr_auc_ci_high,roc_auc,roc_auc_ci_low,roc_auc_ci_high,average_precision,tpr_at_1pct_fpr,fpr_at_95pct_tpr,num_test,num_test_correct,num_test_hard_hallucination,num_bank_correct,num_encoder_train_correct,num_encoder_train_hard_hallucination_available,num_encoder_train_hard_hallucination_used,num_encoder_train,num_encoder_train_hallucination,num_excluded_false_negative,num_excluded_parsed_none
llava-onevision-qwen2-7b-ov-hf,llava-onevision-qwen2-7b-ov-hf,repope,Sphere-Traj-LSTM,proxy_anchor,Diag-kNN-tuned,test,test,pooled,1.0,20260506,16,evaluated,,passed,,0.36418962315375664,0.24718898918412835,0.4960167667413084,0.9534711600138155,0.9380431786862655,0.9673162483747091,0.3803548276777485,0.28846153846153844,0.13470173187940987,1611,1559,52,1545,3833,138,138,3971,138,29,0
llava-onevision-qwen2-7b-ov-hf,llava-onevision-qwen2-7b-ov-hf,repope,Sphere-Traj-LSTM,proxy_anchor,Diag-kNN-tuned,test,test,pooled,1.0,20260507,32,evaluated,,passed,,0.4043498863139467,0.2815809566341051,0.5401282701483349,0.9648689988651502,0.9514513293082041,0.9754862135350586,0.42277190929441205,0.3269230769230769,0.11610006414368185,1611,1559,52,1545,3833,138,138,3971,138,29,0
llava-onevision-qwen2-7b-ov-hf,llava-onevision-qwen2-7b-ov-hf,repope,Sphere-Traj-LSTM,proxy_anchor,Diag-kNN-tuned,test,test,pooled,1.0,20260508,32,evaluated,,passed,,0.4483041453183607,0.318052256249567,0.5882441764094017,0.9645606157793458,0.9503920711118344,0.9769665287008841,0.4665573601043469,0.28846153846153844,0.1603592046183451,1611,1559,52,1545,3833,138,138,3971,138,29,0
llava-onevision-qwen2-7b-ov-hf,llava-onevision-qwen2-7b-ov-hf,repope,Sphere-Traj-LSTM,proxy_anchor,Diag-kNN-tuned,test,test,pooled,0.5,20260506,16,evaluated,,passed,,0.477473522872787,0.3494191694911393,0.6062303716432047,0.9501282873636947,0.9358034283542593,0.9645963067398033,0.4839225982249443,0.36538461538461536,0.12508017960230916,1611,1559,52,1545,3833,138,69,3902,69,29,0
llava-onevision-qwen2-7b-ov-hf,llava-onevision-qwen2-7b-ov-hf,repope,Sphere-Traj-LSTM,proxy_anchor,Diag-kNN-tuned,test,test,pooled,0.5,20260507,32,evaluated,,passed,,0.3943178984476094,0.26250267232698016,0.526160270316791,0.9568757092810973,0.9427918641165276,0.9702057707333525,0.40885379787442483,0.21153846153846154,0.14945477870429763,1611,1559,52,1545,3833,138,69,3902,69,29,0
llava-onevision-qwen2-7b-ov-hf,llava-onevision-qwen2-7b-ov-hf,repope,Sphere-Traj-LSTM,proxy_anchor,Diag-kNN-tuned,test,test,pooled,0.5,20260508,32,evaluated,,passed,,0.43507344057398467,0.30543514845366926,0.5721815607082924,0.9578872058025362,0.9434429962388756,0.9716276849798063,0.4443454715359543,0.1346153846153846,0.14881334188582424,1611,1559,52,1545,3833,138,69,3902,69,29,0
llava-onevision-qwen2-7b-ov-hf,llava-onevision-qwen2-7b-ov-hf,repope,Sphere-Traj-LSTM,proxy_anchor,Diag-kNN-tuned,test,test,pooled,0.25,20260506,32,evaluated,,passed,,0.3020206383300422,0.18705811043200932,0.43543452149861017,0.9264444663739083,0.906565750851767,0.9461590038145568,0.31485001892278686,0.23076923076923078,0.18537524053880694,1611,1559,52,1545,3833,138,34,3867,34,29,0
llava-onevision-qwen2-7b-ov-hf,llava-onevision-qwen2-7b-ov-hf,repope,Sphere-Traj-LSTM,proxy_anchor,Diag-kNN-tuned,test,test,pooled,0.25,20260507,32,evaluated,,passed,,0.2850879273568402,0.18429371063172165,0.39969946939645606,0.9416539201657868,0.9231714974193921,0.9564612300161434,0.29840890092620875,0.1346153846153846,0.1539448364336113,1611,1559,52,1545,3833,138,34,3867,34,29,0
llava-onevision-qwen2-7b-ov-hf,llava-onevision-qwen2-7b-ov-hf,repope,Sphere-Traj-LSTM,proxy_anchor,Diag-kNN-tuned,test,test,pooled,0.25,20260508,4,evaluated,,passed,,0.366947515507375,0.25416711509398965,0.48744766729639294,0.9320570385355503,0.9122004449442103,0.9500507812990666,0.373378985563889,0.23076923076923078,0.2418216805644644,1611,1559,52,1545,3833,138,34,3867,34,29,0
llava-onevision-qwen2-7b-ov-hf,llava-onevision-qwen2-7b-ov-hf,repope,Sphere-Traj-LSTM,proxy_anchor,Diag-kNN-tuned,test,test,pooled,0.1,20260506,,skipped,ratio 0.1 would leave fewer than 20 hard negatives (13),skipped,ratio 0.1 would leave fewer than 20 hard negatives (13),nan,nan,nan,nan,nan,nan,nan,nan,nan,0,0,0,0,3833,138,0,3833,0,0,0
llava-onevision-qwen2-7b-ov-hf,llava-onevision-qwen2-7b-ov-hf,repope,Sphere-Traj-LSTM,proxy_anchor,Diag-kNN-tuned,test,test,pooled,0.1,20260507,,skipped,ratio 0.1 would leave fewer than 20 hard negatives (13),skipped,ratio 0.1 would leave fewer than 20 hard negatives (13),nan,nan,nan,nan,nan,nan,nan,nan,nan,0,0,0,0,3833,138,0,3833,0,0,0
llava-onevision-qwen2-7b-ov-hf,llava-onevision-qwen2-7b-ov-hf,repope,Sphere-Traj-LSTM,proxy_anchor,Diag-kNN-tuned,test,test,pooled,0.1,20260508,,skipped,ratio 0.1 would leave fewer than 20 hard negatives (13),skipped,ratio 0.1 would leave fewer than 20 hard negatives (13),nan,nan,nan,nan,nan,nan,nan,nan,nan,0,0,0,0,3833,138,0,3833,0,0,0
qwen3-vl-8b,qwen3-vl-8b,repope,Sphere-Traj-LSTM,proxy_anchor,Diag-kNN-tuned,test,test,pooled,1.0,20260506,32,evaluated,,passed,,0.4902321098483184,0.32873896233568595,0.6474932543652917,0.9317862636260281,0.8917724611683078,0.9698646248568108,0.49815201171205864,0.42105263157894735,0.44726810673443457,1612,1574,38,1542,3812,168,168,3980,168,28,0
qwen3-vl-8b,qwen3-vl-8b,repope,Sphere-Traj-LSTM,proxy_anchor,Diag-kNN-tuned,test,test,pooled,1.0,20260507,32,evaluated,,passed,,0.5014898405121319,0.3333249801533207,0.637648781735973,0.9358322744599745,0.897973292630936,0.9656055992586112,0.5081000630876842,0.5,0.31321473951715373,1612,1574,38,1542,3812,168,168,3980,168,28,0
qwen3-vl-8b,qwen3-vl-8b,repope,Sphere-Traj-LSTM,proxy_anchor,Diag-kNN-tuned,test,test,pooled,1.0,20260508,32,evaluated,,passed,,0.449917694527256,0.2844625093567088,0.6059082503598703,0.9365679127934194,0.9069747867002089,0.9625070260479458,0.462213249345939,0.5263157894736842,0.26493011435832275,1612,1574,38,1542,3812,168,168,3980,168,28,0
qwen3-vl-8b,qwen3-vl-8b,repope,Sphere-Traj-LSTM,proxy_anchor,Diag-kNN-tuned,test,test,pooled,0.5,20260506,32,evaluated,,passed,,0.44569737688913424,0.2926330709648256,0.5973556357143125,0.9510967698789541,0.9243235850591223,0.9771046437782119,0.4559415787502352,0.42105263157894735,0.3418043202033037,1612,1574,38,1542,3812,168,84,3896,84,28,0
qwen3-vl-8b,qwen3-vl-8b,repope,Sphere-Traj-LSTM,proxy_anchor,Diag-kNN-tuned,test,test,pooled,0.5,20260507,8,evaluated,,passed,,0.14361887422876593,0.08291122116237386,0.23286892075423346,0.8826824048685882,0.8419889418536156,0.9205128758494754,0.16483876870888456,0.15789473684210525,0.30749682337992373,1612,1574,38,1542,3812,168,84,3896,84,28,0
qwen3-vl-8b,qwen3-vl-8b,repope,Sphere-Traj-LSTM,proxy_anchor,Diag-kNN-tuned,test,test,pooled,0.5,20260508,32,evaluated,,passed,,0.5890827214192454,0.41960933509373444,0.7384333172281458,0.9725974720791815,0.9512300664830942,0.9871714312626952,0.5981365234571179,0.6578947368421053,0.17662007623888182,1612,1574,38,1542,3812,168,84,3896,84,28,0
qwen3-vl-8b,qwen3-vl-8b,repope,Sphere-Traj-LSTM,proxy_anchor,Diag-kNN-tuned,test,test,pooled,0.25,20260506,32,evaluated,,passed,,0.4437457812768442,0.2880348411414583,0.5931730033772181,0.9488229786664883,0.9252202582742615,0.9703750878794535,0.45096562509393107,0.2894736842105263,0.18742058449809404,1612,1574,38,1542,3812,168,42,3854,42,28,0
qwen3-vl-8b,qwen3-vl-8b,repope,Sphere-Traj-LSTM,proxy_anchor,Diag-kNN-tuned,test,test,pooled,0.25,20260507,32,evaluated,,passed,,0.49695559196575617,0.3346936183874139,0.6326520344654424,0.9294288771483983,0.9008077907169441,0.9556180178503859,0.499336586480605,0.39473684210526316,0.2617534942820839,1612,1574,38,1542,3812,168,42,3854,42,28,0
qwen3-vl-8b,qwen3-vl-8b,repope,Sphere-Traj-LSTM,proxy_anchor,Diag-kNN-tuned,test,test,pooled,0.25,20260508,32,evaluated,,passed,,0.40666872175821545,0.25521558215292345,0.5738492457905108,0.9592556677589781,0.9401638981581154,0.9752752649734765,0.42595749754531775,0.42105263157894735,0.15756035578144853,1612,1574,38,1542,3812,168,42,3854,42,28,0
qwen3-vl-8b,qwen3-vl-8b,repope,Sphere-Traj-LSTM,proxy_anchor,Diag-kNN-tuned,test,test,pooled,0.1,20260506,,skipped,ratio 0.1 would leave fewer than 20 hard negatives (16),skipped,ratio 0.1 would leave fewer than 20 hard negatives (16),nan,nan,nan,nan,nan,nan,nan,nan,nan,0,0,0,0,3812,168,0,3812,0,0,0
qwen3-vl-8b,qwen3-vl-8b,repope,Sphere-Traj-LSTM,proxy_anchor,Diag-kNN-tuned,test,test,pooled,0.1,20260507,,skipped,ratio 0.1 would leave fewer than 20 hard negatives (16),skipped,ratio 0.1 would leave fewer than 20 hard negatives (16),nan,nan,nan,nan,nan,nan,nan,nan,nan,0,0,0,0,3812,168,0,3812,0,0,0
qwen3-vl-8b,qwen3-vl-8b,repope,Sphere-Traj-LSTM,proxy_anchor,Diag-kNN-tuned,test,test,pooled,0.1,20260508,,skipped,ratio 0.1 would leave fewer than 20 hard negatives (16),skipped,ratio 0.1 would leave fewer than 20 hard negatives (16),nan,nan,nan,nan,nan,nan,nan,nan,nan,0,0,0,0,3812,168,0,3812,0,0,0
internvl3.5-8b,internvl3.5-8b,repope,Sphere-Traj-LSTM,proxy_anchor,Diag-kNN-tuned,test,test,pooled,1.0,20260506,32,evaluated,,passed,,0.6100198879313758,0.5191844513828994,0.686391241767249,0.9356827435912141,0.9182982687088269,0.9499885165831531,0.6136404399203408,0.3120567375886525,0.21226415094339623,1625,1484,141,1496,3689,352,352,4041,352,15,0
internvl3.5-8b,internvl3.5-8b,repope,Sphere-Traj-LSTM,proxy_anchor,Diag-kNN-tuned,test,test,pooled,1.0,20260507,32,evaluated,,passed,,0.3796790565517675,0.29994285031882395,0.4655392426700355,0.8360574257804285,0.8075508401264129,0.8636247619621759,0.3845400860668825,0.24113475177304963,0.43733153638814015,1625,1484,141,1496,3689,352,352,4041,352,15,0
internvl3.5-8b,internvl3.5-8b,repope,Sphere-Traj-LSTM,proxy_anchor,Diag-kNN-tuned,test,test,pooled,1.0,20260508,32,evaluated,,passed,,0.4594314818810952,0.37698098910487826,0.5370175130123339,0.8915046548527078,0.8708247864628695,0.9089694664175613,0.4633254965119334,0.23404255319148937,0.29851752021563344,1625,1484,141,1496,3689,352,352,4041,352,15,0
internvl3.5-8b,internvl3.5-8b,repope,Sphere-Traj-LSTM,proxy_anchor,Diag-kNN-tuned,test,test,pooled,0.5,20260506,32,evaluated,,passed,,0.6142106461317749,0.5259828560482966,0.7003322566983781,0.9395777178796048,0.9245219321395756,0.9537964648469649,0.6186174221806212,0.3120567375886525,0.2580862533692722,1625,1484,141,1496,3689,352,176,3865,176,15,0
internvl3.5-8b,internvl3.5-8b,repope,Sphere-Traj-LSTM,proxy_anchor,Diag-kNN-tuned,test,test,pooled,0.5,20260507,16,evaluated,,passed,,0.5933079426010972,0.5055658353586592,0.6789215843069006,0.9422826938884746,0.9248913387768929,0.9583512796954904,0.5968946635862722,0.14184397163120568,0.19878706199460916,1625,1484,141,1496,3689,352,176,3865,176,15,0
internvl3.5-8b,internvl3.5-8b,repope,Sphere-Traj-LSTM,proxy_anchor,Diag-kNN-tuned,test,test,pooled,0.5,20260508,32,evaluated,,passed,,0.5449675267974855,0.4605215398823773,0.6244288313541655,0.9399170346581025,0.9248020108427567,0.9524828228922405,0.5494235486434293,0.1773049645390071,0.1637466307277628,1625,1484,141,1496,3689,352,176,3865,176,15,0
internvl3.5-8b,internvl3.5-8b,repope,Sphere-Traj-LSTM,proxy_anchor,Diag-kNN-tuned,test,test,pooled,0.25,20260506,32,evaluated,,passed,,0.5695013560152353,0.4859552777248114,0.6583140509647012,0.9513104318403396,0.9402467581135024,0.9621875743145056,0.5782665447255634,0.24822695035460993,0.158355795148248,1625,1484,141,1496,3689,352,88,3777,88,15,0
internvl3.5-8b,internvl3.5-8b,repope,Sphere-Traj-LSTM,proxy_anchor,Diag-kNN-tuned,test,test,pooled,0.25,20260507,32,evaluated,,passed,,0.6236925642491759,0.5443605570687817,0.7008665677181336,0.9525960123109862,0.9400241689649448,0.9647677146573665,0.6269555639082491,0.19858156028368795,0.18126684636118598,1625,1484,141,1496,3689,352,88,3777,88,15,0
internvl3.5-8b,internvl3.5-8b,repope,Sphere-Traj-LSTM,proxy_anchor,Diag-kNN-tuned,test,test,pooled,0.25,20260508,32,evaluated,,passed,,0.44009900471082597,0.3605381396465325,0.5202292925240721,0.8897411634264305,0.8652881642056527,0.9128464950981633,0.4461253717345915,0.1347517730496454,0.4481132075471698,1625,1484,141,1496,3689,352,88,3777,88,15,0
internvl3.5-8b,internvl3.5-8b,repope,Sphere-Traj-LSTM,proxy_anchor,Diag-kNN-tuned,test,test,pooled,0.1,20260506,32,evaluated,,passed,,0.4879821920827512,0.4025270057739686,0.5701253450172564,0.9145160673663283,0.8965680392112058,0.932926726629246,0.49224531803513116,0.19148936170212766,0.3605121293800539,1625,1484,141,1496,3689,352,35,3724,35,15,0
internvl3.5-8b,internvl3.5-8b,repope,Sphere-Traj-LSTM,proxy_anchor,Diag-kNN-tuned,test,test,pooled,0.1,20260507,16,evaluated,,passed,,0.4477666900444442,0.37159135329524473,0.5364860207560619,0.9342203360669841,0.9206931506384538,0.9469472183480939,0.4557119630492264,0.06382978723404255,0.15633423180592992,1625,1484,141,1496,3689,352,35,3724,35,15,0
internvl3.5-8b,internvl3.5-8b,repope,Sphere-Traj-LSTM,proxy_anchor,Diag-kNN-tuned,test,test,pooled,0.1,20260508,32,evaluated,,passed,,0.652954134638071,0.5689436345327479,0.7285089895810214,0.9577622297413545,0.9464237963774758,0.9675414189627208,0.6567996583990942,0.3120567375886525,0.11455525606469003,1625,1484,141,1496,3689,352,35,3724,35,15,0
minicpm-v-2_6,minicpm-v-2_6,repope,Sphere-Traj-LSTM,proxy_anchor,Diag-kNN-tuned,test,test,pooled,1.0,20260506,32,evaluated,,passed,,0.18393507702857592,0.034581581657014075,0.35764956860717706,0.8284678042689815,0.7749892399776253,0.8827576312279829,0.18903443787221774,0.13636363636363635,0.3054283845650752,1551,1529,22,1529,3776,80,80,3856,80,89,0
minicpm-v-2_6,minicpm-v-2_6,repope,Sphere-Traj-LSTM,proxy_anchor,Diag-kNN-tuned,test,test,pooled,1.0,20260507,32,evaluated,,passed,,0.1645523084770924,0.07281295932340262,0.330099605276476,0.9033533503775492,0.8480514442121093,0.9504881029174858,0.2105224505174546,0.3181818181818182,0.3368214519293656,1551,1529,22,1529,3776,80,80,3856,80,89,0
minicpm-v-2_6,minicpm-v-2_6,repope,Sphere-Traj-LSTM,proxy_anchor,Diag-kNN-tuned,test,test,pooled,1.0,20260508,32,evaluated,,passed,,0.3563983903104421,0.16161482047347242,0.5851371900812606,0.9565669778227005,0.9312183825084629,0.9762303538835282,0.3939102464766802,0.5,0.12818835840418574,1551,1529,22,1529,3776,80,80,3856,80,89,0
minicpm-v-2_6,minicpm-v-2_6,repope,Sphere-Traj-LSTM,proxy_anchor,Diag-kNN-tuned,test,test,pooled,0.5,20260506,32,evaluated,,passed,,0.01441374063537618,0.007775646037883763,0.025075459046804582,0.4974136393364647,0.3675361511468221,0.6261124669085617,0.01740339944814516,0.0,0.9332897318508829,1551,1529,22,1529,3776,80,40,3816,40,89,0
minicpm-v-2_6,minicpm-v-2_6,repope,Sphere-Traj-LSTM,proxy_anchor,Diag-kNN-tuned,test,test,pooled,0.5,20260507,32,evaluated,,passed,,0.0589562538098508,0.027636859011435443,0.10771329527968945,0.8201141566085974,0.7428078216621231,0.8925537547564519,0.07056881533368704,0.045454545454545456,0.40941792020928713,1551,1529,22,1529,3776,80,40,3816,40,89,0
minicpm-v-2_6,minicpm-v-2_6,repope,Sphere-Traj-LSTM,proxy_anchor,Diag-kNN-tuned,test,test,pooled,0.5,20260508,8,evaluated,,passed,,0.21459744271916456,0.06898273142508451,0.3935075548836629,0.8982103573339675,0.842311657712864,0.9472781228977323,0.24946164254084408,0.3181818181818182,0.30608240680183124,1551,1529,22,1529,3776,80,40,3816,40,89,0
minicpm-v-2_6,minicpm-v-2_6,repope,Sphere-Traj-LSTM,proxy_anchor,Diag-kNN-tuned,test,test,pooled,0.25,20260506,1,evaluated,,passed,,0.02518666485353864,0.012939257018873156,0.041738176592040745,0.654914085260717,0.523407032006841,0.7741139485502366,0.029186486900630075,0.0,0.9542184434270765,1551,1529,22,1529,3776,80,20,3796,20,89,0
minicpm-v-2_6,minicpm-v-2_6,repope,Sphere-Traj-LSTM,proxy_anchor,Diag-kNN-tuned,test,test,pooled,0.25,20260507,32,evaluated,,passed,,0.09678516138560371,0.022600139343684395,0.23860517485353594,0.8046851774778524,0.736602690250397,0.8747251151669688,0.10701339455421327,0.09090909090909091,0.4676258992805755,1551,1529,22,1529,3776,80,20,3796,20,89,0
minicpm-v-2_6,minicpm-v-2_6,repope,Sphere-Traj-LSTM,proxy_anchor,Diag-kNN-tuned,test,test,pooled,0.25,20260508,32,evaluated,,passed,,0.2783112470224808,0.09749109422953103,0.46243203478741596,0.9474106665081158,0.9191599576187818,0.9686333818546884,0.29146349612785366,0.2727272727272727,0.17266187050359713,1551,1529,22,1529,3776,80,20,3796,20,89,0
minicpm-v-2_6,minicpm-v-2_6,repope,Sphere-Traj-LSTM,proxy_anchor,Diag-kNN-tuned,test,test,pooled,0.1,20260506,,skipped,ratio 0.1 would leave fewer than 20 hard negatives (8),skipped,ratio 0.1 would leave fewer than 20 hard negatives (8),nan,nan,nan,nan,nan,nan,nan,nan,nan,0,0,0,0,3776,80,0,3776,0,0,0
minicpm-v-2_6,minicpm-v-2_6,repope,Sphere-Traj-LSTM,proxy_anchor,Diag-kNN-tuned,test,test,pooled,0.1,20260507,,skipped,ratio 0.1 would leave fewer than 20 hard negatives (8),skipped,ratio 0.1 would leave fewer than 20 hard negatives (8),nan,nan,nan,nan,nan,nan,nan,nan,nan,0,0,0,0,3776,80,0,3776,0,0,0
minicpm-v-2_6,minicpm-v-2_6,repope,Sphere-Traj-LSTM,proxy_anchor,Diag-kNN-tuned,test,test,pooled,0.1,20260508,,skipped,ratio 0.1 would leave fewer than 20 hard negatives (8),skipped,ratio 0.1 would leave fewer than 20 hard negatives (8),nan,nan,nan,nan,nan,nan,nan,nan,nan,0,0,0,0,3776,80,0,3776,0,0,0
gemma-3-12b-it,gemma-3-12b-it,repope,Sphere-Traj-LSTM,proxy_anchor,Diag-kNN-tuned,test,test,pooled,1.0,20260506,32,evaluated,,passed,,0.28035168190561266,0.23000036554422143,0.3310638612827755,0.8173651960784314,0.7939700042397335,0.8410759812597571,0.28279060701263226,0.047058823529411764,0.3840277777777778,1610,1440,170,1443,3553,425,425,3978,425,30,0
gemma-3-12b-it,gemma-3-12b-it,repope,Sphere-Traj-LSTM,proxy_anchor,Diag-kNN-tuned,test,test,pooled,1.0,20260507,32,evaluated,,passed,,0.7316416777439727,0.6612959745658801,0.7916791941798723,0.956687091503268,0.9446663051520447,0.9674057290781557,0.7329278645180389,0.40588235294117647,0.15138888888888888,1610,1440,170,1443,3553,425,425,3978,425,30,0
gemma-3-12b-it,gemma-3-12b-it,repope,Sphere-Traj-LSTM,proxy_anchor,Diag-kNN-tuned,test,test,pooled,1.0,20260508,32,evaluated,,passed,,0.6036164986798083,0.5323277196316146,0.6687597734700969,0.9266135620915033,0.9092682644341511,0.9412117590473933,0.6054833061116148,0.2529411764705882,0.19791666666666666,1610,1440,170,1443,3553,425,425,3978,425,30,0
gemma-3-12b-it,gemma-3-12b-it,repope,Sphere-Traj-LSTM,proxy_anchor,Diag-kNN-tuned,test,test,pooled,0.5,20260506,32,evaluated,,passed,,0.6831157864223585,0.6155093741102392,0.7511720767705696,0.9447957516339869,0.9304735654491466,0.9564351494922118,0.684839074274602,0.3058823529411765,0.17847222222222223,1610,1440,170,1443,3553,425,212,3765,212,30,0
gemma-3-12b-it,gemma-3-12b-it,repope,Sphere-Traj-LSTM,proxy_anchor,Diag-kNN-tuned,test,test,pooled,0.5,20260507,32,evaluated,,passed,,0.6549637264494538,0.5730442123722561,0.7267891484822498,0.9533210784313726,0.9419332546179177,0.9632281380359314,0.6571775369864702,0.2235294117647059,0.1125,1610,1440,170,1443,3553,425,212,3765,212,30,0
gemma-3-12b-it,gemma-3-12b-it,repope,Sphere-Traj-LSTM,proxy_anchor,Diag-kNN-tuned,test,test,pooled,0.5,20260508,32,evaluated,,passed,,0.7295476744500227,0.6701543698615305,0.7880153261600392,0.952937091503268,0.9395574744106963,0.9646439769389739,0.7307870092080516,0.3588235294117647,0.16666666666666666,1610,1440,170,1443,3553,425,212,3765,212,30,0
gemma-3-12b-it,gemma-3-12b-it,repope,Sphere-Traj-LSTM,proxy_anchor,Diag-kNN-tuned,test,test,pooled,0.25,20260506,32,evaluated,,passed,,0.7089831834418535,0.63659605202041,0.7739558348051156,0.9504207516339869,0.9377852366784297,0.961772324539572,0.7103642439218547,0.28823529411764703,0.18680555555555556,1610,1440,170,1443,3553,425,106,3659,106,30,0
gemma-3-12b-it,gemma-3-12b-it,repope,Sphere-Traj-LSTM,proxy_anchor,Diag-kNN-tuned,test,test,pooled,0.25,20260507,8,evaluated,,passed,,0.6644817900473171,0.5970546961068395,0.7257923400556795,0.9465686274509805,0.9340772051098319,0.9576509618508324,0.6660251107485382,0.21764705882352942,0.18472222222222223,1610,1440,170,1443,3553,425,106,3659,106,30,0
gemma-3-12b-it,gemma-3-12b-it,repope,Sphere-Traj-LSTM,proxy_anchor,Diag-kNN-tuned,test,test,pooled,0.25,20260508,32,evaluated,,passed,,0.6754425785253032,0.6022030034184666,0.7411256685317648,0.9443995098039215,0.9299133142910562,0.9572949785986669,0.6771489767058884,0.3235294117647059,0.2013888888888889,1610,1440,170,1443,3553,425,106,3659,106,30,0
gemma-3-12b-it,gemma-3-12b-it,repope,Sphere-Traj-LSTM,proxy_anchor,Diag-kNN-tuned,test,test,pooled,0.1,20260506,32,evaluated,,passed,,0.6105082613792672,0.5355368826808503,0.687216982793354,0.9315482026143791,0.9175832281078254,0.944796652997134,0.6129044074104556,0.27058823529411763,0.22152777777777777,1610,1440,170,1443,3553,425,42,3595,42,30,0
gemma-3-12b-it,gemma-3-12b-it,repope,Sphere-Traj-LSTM,proxy_anchor,Diag-kNN-tuned,test,test,pooled,0.1,20260507,8,evaluated,,passed,,0.6744066944052325,0.5963377328419944,0.745773941730909,0.9499468954248367,0.9383322713894994,0.9607373527080866,0.676519293535999,0.31176470588235294,0.19305555555555556,1610,1440,170,1443,3553,425,42,3595,42,30,0
gemma-3-12b-it,gemma-3-12b-it,repope,Sphere-Traj-LSTM,proxy_anchor,Diag-kNN-tuned,test,test,pooled,0.1,20260508,32,evaluated,,passed,,0.5958652673671908,0.522408245297817,0.663995099352454,0.9225571895424838,0.9056843140479467,0.9380894884226483,0.5978330011484344,0.14705882352941177,0.2513888888888889,1610,1440,170,1443,3553,425,42,3595,42,30,0
gemma-4-12b-it,gemma-4-12b-it,repope,Sphere-Traj-LSTM,proxy_anchor,Diag-kNN-tuned,test,test,pooled,1.0,20260506,4,evaluated,,passed,,0.20133586440365506,0.09628403038950285,0.3325860424402694,0.928972366148532,0.8866432197269224,0.9606501106651161,0.2151987065666534,0.041666666666666664,0.2754749568221071,1182,1158,24,1138,2926,64,64,2990,64,44,414
gemma-4-12b-it,gemma-4-12b-it,repope,Sphere-Traj-LSTM,proxy_anchor,Diag-kNN-tuned,test,test,pooled,1.0,20260507,4,evaluated,,passed,,0.24487611619552266,0.14742989439036336,0.37910123953545805,0.96164363845711,0.9444710031347963,0.9761196230433582,0.28714757438872707,0.16666666666666666,0.10621761658031088,1182,1158,24,1138,2926,64,64,2990,64,44,414
gemma-4-12b-it,gemma-4-12b-it,repope,Sphere-Traj-LSTM,proxy_anchor,Diag-kNN-tuned,test,test,pooled,1.0,20260508,16,evaluated,,passed,,0.291121392702218,0.15904289127909693,0.509609149017692,0.9530440414507771,0.9160801669545193,0.9775396379998874,0.3353454371433465,0.3333333333333333,0.07512953367875648,1182,1158,24,1138,2926,64,64,2990,64,44,414
gemma-4-12b-it,gemma-4-12b-it,repope,Sphere-Traj-LSTM,proxy_anchor,Diag-kNN-tuned,test,test,pooled,0.5,20260506,32,evaluated,,passed,,0.2051050203433144,0.10698662173277065,0.33454701635062856,0.9367803684513529,0.9082448025574028,0.962540568919435,0.23175314176976267,0.25,0.15198618307426598,1182,1158,24,1138,2926,64,32,2958,32,44,414
gemma-4-12b-it,gemma-4-12b-it,repope,Sphere-Traj-LSTM,proxy_anchor,Diag-kNN-tuned,test,test,pooled,0.5,20260507,1,evaluated,,passed,,0.11108389473204527,0.05686658351961225,0.18534254979319664,0.864961139896373,0.8069934566205702,0.9198724387459906,0.12307312424893146,0.0,0.41796200345423146,1182,1158,24,1138,2926,64,32,2958,32,44,414
gemma-4-12b-it,gemma-4-12b-it,repope,Sphere-Traj-LSTM,proxy_anchor,Diag-kNN-tuned,test,test,pooled,0.5,20260508,32,evaluated,,passed,,0.22449672649877192,0.12426496666685614,0.3603353000706489,0.9525402993667242,0.9315213825578023,0.9704621239007737,0.24414556195225626,0.0,0.10449050086355786,1182,1158,24,1138,2926,64,32,2958,32,44,414
gemma-4-12b-it,gemma-4-12b-it,repope,Sphere-Traj-LSTM,proxy_anchor,Diag-kNN-tuned,test,test,pooled,0.25,20260506,,skipped,ratio 0.25 would leave fewer than 20 hard negatives (16),skipped,ratio 0.25 would leave fewer than 20 hard negatives (16),nan,nan,nan,nan,nan,nan,nan,nan,nan,0,0,0,0,2926,64,0,2926,0,0,0
gemma-4-12b-it,gemma-4-12b-it,repope,Sphere-Traj-LSTM,proxy_anchor,Diag-kNN-tuned,test,test,pooled,0.25,20260507,,skipped,ratio 0.25 would leave fewer than 20 hard negatives (16),skipped,ratio 0.25 would leave fewer than 20 hard negatives (16),nan,nan,nan,nan,nan,nan,nan,nan,nan,0,0,0,0,2926,64,0,2926,0,0,0
gemma-4-12b-it,gemma-4-12b-it,repope,Sphere-Traj-LSTM,proxy_anchor,Diag-kNN-tuned,test,test,pooled,0.25,20260508,,skipped,ratio 0.25 would leave fewer than 20 hard negatives (16),skipped,ratio 0.25 would leave fewer than 20 hard negatives (16),nan,nan,nan,nan,nan,nan,nan,nan,nan,0,0,0,0,2926,64,0,2926,0,0,0
gemma-4-12b-it,gemma-4-12b-it,repope,Sphere-Traj-LSTM,proxy_anchor,Diag-kNN-tuned,test,test,pooled,0.1,20260506,,skipped,ratio 0.1 would leave fewer than 20 hard negatives (6),skipped,ratio 0.1 would leave fewer than 20 hard negatives (6),nan,nan,nan,nan,nan,nan,nan,nan,nan,0,0,0,0,2926,64,0,2926,0,0,0
gemma-4-12b-it,gemma-4-12b-it,repope,Sphere-Traj-LSTM,proxy_anchor,Diag-kNN-tuned,test,test,pooled,0.1,20260507,,skipped,ratio 0.1 would leave fewer than 20 hard negatives (6),skipped,ratio 0.1 would leave fewer than 20 hard negatives (6),nan,nan,nan,nan,nan,nan,nan,nan,nan,0,0,0,0,2926,64,0,2926,0,0,0
gemma-4-12b-it,gemma-4-12b-it,repope,Sphere-Traj-LSTM,proxy_anchor,Diag-kNN-tuned,test,test,pooled,0.1,20260508,,skipped,ratio 0.1 would leave fewer than 20 hard negatives (6),skipped,ratio 0.1 would leave fewer than 20 hard negatives (6),nan,nan,nan,nan,nan,nan,nan,nan,nan,0,0,0,0,2926,64,0,2926,0,0,0
qwen3.5-4b,qwen3.5-4b,repope,Sphere-Traj-LSTM,proxy_anchor,Diag-kNN-tuned,test,test,pooled,1.0,20260506,32,evaluated,,passed,,0.2508760559724813,0.12112875166763197,0.40417541418702874,0.9329078919378855,0.9078538938218239,0.9590536508291917,0.26781969153354884,0.23333333333333334,0.18059987236758138,1597,1567,30,1548,3852,84,84,3936,84,43,0
qwen3.5-4b,qwen3.5-4b,repope,Sphere-Traj-LSTM,proxy_anchor,Diag-kNN-tuned,test,test,pooled,1.0,20260507,32,evaluated,,passed,,0.0650070369005068,0.02026740329447555,0.1484990250692461,0.7106360348861944,0.6482372773536896,0.775283470555393,0.0682114957730673,0.03333333333333333,0.5909380982769623,1597,1567,30,1548,3852,84,84,3936,84,43,0
qwen3.5-4b,qwen3.5-4b,repope,Sphere-Traj-LSTM,proxy_anchor,Diag-kNN-tuned,test,test,pooled,1.0,20260508,16,evaluated,,passed,,0.21174373719757408,0.11158755278938204,0.35911730960467875,0.9405020208466284,0.918252441062632,0.9605880374575086,0.22493429313909577,0.16666666666666666,0.17932354818123802,1597,1567,30,1548,3852,84,84,3936,84,43,0
qwen3.5-4b,qwen3.5-4b,repope,Sphere-Traj-LSTM,proxy_anchor,Diag-kNN-tuned,test,test,pooled,0.5,20260506,32,evaluated,,passed,,0.24355423799585632,0.11028426881960672,0.4126588269584239,0.8839183152520741,0.8323385670152912,0.9285885177722024,0.25556899648402026,0.3333333333333333,0.35162731333758773,1597,1567,30,1548,3852,84,42,3894,42,43,0
qwen3.5-4b,qwen3.5-4b,repope,Sphere-Traj-LSTM,proxy_anchor,Diag-kNN-tuned,test,test,pooled,0.5,20260507,32,evaluated,,passed,,0.19333063688559277,0.08333190216753293,0.34274138006739174,0.9064667092108062,0.875198569632108,0.9354435965606461,0.20652438910317206,0.23333333333333334,0.23803446075303128,1597,1567,30,1548,3852,84,42,3894,42,43,0
qwen3.5-4b,qwen3.5-4b,repope,Sphere-Traj-LSTM,proxy_anchor,Diag-kNN-tuned,test,test,pooled,0.5,20260508,2,evaluated,,passed,,0.14564599347356072,0.06928209564617038,0.2627686572130956,0.890321208253563,0.842755907899776,0.9306180753827468,0.1563230949834262,0.06666666666666667,0.3899170389278877,1597,1567,30,1548,3852,84,42,3894,42,43,0
qwen3.5-4b,qwen3.5-4b,repope,Sphere-Traj-LSTM,proxy_anchor,Diag-kNN-tuned,test,test,pooled,0.25,20260506,32,evaluated,,passed,,0.2403882051672297,0.11369222266220809,0.4244992125253111,0.922208040842374,0.8933608055445684,0.9477949100998558,0.2536698389738806,0.23333333333333334,0.17677089980855137,1597,1567,30,1548,3852,84,21,3873,21,43,0
qwen3.5-4b,qwen3.5-4b,repope,Sphere-Traj-LSTM,proxy_anchor,Diag-kNN-tuned,test,test,pooled,0.25,20260507,32,evaluated,,passed,,0.022711434099095238,0.014408113365635168,0.036131091878657345,0.6109763880025526,0.5454995281906111,0.6771854971327373,0.02524298443986671,0.0,0.6828334396936822,1597,1567,30,1548,3852,84,21,3873,21,43,0
qwen3.5-4b,qwen3.5-4b,repope,Sphere-Traj-LSTM,proxy_anchor,Diag-kNN-tuned,test,test,pooled,0.25,20260508,32,evaluated,,passed,,0.3672457341712412,0.2031208578257723,0.5269738590218167,0.9479047011274196,0.9241233176042174,0.9680075825220203,0.3766013937890036,0.3,0.1723037651563497,1597,1567,30,1548,3852,84,21,3873,21,43,0
qwen3.5-4b,qwen3.5-4b,repope,Sphere-Traj-LSTM,proxy_anchor,Diag-kNN-tuned,test,test,pooled,0.1,20260506,,skipped,ratio 0.1 would leave fewer than 20 hard negatives (8),skipped,ratio 0.1 would leave fewer than 20 hard negatives (8),nan,nan,nan,nan,nan,nan,nan,nan,nan,0,0,0,0,3852,84,0,3852,0,0,0
qwen3.5-4b,qwen3.5-4b,repope,Sphere-Traj-LSTM,proxy_anchor,Diag-kNN-tuned,test,test,pooled,0.1,20260507,,skipped,ratio 0.1 would leave fewer than 20 hard negatives (8),skipped,ratio 0.1 would leave fewer than 20 hard negatives (8),nan,nan,nan,nan,nan,nan,nan,nan,nan,0,0,0,0,3852,84,0,3852,0,0,0
qwen3.5-4b,qwen3.5-4b,repope,Sphere-Traj-LSTM,proxy_anchor,Diag-kNN-tuned,test,test,pooled,0.1,20260508,,skipped,ratio 0.1 would leave fewer than 20 hard negatives (8),skipped,ratio 0.1 would leave fewer than 20 hard negatives (8),nan,nan,nan,nan,nan,nan,nan,nan,nan,0,0,0,0,3852,84,0,3852,0,0,0
qwen3.5-9b,qwen3.5-9b,repope,Sphere-Traj-LSTM,proxy_anchor,Diag-kNN-tuned,test,test,pooled,1.0,20260506,32,evaluated,,passed,,0.19916394921831856,0.11381974293886292,0.31495325514187694,0.9587802313354363,0.9362422553101801,0.9782023732513534,0.21743286125199957,0.16666666666666666,0.15205047318611986,1609,1585,24,1554,3885,114,114,3999,114,31,0
qwen3.5-9b,qwen3.5-9b,repope,Sphere-Traj-LSTM,proxy_anchor,Diag-kNN-tuned,test,test,pooled,1.0,20260507,32,evaluated,,passed,,0.24983716054702193,0.1406426297427288,0.4227280985395939,0.9648002103049421,0.9444620950724307,0.9815299849563989,0.2703302030130964,0.4166666666666667,0.13123028391167194,1609,1585,24,1554,3885,114,114,3999,114,31,0
qwen3.5-9b,qwen3.5-9b,repope,Sphere-Traj-LSTM,proxy_anchor,Diag-kNN-tuned,test,test,pooled,1.0,20260508,32,evaluated,,passed,,0.17535652226434903,0.08806437151638716,0.3388348213794177,0.9354889589905364,0.8851438017283003,0.9703253622324434,0.1986252648666376,0.125,0.27381703470031543,1609,1585,24,1554,3885,114,114,3999,114,31,0
qwen3.5-9b,qwen3.5-9b,repope,Sphere-Traj-LSTM,proxy_anchor,Diag-kNN-tuned,test,test,pooled,0.5,20260506,1,evaluated,,passed,,0.15720403229916083,0.08813993980783044,0.24353479903482564,0.9521819137749737,0.9269951733642056,0.9712896178622582,0.17256467111819235,0.0,0.10031545741324921,1609,1585,24,1554,3885,114,57,3942,57,31,0
qwen3.5-9b,qwen3.5-9b,repope,Sphere-Traj-LSTM,proxy_anchor,Diag-kNN-tuned,test,test,pooled,0.5,20260507,32,evaluated,,passed,,0.10937874706302211,0.03900212858789218,0.27017081610483445,0.7906151419558359,0.7077385302212973,0.8707698134709785,0.12974958946474568,0.08333333333333333,0.4769716088328076,1609,1585,24,1554,3885,114,57,3942,57,31,0
qwen3.5-9b,qwen3.5-9b,repope,Sphere-Traj-LSTM,proxy_anchor,Diag-kNN-tuned,test,test,pooled,0.5,20260508,32,evaluated,,passed,,0.2156372775600807,0.12016503641510431,0.36417320820112054,0.9636961093585699,0.9417077473007816,0.9803052601268777,0.24105486354999234,0.25,0.12492113564668769,1609,1585,24,1554,3885,114,57,3942,57,31,0
qwen3.5-9b,qwen3.5-9b,repope,Sphere-Traj-LSTM,proxy_anchor,Diag-kNN-tuned,test,test,pooled,0.25,20260506,32,evaluated,,passed,,0.12692458500346365,0.05954890137352003,0.2338382317364818,0.9174027339642481,0.8802826313204524,0.9524350339409586,0.1422428799334095,0.20833333333333334,0.2782334384858044,1609,1585,24,1554,3885,114,28,3913,28,31,0
qwen3.5-9b,qwen3.5-9b,repope,Sphere-Traj-LSTM,proxy_anchor,Diag-kNN-tuned,test,test,pooled,0.25,20260507,32,evaluated,,passed,,0.2792683964289885,0.16597505131930626,0.4318637850981053,0.9657202944269191,0.9397418360172797,0.9859653906246951,0.30031751428205866,0.4583333333333333,0.08075709779179811,1609,1585,24,1554,3885,114,28,3913,28,31,0
qwen3.5-9b,qwen3.5-9b,repope,Sphere-Traj-LSTM,proxy_anchor,Diag-kNN-tuned,test,test,pooled,0.25,20260508,32,evaluated,,passed,,0.12416503835605858,0.066787913203722,0.2131507868841594,0.9264195583596215,0.8896630709589411,0.9548729428957216,0.14007858871628154,0.125,0.23785488958990536,1609,1585,24,1554,3885,114,28,3913,28,31,0
qwen3.5-9b,qwen3.5-9b,repope,Sphere-Traj-LSTM,proxy_anchor,Diag-kNN-tuned,test,test,pooled,0.1,20260506,,skipped,ratio 0.1 would leave fewer than 20 hard negatives (11),skipped,ratio 0.1 would leave fewer than 20 hard negatives (11),nan,nan,nan,nan,nan,nan,nan,nan,nan,0,0,0,0,3885,114,0,3885,0,0,0
qwen3.5-9b,qwen3.5-9b,repope,Sphere-Traj-LSTM,proxy_anchor,Diag-kNN-tuned,test,test,pooled,0.1,20260507,,skipped,ratio 0.1 would leave fewer than 20 hard negatives (11),skipped,ratio 0.1 would leave fewer than 20 hard negatives (11),nan,nan,nan,nan,nan,nan,nan,nan,nan,0,0,0,0,3885,114,0,3885,0,0,0
qwen3.5-9b,qwen3.5-9b,repope,Sphere-Traj-LSTM,proxy_anchor,Diag-kNN-tuned,test,test,pooled,0.1,20260508,,skipped,ratio 0.1 would leave fewer than 20 hard negatives (11),skipped,ratio 0.1 would leave fewer than 20 hard negatives (11),nan,nan,nan,nan,nan,nan,nan,nan,nan,0,0,0,0,3885,114,0,3885,0,0,0
phi-4-multimodal-instruct,phi-4-multimodal-instruct,repope,Sphere-Traj-LSTM,proxy_anchor,Diag-kNN-tuned,test,test,pooled,1.0,20260506,32,evaluated,,passed,,0.4125942465202326,0.2847124833742676,0.5498246752220983,0.9346612360707504,0.9116304647476395,0.9558280427497905,0.4205265904360588,0.2413793103448276,0.20769741207697412,1565,1507,58,1496,3719,197,197,3916,197,75,0
phi-4-multimodal-instruct,phi-4-multimodal-instruct,repope,Sphere-Traj-LSTM,proxy_anchor,Diag-kNN-tuned,test,test,pooled,1.0,20260507,32,evaluated,,passed,,0.3770284336407661,0.257355211058931,0.5177277580704104,0.9147655767338627,0.888005072084783,0.9419655152383851,0.3847647141254842,0.3275862068965517,0.3291307232913072,1565,1507,58,1496,3719,197,197,3916,197,75,0
phi-4-multimodal-instruct,phi-4-multimodal-instruct,repope,Sphere-Traj-LSTM,proxy_anchor,Diag-kNN-tuned,test,test,pooled,1.0,20260508,32,evaluated,,passed,,0.4123439792555091,0.28131231955839076,0.5431492865658555,0.9259776216735692,0.8995812451154269,0.9481452145214522,0.4195807316292017,0.25862068965517243,0.2402123424021234,1565,1507,58,1496,3719,197,197,3916,197,75,0
phi-4-multimodal-instruct,phi-4-multimodal-instruct,repope,Sphere-Traj-LSTM,proxy_anchor,Diag-kNN-tuned,test,test,pooled,0.5,20260506,8,evaluated,,passed,,0.37067783963852075,0.2525202873550448,0.48804336394663655,0.9069972313113516,0.879243649667958,0.931333517823832,0.3767261362369121,0.25862068965517243,0.29263437292634376,1565,1507,58,1496,3719,197,98,3817,98,75,0
phi-4-multimodal-instruct,phi-4-multimodal-instruct,repope,Sphere-Traj-LSTM,proxy_anchor,Diag-kNN-tuned,test,test,pooled,0.5,20260507,8,evaluated,,passed,,0.2912147157386645,0.1944611250729583,0.43653507525267793,0.887284625769398,0.8520246823644828,0.9207232945037823,0.305900165332012,0.25862068965517243,0.45852687458526875,1565,1507,58,1496,3719,197,98,3817,98,75,0
phi-4-multimodal-instruct,phi-4-multimodal-instruct,repope,Sphere-Traj-LSTM,proxy_anchor,Diag-kNN-tuned,test,test,pooled,0.5,20260508,32,evaluated,,passed,,0.36963087021361385,0.24081977295003346,0.48480518165516495,0.9015513809120655,0.8685987699601903,0.9294314494088084,0.3750026656613825,0.3275862068965517,0.2435301924353019,1565,1507,58,1496,3719,197,98,3817,98,75,0
phi-4-multimodal-instruct,phi-4-multimodal-instruct,repope,Sphere-Traj-LSTM,proxy_anchor,Diag-kNN-tuned,test,test,pooled,0.25,20260506,8,evaluated,,passed,,0.27705941024234165,0.16140728394647347,0.40125731587526775,0.8089147198132851,0.7586029650280238,0.8594486480643635,0.2832895624793584,0.22413793103448276,0.6848042468480424,1565,1507,58,1496,3719,197,49,3768,49,75,0
phi-4-multimodal-instruct,phi-4-multimodal-instruct,repope,Sphere-Traj-LSTM,proxy_anchor,Diag-kNN-tuned,test,test,pooled,0.25,20260507,32,evaluated,,passed,,0.30233397835294995,0.1963535668806212,0.42194963261941676,0.8854884104066083,0.8469581917277511,0.916269729712047,0.3095379032692555,0.1724137931034483,0.35633709356337095,1565,1507,58,1496,3719,197,49,3768,49,75,0
phi-4-multimodal-instruct,phi-4-multimodal-instruct,repope,Sphere-Traj-LSTM,proxy_anchor,Diag-kNN-tuned,test,test,pooled,0.25,20260508,16,evaluated,,passed,,0.16034290408640267,0.08486293921429681,0.24969579740711928,0.7431984074319842,0.6941753697115003,0.7915347226203351,0.16325383755120754,0.08620689655172414,0.5348374253483743,1565,1507,58,1496,3719,197,49,3768,49,75,0
phi-4-multimodal-instruct,phi-4-multimodal-instruct,repope,Sphere-Traj-LSTM,proxy_anchor,Diag-kNN-tuned,test,test,pooled,0.1,20260506,,skipped,ratio 0.1 would leave fewer than 20 hard negatives (19),skipped,ratio 0.1 would leave fewer than 20 hard negatives (19),nan,nan,nan,nan,nan,nan,nan,nan,nan,0,0,0,0,3719,197,0,3719,0,0,0
phi-4-multimodal-instruct,phi-4-multimodal-instruct,repope,Sphere-Traj-LSTM,proxy_anchor,Diag-kNN-tuned,test,test,pooled,0.1,20260507,,skipped,ratio 0.1 would leave fewer than 20 hard negatives (19),skipped,ratio 0.1 would leave fewer than 20 hard negatives (19),nan,nan,nan,nan,nan,nan,nan,nan,nan,0,0,0,0,3719,197,0,3719,0,0,0
phi-4-multimodal-instruct,phi-4-multimodal-instruct,repope,Sphere-Traj-LSTM,proxy_anchor,Diag-kNN-tuned,test,test,pooled,0.1,20260508,,skipped,ratio 0.1 would leave fewer than 20 hard negatives (19),skipped,ratio 0.1 would leave fewer than 20 hard negatives (19),nan,nan,nan,nan,nan,nan,nan,nan,nan,0,0,0,0,3719,197,0,3719,0,0,0
phi-3.5-vision-instruct,phi-3.5-vision-instruct,repope,Sphere-Traj-LSTM,proxy_anchor,Diag-kNN-tuned,test,test,pooled,1.0,20260506,16,evaluated,,passed,,0.4445867775713527,0.31710350758983047,0.5700840366262027,0.9333348982418254,0.912079811479473,0.953714614544403,0.45833134578524315,0.3103448275862069,0.21443158611300203,1527,1469,58,1475,3648,116,116,3764,116,113,0
phi-3.5-vision-instruct,phi-3.5-vision-instruct,repope,Sphere-Traj-LSTM,proxy_anchor,Diag-kNN-tuned,test,test,pooled,1.0,20260507,32,evaluated,,passed,,0.5112961480660667,0.36973131733930314,0.6448805960488636,0.946362761437525,0.9199938354304449,0.9681801883984479,0.5265331232354984,0.3103448275862069,0.2920353982300885,1527,1469,58,1475,3648,116,116,3764,116,113,0
phi-3.5-vision-instruct,phi-3.5-vision-instruct,repope,Sphere-Traj-LSTM,proxy_anchor,Diag-kNN-tuned,test,test,pooled,1.0,20260508,32,evaluated,,passed,,0.47768547846382653,0.3378258709338828,0.5998654132828274,0.9422431398323983,0.9228358966799918,0.9609356205605558,0.4864867958453504,0.3793103448275862,0.19605173587474473,1527,1469,58,1475,3648,116,116,3764,116,113,0
phi-3.5-vision-instruct,phi-3.5-vision-instruct,repope,Sphere-Traj-LSTM,proxy_anchor,Diag-kNN-tuned,test,test,pooled,0.5,20260506,32,evaluated,,passed,,0.44253770335914405,0.31818894198987785,0.5586722240114957,0.9292152766366987,0.9046464453827654,0.9503831280618509,0.4489546145961736,0.3275862068965517,0.224642614023145,1527,1469,58,1475,3648,116,58,3706,58,113,0
phi-3.5-vision-instruct,phi-3.5-vision-instruct,repope,Sphere-Traj-LSTM,proxy_anchor,Diag-kNN-tuned,test,test,pooled,0.5,20260507,32,evaluated,,passed,,0.42240596236362116,0.29448153402636756,0.5465149691647524,0.9234407643013074,0.8926659498674916,0.9484449110671936,0.42977282442846365,0.25862068965517243,0.30292716133424097,1527,1469,58,1475,3648,116,58,3706,58,113,0
phi-3.5-vision-instruct,phi-3.5-vision-instruct,repope,Sphere-Traj-LSTM,proxy_anchor,Diag-kNN-tuned,test,test,pooled,0.5,20260508,32,evaluated,,passed,,0.4858545138424978,0.3541285008793342,0.6005579412084373,0.9459871833994506,0.925921065675818,0.9639224613442202,0.4933548132187411,0.29310344827586204,0.1756296800544588,1527,1469,58,1475,3648,116,58,3706,58,113,0
phi-3.5-vision-instruct,phi-3.5-vision-instruct,repope,Sphere-Traj-LSTM,proxy_anchor,Diag-kNN-tuned,test,test,pooled,0.25,20260506,32,evaluated,,passed,,0.3412103294093244,0.2212093286352013,0.4597518914371767,0.8837116499612685,0.8505148777931038,0.9133359489961023,0.3480093187513094,0.25862068965517243,0.3287950987066031,1527,1469,58,1475,3648,116,29,3677,29,113,0
phi-3.5-vision-instruct,phi-3.5-vision-instruct,repope,Sphere-Traj-LSTM,proxy_anchor,Diag-kNN-tuned,test,test,pooled,0.25,20260507,32,evaluated,,passed,,0.3058532960877634,0.20865819943149663,0.4371837133410518,0.9034529705875449,0.8746049349564387,0.9305430242272347,0.33759834361822744,0.29310344827586204,0.3682777399591559,1527,1469,58,1475,3648,116,29,3677,29,113,0
phi-3.5-vision-instruct,phi-3.5-vision-instruct,repope,Sphere-Traj-LSTM,proxy_anchor,Diag-kNN-tuned,test,test,pooled,0.25,20260508,32,evaluated,,passed,,0.3305299191917875,0.22356635484930337,0.44627555390770135,0.8911058425858548,0.8635110373839883,0.9150662966566623,0.3345374121350627,0.1896551724137931,0.2920353982300885,1527,1469,58,1475,3648,116,29,3677,29,113,0
phi-3.5-vision-instruct,phi-3.5-vision-instruct,repope,Sphere-Traj-LSTM,proxy_anchor,Diag-kNN-tuned,test,test,pooled,0.1,20260506,,skipped,ratio 0.1 would leave fewer than 20 hard negatives (11),skipped,ratio 0.1 would leave fewer than 20 hard negatives (11),nan,nan,nan,nan,nan,nan,nan,nan,nan,0,0,0,0,3648,116,0,3648,0,0,0
phi-3.5-vision-instruct,phi-3.5-vision-instruct,repope,Sphere-Traj-LSTM,proxy_anchor,Diag-kNN-tuned,test,test,pooled,0.1,20260507,,skipped,ratio 0.1 would leave fewer than 20 hard negatives (11),skipped,ratio 0.1 would leave fewer than 20 hard negatives (11),nan,nan,nan,nan,nan,nan,nan,nan,nan,0,0,0,0,3648,116,0,3648,0,0,0
phi-3.5-vision-instruct,phi-3.5-vision-instruct,repope,Sphere-Traj-LSTM,proxy_anchor,Diag-kNN-tuned,test,test,pooled,0.1,20260508,,skipped,ratio 0.1 would leave fewer than 20 hard negatives (11),skipped,ratio 0.1 would leave fewer than 20 hard negatives (11),nan,nan,nan,nan,nan,nan,nan,nan,nan,0,0,0,0,3648,116,0,3648,0,0,0
gemma-3-4b-it,gemma-3-4b-it,repope,Sphere-Traj-LSTM,proxy_anchor,Diag-kNN-tuned,test,test,pooled,1.0,20260506,32,evaluated,,passed,,0.4915926280313784,0.4116006255164367,0.5744999351044296,0.8980087175957789,0.8783146385271667,0.9174679837763652,0.4944286944684135,0.24666666666666667,0.3496214728148658,1603,1453,150,1438,3507,407,407,3914,407,37,0
gemma-3-4b-it,gemma-3-4b-it,repope,Sphere-Traj-LSTM,proxy_anchor,Diag-kNN-tuned,test,test,pooled,1.0,20260507,32,evaluated,,passed,,0.526343341754469,0.44737906058499005,0.6055725527364103,0.9096535902729985,0.8930944511177494,0.9266676331310201,0.5291304228771736,0.23333333333333334,0.23743977976600136,1603,1453,150,1438,3507,407,407,3914,407,37,0
gemma-3-4b-it,gemma-3-4b-it,repope,Sphere-Traj-LSTM,proxy_anchor,Diag-kNN-tuned,test,test,pooled,1.0,20260508,32,evaluated,,passed,,0.4257156853544536,0.35612760170699786,0.5058955318841043,0.8776600137646249,0.856156623011159,0.8984934702606205,0.42929039650190143,0.18,0.3943565037852719,1603,1453,150,1438,3507,407,407,3914,407,37,0
gemma-3-4b-it,gemma-3-4b-it,repope,Sphere-Traj-LSTM,proxy_anchor,Diag-kNN-tuned,test,test,pooled,0.5,20260506,32,evaluated,,passed,,0.5267333173833945,0.4401675354496845,0.6082639472029503,0.8920991052993805,0.870230156776848,0.91394447091119,0.5297504358691723,0.2866666666666667,0.3441156228492774,1603,1453,150,1438,3507,407,203,3710,203,37,0
gemma-3-4b-it,gemma-3-4b-it,repope,Sphere-Traj-LSTM,proxy_anchor,Diag-kNN-tuned,test,test,pooled,0.5,20260507,32,evaluated,,passed,,0.4914842685289438,0.418808617263843,0.56610270338429,0.886368433126864,0.8669102833929458,0.9064499528455874,0.49343323401526507,0.2,0.2993805918788713,1603,1453,150,1438,3507,407,203,3710,203,37,0
gemma-3-4b-it,gemma-3-4b-it,repope,Sphere-Traj-LSTM,proxy_anchor,Diag-kNN-tuned,test,test,pooled,0.5,20260508,32,evaluated,,passed,,0.5276682985482851,0.44846766426617896,0.6102340671047011,0.9083505391144759,0.889702291104812,0.9259609662027309,0.5310595001395724,0.22666666666666666,0.3131452167928424,1603,1453,150,1438,3507,407,203,3710,203,37,0
gemma-3-4b-it,gemma-3-4b-it,repope,Sphere-Traj-LSTM,proxy_anchor,Diag-kNN-tuned,test,test,pooled,0.25,20260506,16,evaluated,,passed,,0.5938453847656577,0.5215940664408252,0.671135098802341,0.9373204863500804,0.9237978824572385,0.9503857655372576,0.5960346699855696,0.26,0.1672401927047488,1603,1453,150,1438,3507,407,101,3608,101,37,0
gemma-3-4b-it,gemma-3-4b-it,repope,Sphere-Traj-LSTM,proxy_anchor,Diag-kNN-tuned,test,test,pooled,0.25,20260507,1,evaluated,,passed,,0.5209144365952647,0.4413884240714748,0.6032534223092415,0.9185455379674238,0.9024353026462515,0.9338047838770671,0.5249541660671682,0.17333333333333334,0.25946317962835513,1603,1453,150,1438,3507,407,101,3608,101,37,0
gemma-3-4b-it,gemma-3-4b-it,repope,Sphere-Traj-LSTM,proxy_anchor,Diag-kNN-tuned,test,test,pooled,0.25,20260508,32,evaluated,,passed,,0.5261355804338366,0.4547697772091766,0.5947844698710536,0.9024638678596009,0.8843429919287951,0.918967300390321,0.52807588482472,0.24,0.282863041982106,1603,1453,150,1438,3507,407,101,3608,101,37,0
gemma-3-4b-it,gemma-3-4b-it,repope,Sphere-Traj-LSTM,proxy_anchor,Diag-kNN-tuned,test,test,pooled,0.1,20260506,32,evaluated,,passed,,0.5634801245254718,0.48674816001488397,0.6423590779844865,0.9091993576508374,0.890507462003813,0.9268363545911936,0.5654721286723682,0.2866666666666667,0.2973158981417756,1603,1453,150,1438,3507,407,40,3547,40,37,0
gemma-3-4b-it,gemma-3-4b-it,repope,Sphere-Traj-LSTM,proxy_anchor,Diag-kNN-tuned,test,test,pooled,0.1,20260507,8,evaluated,,passed,,0.5727461896114244,0.48843602221709387,0.6612965256462561,0.9220142234457445,0.9054187257253783,0.9380691072435546,0.5755338810604756,0.3,0.24501032346868548,1603,1453,150,1438,3507,407,40,3547,40,37,0
gemma-3-4b-it,gemma-3-4b-it,repope,Sphere-Traj-LSTM,proxy_anchor,Diag-kNN-tuned,test,test,pooled,0.1,20260508,32,evaluated,,passed,,0.54488561485583,0.46777050783375307,0.6177566217352467,0.8994081211286993,0.879952545237959,0.91755170609906,0.5466628085545104,0.30666666666666664,0.2842395044735031,1603,1453,150,1438,3507,407,40,3547,40,37,0
molmo-7b-d-0924,molmo-7b-d-0924,repope,Sphere-Traj-LSTM,proxy_anchor,Diag-kNN-tuned,test,test,pooled,1.0,20260506,32,evaluated,,passed,,0.35223350326002767,0.2551894382675652,0.4553981391667769,0.927071963908899,0.9074965404991256,0.9454482557619884,0.35769891828508715,0.1388888888888889,0.23772102161100198,1599,1527,72,1513,3786,202,202,3988,202,41,0
molmo-7b-d-0924,molmo-7b-d-0924,repope,Sphere-Traj-LSTM,proxy_anchor,Diag-kNN-tuned,test,test,pooled,1.0,20260507,8,evaluated,,passed,,0.3236320830197647,0.22889195790134412,0.43476555879817536,0.9143382085425308,0.8892782397458656,0.9352246622494862,0.3407063006375712,0.16666666666666666,0.2599869024230517,1599,1527,72,1513,3786,202,202,3988,202,41,0
molmo-7b-d-0924,molmo-7b-d-0924,repope,Sphere-Traj-LSTM,proxy_anchor,Diag-kNN-tuned,test,test,pooled,1.0,20260508,32,evaluated,,passed,,0.21248645689245169,0.12393007788255672,0.3131869760300389,0.7290711635014189,0.6752233257770778,0.7840710294121389,0.21677230170361034,0.18055555555555555,0.696136214800262,1599,1527,72,1513,3786,202,202,3988,202,41,0
molmo-7b-d-0924,molmo-7b-d-0924,repope,Sphere-Traj-LSTM,proxy_anchor,Diag-kNN-tuned,test,test,pooled,0.5,20260506,4,evaluated,,passed,,0.3636374508243873,0.26343169138121847,0.48210303713063946,0.9274994542676271,0.9098889777963902,0.9453550827422017,0.3729368964387658,0.2361111111111111,0.20235756385068762,1599,1527,72,1513,3786,202,101,3887,101,41,0
molmo-7b-d-0924,molmo-7b-d-0924,repope,Sphere-Traj-LSTM,proxy_anchor,Diag-kNN-tuned,test,test,pooled,0.5,20260507,1,evaluated,,passed,,0.04307358828947867,0.03144242583978225,0.05983619782522417,0.488103034271993,0.425345124307612,0.5538471828956976,0.04530478101792953,0.0,0.9449901768172888,1599,1527,72,1513,3786,202,101,3887,101,41,0
molmo-7b-d-0924,molmo-7b-d-0924,repope,Sphere-Traj-LSTM,proxy_anchor,Diag-kNN-tuned,test,test,pooled,0.5,20260508,32,evaluated,,passed,,0.3344737991458404,0.22800727259329,0.4437853573231804,0.8986120206650658,0.8715801526292865,0.9232795710162821,0.3412736071917706,0.2222222222222222,0.35821872953503603,1599,1527,72,1513,3786,202,101,3887,101,41,0
molmo-7b-d-0924,molmo-7b-d-0924,repope,Sphere-Traj-LSTM,proxy_anchor,Diag-kNN-tuned,test,test,pooled,0.25,20260506,16,evaluated,,passed,,0.32213983565001597,0.23679079721478022,0.43415004667990686,0.9358946372698829,0.9220328966850733,0.9501614285526715,0.3300837606373326,0.16666666666666666,0.18140144073346431,1599,1527,72,1513,3786,202,50,3836,50,41,0
molmo-7b-d-0924,molmo-7b-d-0924,repope,Sphere-Traj-LSTM,proxy_anchor,Diag-kNN-tuned,test,test,pooled,0.25,20260507,8,evaluated,,passed,,0.2451290381172679,0.16864784172402614,0.34569641339372187,0.8551080550098232,0.8186639375185549,0.8932999049982863,0.254435116488489,0.2222222222222222,0.44597249508840864,1599,1527,72,1513,3786,202,50,3836,50,41,0
molmo-7b-d-0924,molmo-7b-d-0924,repope,Sphere-Traj-LSTM,proxy_anchor,Diag-kNN-tuned,test,test,pooled,0.25,20260508,32,evaluated,,passed,,0.47261124446117264,0.35758117709189835,0.5809138875303832,0.9486102015571565,0.9324807753461898,0.9614365494355603,0.47831574691523315,0.2777777777777778,0.18860510805500982,1599,1527,72,1513,3786,202,50,3836,50,41,0
molmo-7b-d-0924,molmo-7b-d-0924,repope,Sphere-Traj-LSTM,proxy_anchor,Diag-kNN-tuned,test,test,pooled,0.1,20260506,16,evaluated,,passed,,0.4191590170193234,0.32085005944779016,0.5353315683660106,0.9456723422833443,0.9299984124677843,0.960868634108578,0.4291966196605549,0.25,0.18271119842829076,1599,1527,72,1513,3786,202,20,3806,20,41,0
molmo-7b-d-0924,molmo-7b-d-0924,repope,Sphere-Traj-LSTM,proxy_anchor,Diag-kNN-tuned,test,test,pooled,0.1,20260507,2,evaluated,,passed,,0.33847055490233036,0.23698970794512883,0.43527817078233605,0.8761915156807102,0.8438492124508896,0.9029455856596438,0.34128533317126597,0.19444444444444445,0.39161755075311067,1599,1527,72,1513,3786,202,20,3806,20,41,0
molmo-7b-d-0924,molmo-7b-d-0924,repope,Sphere-Traj-LSTM,proxy_anchor,Diag-kNN-tuned,test,test,pooled,0.1,20260508,32,evaluated,,passed,,0.34161716939121173,0.24750210590065422,0.45061119831902413,0.9259895947027578,0.9023981214033092,0.9466014270762562,0.35372303100501046,0.1388888888888889,0.2920759659462999,1599,1527,72,1513,3786,202,20,3806,20,41,0
minicpm-v-4_5,minicpm-v-4_5,repope,Sphere-Traj-LSTM,proxy_anchor,Diag-kNN-tuned,test,test,pooled,1.0,20260506,16,evaluated,,passed,,0.404712422297329,0.2567714344382136,0.5449411394748453,0.9608874338255782,0.9449031452638765,0.9753083817846815,0.4141939062505704,0.16216216216216217,0.14239690721649484,1589,1552,37,1530,3835,104,104,3939,104,51,0
minicpm-v-4_5,minicpm-v-4_5,repope,Sphere-Traj-LSTM,proxy_anchor,Diag-kNN-tuned,test,test,pooled,1.0,20260507,16,evaluated,,passed,,0.39476011794800014,0.23149916537529494,0.5511798884058388,0.9129283923098357,0.884148833877037,0.9387094799258003,0.4013218825874371,0.3783783783783784,0.24742268041237114,1589,1552,37,1530,3835,104,104,3939,104,51,0
minicpm-v-4_5,minicpm-v-4_5,repope,Sphere-Traj-LSTM,proxy_anchor,Diag-kNN-tuned,test,test,pooled,1.0,20260508,32,evaluated,,passed,,0.44918848457213717,0.2807792552770278,0.600614564127451,0.9419058233491223,0.9177342540100063,0.9623044407826138,0.4582821141593504,0.40540540540540543,0.16559278350515463,1589,1552,37,1530,3835,104,104,3939,104,51,0
minicpm-v-4_5,minicpm-v-4_5,repope,Sphere-Traj-LSTM,proxy_anchor,Diag-kNN-tuned,test,test,pooled,0.5,20260506,32,evaluated,,passed,,0.35705805283801867,0.21104759030784434,0.5173478619492567,0.9574568124825856,0.9418516166176837,0.9726306226781188,0.3725334522421985,0.32432432432432434,0.12242268041237113,1589,1552,37,1530,3835,104,52,3887,52,51,0
minicpm-v-4_5,minicpm-v-4_5,repope,Sphere-Traj-LSTM,proxy_anchor,Diag-kNN-tuned,test,test,pooled,0.5,20260507,32,evaluated,,passed,,0.29405610004853855,0.15309947293616524,0.44050636821387884,0.9331115909724157,0.9070911248520516,0.9557992426100925,0.30688637011144637,0.2702702702702703,0.22036082474226804,1589,1552,37,1530,3835,104,52,3887,52,51,0
minicpm-v-4_5,minicpm-v-4_5,repope,Sphere-Traj-LSTM,proxy_anchor,Diag-kNN-tuned,test,test,pooled,0.5,20260508,2,evaluated,,passed,,0.06881617081924535,0.043330821305954316,0.11000316933005626,0.825734884368905,0.7821387926399852,0.8640069629369234,0.0802041082959485,0.08108108108108109,0.4497422680412371,1589,1552,37,1530,3835,104,52,3887,52,51,0
minicpm-v-4_5,minicpm-v-4_5,repope,Sphere-Traj-LSTM,proxy_anchor,Diag-kNN-tuned,test,test,pooled,0.25,20260506,32,evaluated,,passed,,0.19701293503436615,0.10148914588024946,0.3370265078100575,0.9053357481192532,0.8813881938846154,0.9313500865658872,0.21417368040371276,0.24324324324324326,0.22938144329896906,1589,1552,37,1530,3835,104,26,3861,26,51,0
minicpm-v-4_5,minicpm-v-4_5,repope,Sphere-Traj-LSTM,proxy_anchor,Diag-kNN-tuned,test,test,pooled,0.25,20260507,32,evaluated,,passed,,0.39043532212352255,0.231371008434341,0.5665054037487535,0.9567079966564502,0.9357795956017788,0.9749617208056645,0.4077820370769953,0.35135135135135137,0.1875,1589,1552,37,1530,3835,104,26,3861,26,51,0
minicpm-v-4_5,minicpm-v-4_5,repope,Sphere-Traj-LSTM,proxy_anchor,Diag-kNN-tuned,test,test,pooled,0.25,20260508,32,evaluated,,passed,,0.2291089566098182,0.1043075799750619,0.3722320743923442,0.7754771524101421,0.7183135196392844,0.8272198187726391,0.23693958314701374,0.24324324324324326,0.49355670103092786,1589,1552,37,1530,3835,104,26,3861,26,51,0
minicpm-v-4_5,minicpm-v-4_5,repope,Sphere-Traj-LSTM,proxy_anchor,Diag-kNN-tuned,test,test,pooled,0.1,20260506,,skipped,ratio 0.1 would leave fewer than 20 hard negatives (10),skipped,ratio 0.1 would leave fewer than 20 hard negatives (10),nan,nan,nan,nan,nan,nan,nan,nan,nan,0,0,0,0,3835,104,0,3835,0,0,0
minicpm-v-4_5,minicpm-v-4_5,repope,Sphere-Traj-LSTM,proxy_anchor,Diag-kNN-tuned,test,test,pooled,0.1,20260507,,skipped,ratio 0.1 would leave fewer than 20 hard negatives (10),skipped,ratio 0.1 would leave fewer than 20 hard negatives (10),nan,nan,nan,nan,nan,nan,nan,nan,nan,0,0,0,0,3835,104,0,3835,0,0,0
minicpm-v-4_5,minicpm-v-4_5,repope,Sphere-Traj-LSTM,proxy_anchor,Diag-kNN-tuned,test,test,pooled,0.1,20260508,,skipped,ratio 0.1 would leave fewer than 20 hard negatives (10),skipped,ratio 0.1 would leave fewer than 20 hard negatives (10),nan,nan,nan,nan,nan,nan,nan,nan,nan,0,0,0,0,3835,104,0,3835,0,0,0
llava-v1.5-7b,llava-v1.5-7b,repope,Sphere-Traj-LSTM,proxy_anchor,Diag-kNN-tuned,test,test,pooled,1.0,20260506,32,evaluated,,passed,,0.24057842230177984,0.16579060369195087,0.32259532123609835,0.5847893460294646,0.5238301082272278,0.6426396601030665,0.24677385402956453,0.15702479338842976,0.9463315217391305,1593,1472,121,1461,3633,302,302,3935,302,47,0
llava-v1.5-7b,llava-v1.5-7b,repope,Sphere-Traj-LSTM,proxy_anchor,Diag-kNN-tuned,test,test,pooled,1.0,20260507,32,evaluated,,passed,,0.21308760069132793,0.15584105867967682,0.2921354905673557,0.5759072942867409,0.5069774338048455,0.6499969040096416,0.22195475083468508,0.03305785123966942,0.9680706521739131,1593,1472,121,1461,3633,302,302,3935,302,47,0
llava-v1.5-7b,llava-v1.5-7b,repope,Sphere-Traj-LSTM,proxy_anchor,Diag-kNN-tuned,test,test,pooled,1.0,20260508,32,evaluated,,passed,,0.221090166528844,0.15566097028827966,0.29110089369728154,0.5916108965145526,0.5412401560964006,0.640680094863919,0.2228848776269563,0.1487603305785124,0.7520380434782609,1593,1472,121,1461,3633,302,302,3935,302,47,0
llava-v1.5-7b,llava-v1.5-7b,repope,Sphere-Traj-LSTM,proxy_anchor,Diag-kNN-tuned,test,test,pooled,0.5,20260506,32,evaluated,,passed,,0.4688048232332789,0.3704859014142053,0.5635793610679116,0.8937185591088752,0.8694224676795849,0.9189658078725074,0.4736098968367566,0.24793388429752067,0.35665760869565216,1593,1472,121,1461,3633,302,151,3784,151,47,0
llava-v1.5-7b,llava-v1.5-7b,repope,Sphere-Traj-LSTM,proxy_anchor,Diag-kNN-tuned,test,test,pooled,0.5,20260507,32,evaluated,,passed,,0.17299065102197125,0.12945216281136832,0.2342261527970276,0.6305302281710384,0.5736663100654871,0.6916178192774539,0.1782407648377874,0.05785123966942149,0.9130434782608695,1593,1472,121,1461,3633,302,151,3784,151,47,0
llava-v1.5-7b,llava-v1.5-7b,repope,Sphere-Traj-LSTM,proxy_anchor,Diag-kNN-tuned,test,test,pooled,0.5,20260508,32,evaluated,,passed,,0.3408339447056635,0.25499295169315744,0.42884752732361203,0.8146278745957599,0.773395177515068,0.8468410495717232,0.3454734977160951,0.12396694214876033,0.501358695652174,1593,1472,121,1461,3633,302,151,3784,151,47,0
llava-v1.5-7b,llava-v1.5-7b,repope,Sphere-Traj-LSTM,proxy_anchor,Diag-kNN-tuned,test,test,pooled,0.25,20260506,32,evaluated,,passed,,0.2567490137001468,0.18832583578650963,0.34354826478420275,0.7092054437657205,0.6617657633917813,0.7544014484796661,0.26431500935781005,0.17355371900826447,0.6902173913043478,1593,1472,121,1461,3633,302,75,3708,75,47,0
llava-v1.5-7b,llava-v1.5-7b,repope,Sphere-Traj-LSTM,proxy_anchor,Diag-kNN-tuned,test,test,pooled,0.25,20260507,32,evaluated,,passed,,0.5693451849850069,0.4741023526578492,0.6527245212338902,0.9353384387351779,0.9182445060223752,0.9507893024370374,0.5727067438497303,0.2644628099173554,0.2561141304347826,1593,1472,121,1461,3633,302,75,3708,75,47,0
llava-v1.5-7b,llava-v1.5-7b,repope,Sphere-Traj-LSTM,proxy_anchor,Diag-kNN-tuned,test,test,pooled,0.25,20260508,32,evaluated,,passed,,0.45352077642166266,0.36134069054023654,0.543938781789195,0.8841403162055337,0.8570256450007254,0.9087080251846832,0.45870999492893316,0.24793388429752067,0.44904891304347827,1593,1472,121,1461,3633,302,75,3708,75,47,0
llava-v1.5-7b,llava-v1.5-7b,repope,Sphere-Traj-LSTM,proxy_anchor,Diag-kNN-tuned,test,test,pooled,0.1,20260506,32,evaluated,,passed,,0.4141419198297619,0.3267141014255551,0.4961908000450132,0.8800024703557312,0.8553169734151329,0.9026811281658539,0.4175069346065461,0.18181818181818182,0.33491847826086957,1593,1472,121,1461,3633,302,30,3663,30,47,0
llava-v1.5-7b,llava-v1.5-7b,repope,Sphere-Traj-LSTM,proxy_anchor,Diag-kNN-tuned,test,test,pooled,0.1,20260507,32,evaluated,,passed,,0.47052196708593746,0.37881826928372364,0.5576518062979073,0.8463158012935681,0.8121510428858997,0.8794191230746392,0.47394595568165454,0.24793388429752067,0.5027173913043478,1593,1472,121,1461,3633,302,30,3663,30,47,0
llava-v1.5-7b,llava-v1.5-7b,repope,Sphere-Traj-LSTM,proxy_anchor,Diag-kNN-tuned,test,test,pooled,0.1,20260508,16,evaluated,,passed,,0.06788398101838808,0.05179479423343569,0.09496229848581118,0.3980416816385196,0.34355732832861124,0.45715755153001947,0.07119644142692996,0.03305785123966942,0.9796195652173914,1593,1472,121,1461,3633,302,30,3663,30,47,0
qwen2.5-vl-7b,qwen2.5-vl-7b,repope,Sphere-Traj-LSTM,proxy_anchor,Diag-kNN-tuned,test,test,pooled,1.0,20260506,32,evaluated,,passed,,0.17038582351757267,0.04244057462321861,0.33326128315691106,0.8657560056523788,0.8117658726582189,0.9169596563175962,0.1794531061894988,0.13636363636363635,0.3180051813471503,1566,1544,22,1531,3794,101,101,3895,101,74,0
qwen2.5-vl-7b,qwen2.5-vl-7b,repope,Sphere-Traj-LSTM,proxy_anchor,Diag-kNN-tuned,test,test,pooled,1.0,20260507,4,evaluated,,passed,,0.2424138229506531,0.09523154849365054,0.41701188100007525,0.9443299576071597,0.9206706851568444,0.9659325742186546,0.2665868856813565,0.2727272727272727,0.1016839378238342,1566,1544,22,1531,3794,101,101,3895,101,74,0
qwen2.5-vl-7b,qwen2.5-vl-7b,repope,Sphere-Traj-LSTM,proxy_anchor,Diag-kNN-tuned,test,test,pooled,1.0,20260508,32,evaluated,,passed,,0.04099685127950098,0.0149211664388016,0.11177476460628102,0.71938294865756,0.6470201331068808,0.7880322829297438,0.06169055068310117,0.09090909090909091,0.5187823834196891,1566,1544,22,1531,3794,101,101,3895,101,74,0
qwen2.5-vl-7b,qwen2.5-vl-7b,repope,Sphere-Traj-LSTM,proxy_anchor,Diag-kNN-tuned,test,test,pooled,0.5,20260506,32,evaluated,,passed,,0.20240266300821527,0.05997684690345188,0.3741112926790078,0.9085315591144607,0.8671662505299681,0.9471712044857274,0.21420070154641732,0.22727272727272727,0.26878238341968913,1566,1544,22,1531,3794,101,50,3844,50,74,0
qwen2.5-vl-7b,qwen2.5-vl-7b,repope,Sphere-Traj-LSTM,proxy_anchor,Diag-kNN-tuned,test,test,pooled,0.5,20260507,32,evaluated,,passed,,0.07158411606908292,0.02964464396576185,0.15131896612983492,0.7749646726330663,0.659792304521903,0.8734646342218115,0.08818109012027396,0.18181818181818182,0.7862694300518135,1566,1544,22,1531,3794,101,50,3844,50,74,0
qwen2.5-vl-7b,qwen2.5-vl-7b,repope,Sphere-Traj-LSTM,proxy_anchor,Diag-kNN-tuned,test,test,pooled,0.5,20260508,16,evaluated,,passed,,0.12172995789202556,0.04726870557957634,0.25844169103579373,0.8435586434291097,0.7648281707505008,0.9119066628319155,0.15126566123269197,0.18181818181818182,0.5472797927461139,1566,1544,22,1531,3794,101,50,3844,50,74,0
qwen2.5-vl-7b,qwen2.5-vl-7b,repope,Sphere-Traj-LSTM,proxy_anchor,Diag-kNN-tuned,test,test,pooled,0.25,20260506,16,evaluated,,passed,,0.10245934298173626,0.05402154555937124,0.18580183157217514,0.9192769665567594,0.8847949660159686,0.9483667224993662,0.12298887636830741,0.09090909090909091,0.172279792746114,1566,1544,22,1531,3794,101,25,3819,25,74,0
qwen2.5-vl-7b,qwen2.5-vl-7b,repope,Sphere-Traj-LSTM,proxy_anchor,Diag-kNN-tuned,test,test,pooled,0.25,20260507,32,evaluated,,passed,,0.20554874471044746,0.07546986167897347,0.3722109657815993,0.9402378709373529,0.9157380875870224,0.9618642851707306,0.2165475415072926,0.13636363636363635,0.13860103626943004,1566,1544,22,1531,3794,101,25,3819,25,74,0
qwen2.5-vl-7b,qwen2.5-vl-7b,repope,Sphere-Traj-LSTM,proxy_anchor,Diag-kNN-tuned,test,test,pooled,0.25,20260508,8,evaluated,,passed,,0.11455915008219052,0.0604353328753422,0.21457629611476278,0.9218087611869995,0.8836729892189522,0.9546253793830503,0.14216052470782523,0.09090909090909091,0.26878238341968913,1566,1544,22,1531,3794,101,25,3819,25,74,0
qwen2.5-vl-7b,qwen2.5-vl-7b,repope,Sphere-Traj-LSTM,proxy_anchor,Diag-kNN-tuned,test,test,pooled,0.1,20260506,,skipped,ratio 0.1 would leave fewer than 20 hard negatives (10),skipped,ratio 0.1 would leave fewer than 20 hard negatives (10),nan,nan,nan,nan,nan,nan,nan,nan,nan,0,0,0,0,3794,101,0,3794,0,0,0
qwen2.5-vl-7b,qwen2.5-vl-7b,repope,Sphere-Traj-LSTM,proxy_anchor,Diag-kNN-tuned,test,test,pooled,0.1,20260507,,skipped,ratio 0.1 would leave fewer than 20 hard negatives (10),skipped,ratio 0.1 would leave fewer than 20 hard negatives (10),nan,nan,nan,nan,nan,nan,nan,nan,nan,0,0,0,0,3794,101,0,3794,0,0,0
qwen2.5-vl-7b,qwen2.5-vl-7b,repope,Sphere-Traj-LSTM,proxy_anchor,Diag-kNN-tuned,test,test,pooled,0.1,20260508,,skipped,ratio 0.1 would leave fewer than 20 hard negatives (10),skipped,ratio 0.1 would leave fewer than 20 hard negatives (10),nan,nan,nan,nan,nan,nan,nan,nan,nan,0,0,0,0,3794,101,0,3794,0,0,0
