model_alias,dataset_family,objective,negative_budget_ratio,negative_budget_seed,num_bank_correct,embedding_dim,mean_resultant_length,concentration_proxy
llava-onevision-qwen2-7b-ov-hf,repope,proxy_anchor,1.0,20260506,1545,128,0.9523607607659217,1301.3624379098294
llava-onevision-qwen2-7b-ov-hf,pope,proxy_anchor,1.0,20260506,1653,128,0.9251752152959185,816.5904489371811
llava-onevision-qwen2-7b-ov-hf,dash-b,proxy_anchor,1.0,20260506,326,128,0.9443383979487618,1109.1077705467314
llava-onevision-qwen2-7b-ov-hf,repope,proxy_anchor,1.0,20260507,1545,128,0.9634135667231928,1704.2378090066577
llava-onevision-qwen2-7b-ov-hf,pope,proxy_anchor,1.0,20260507,1653,128,0.9335360515723896,923.4973228316067
llava-onevision-qwen2-7b-ov-hf,dash-b,proxy_anchor,1.0,20260507,326,128,0.9230473118260901,793.084888007173
llava-onevision-qwen2-7b-ov-hf,repope,proxy_anchor,1.0,20260508,1545,128,0.9470503282502066,1167.585619790637
llava-onevision-qwen2-7b-ov-hf,pope,proxy_anchor,1.0,20260508,1653,128,0.9216261418921564,778.0958379312244
llava-onevision-qwen2-7b-ov-hf,dash-b,proxy_anchor,1.0,20260508,326,128,0.937000911266828,976.1054502441832
llava-onevision-qwen2-7b-ov-hf,repope,proxy_anchor,0.5,20260506,1545,128,0.9638491628744446,1725.1585621945067
llava-onevision-qwen2-7b-ov-hf,pope,proxy_anchor,0.5,20260506,1653,128,0.9414893755625301,1053.5076246536469
llava-onevision-qwen2-7b-ov-hf,dash-b,proxy_anchor,0.5,20260506,326,128,0.9448929397470743,1120.5977210392132
llava-onevision-qwen2-7b-ov-hf,repope,proxy_anchor,0.5,20260507,1545,128,0.9494858374821635,1225.449996283103
llava-onevision-qwen2-7b-ov-hf,pope,proxy_anchor,0.5,20260507,1653,128,0.9274072975159886,842.7251682677228
llava-onevision-qwen2-7b-ov-hf,dash-b,proxy_anchor,0.5,20260507,326,128,0.970002399683571,2085.5725303439854
llava-onevision-qwen2-7b-ov-hf,repope,proxy_anchor,0.5,20260508,1545,128,0.9674328052447316,1918.506721874901
llava-onevision-qwen2-7b-ov-hf,pope,proxy_anchor,0.5,20260508,1653,128,0.9557570027223683,1403.742893674426
llava-onevision-qwen2-7b-ov-hf,dash-b,proxy_anchor,0.5,20260508,326,128,0.9777926627842752,2828.2866014225433
llava-onevision-qwen2-7b-ov-hf,repope,proxy_anchor,0.25,20260506,1545,128,0.9516409195587751,1281.508537990705
llava-onevision-qwen2-7b-ov-hf,pope,proxy_anchor,0.25,20260506,1653,128,0.9372299418919383,979.7872904755199
llava-onevision-qwen2-7b-ov-hf,dash-b,proxy_anchor,0.25,20260506,326,128,0.9719411815287231,2231.8733026804593
llava-onevision-qwen2-7b-ov-hf,repope,proxy_anchor,0.25,20260507,1545,128,0.9740596561499709,2416.7312201108643
llava-onevision-qwen2-7b-ov-hf,pope,proxy_anchor,0.25,20260507,1653,128,0.9631761409880236,1693.043091840932
llava-onevision-qwen2-7b-ov-hf,dash-b,proxy_anchor,0.25,20260507,326,128,0.9720358559612592,2239.5368264951694
llava-onevision-qwen2-7b-ov-hf,repope,proxy_anchor,0.25,20260508,1545,128,0.9788781488050424,2975.255265911313
llava-onevision-qwen2-7b-ov-hf,pope,proxy_anchor,0.25,20260508,1653,128,0.9544392971580542,1362.2092634421958
llava-onevision-qwen2-7b-ov-hf,dash-b,proxy_anchor,0.25,20260508,326,128,0.9013714046308422,611.3339321023313
qwen3-vl-8b,repope,proxy_anchor,1.0,20260506,1542,128,0.9763375849398476,2652.426883579303
qwen3-vl-8b,pope,proxy_anchor,1.0,20260506,1609,128,0.9728347685498069,2306.3324541953434
qwen3-vl-8b,dash-b,proxy_anchor,1.0,20260506,381,128,0.9941072890216018,10745.175144742152
qwen3-vl-8b,repope,proxy_anchor,1.0,20260507,1542,128,0.8974461730019033,586.6184455402358
qwen3-vl-8b,pope,proxy_anchor,1.0,20260507,1609,128,0.8877378333593927,532.8898422458843
qwen3-vl-8b,dash-b,proxy_anchor,1.0,20260507,381,128,0.9774224196722251,2781.3895074582774
qwen3-vl-8b,repope,proxy_anchor,1.0,20260508,1542,128,0.9255185616626668,820.5087981340114
qwen3-vl-8b,pope,proxy_anchor,1.0,20260508,1609,128,0.9192305094289904,754.0210010294143
qwen3-vl-8b,dash-b,proxy_anchor,1.0,20260508,381,128,0.9851170810688644,4235.633234158941
qwen3-vl-8b,repope,proxy_anchor,0.5,20260506,1542,128,0.9508633413665061,1260.715337353302
qwen3-vl-8b,pope,proxy_anchor,0.5,20260506,1609,128,0.9430989316737727,1084.2353595870613
qwen3-vl-8b,dash-b,proxy_anchor,0.5,20260506,381,128,0.9851405220941077,4242.364310952008
qwen3-vl-8b,repope,proxy_anchor,0.5,20260507,1542,128,0.9819626972220536,3489.4250279928524
qwen3-vl-8b,pope,proxy_anchor,0.5,20260507,1609,128,0.9817363156389547,3445.784147314919
qwen3-vl-8b,dash-b,proxy_anchor,0.5,20260507,381,128,0.9956192755011566,14464.49513676709
qwen3-vl-8b,repope,proxy_anchor,0.5,20260508,1542,128,0.9556296523867494,1399.6212284500234
qwen3-vl-8b,pope,proxy_anchor,0.5,20260508,1609,128,0.9444459890124146,1111.3191078979662
qwen3-vl-8b,dash-b,proxy_anchor,0.5,20260508,381,128,0.9847255238269247,4126.252418690186
qwen3-vl-8b,repope,proxy_anchor,0.25,20260506,1542,128,0.9704050907917575,2114.3828199957893
qwen3-vl-8b,pope,proxy_anchor,0.25,20260506,1609,128,0.9635718297079454,1711.780995888054
qwen3-vl-8b,dash-b,proxy_anchor,0.25,20260506,381,128,0.9871514399488576,4911.2199160328255
qwen3-vl-8b,repope,proxy_anchor,0.25,20260507,1542,128,0.9854128443661113,4322.146892750474
qwen3-vl-8b,pope,proxy_anchor,0.25,20260507,1609,128,0.9836864531752495,3861.443093465534
qwen3-vl-8b,dash-b,proxy_anchor,0.25,20260507,381,128,0.9964106946757418,17660.63495981696
qwen3-vl-8b,repope,proxy_anchor,0.25,20260508,1542,128,0.9590656825224363,1519.811290385374
qwen3-vl-8b,pope,proxy_anchor,0.25,20260508,1609,128,0.9495064806563295,1225.964288798829
qwen3-vl-8b,dash-b,proxy_anchor,0.25,20260508,381,128,0.9714892809350916,2195.994832725761
internvl3.5-8b,repope,proxy_anchor,1.0,20260506,1496,128,0.8960576658837419,578.3211784633785
internvl3.5-8b,pope,proxy_anchor,1.0,20260506,1620,128,0.8708036020644996,458.42794165003943
internvl3.5-8b,dash-b,proxy_anchor,1.0,20260506,361,128,0.9240810530960579,804.3396593765158
internvl3.5-8b,repope,proxy_anchor,1.0,20260507,1496,128,0.796287530030278,277.1594578574633
internvl3.5-8b,pope,proxy_anchor,1.0,20260507,1620,128,0.7563876375206211,225.26264393322447
internvl3.5-8b,dash-b,proxy_anchor,1.0,20260507,361,128,0.8453532998902975,377.0479510538685
internvl3.5-8b,repope,proxy_anchor,1.0,20260508,1496,128,0.9206081433101877,767.6883055943695
internvl3.5-8b,pope,proxy_anchor,1.0,20260508,1620,128,0.9068109718495537,649.0158258854226
internvl3.5-8b,dash-b,proxy_anchor,1.0,20260508,361,128,0.9622061818531442,1648.7696297904556
internvl3.5-8b,repope,proxy_anchor,0.5,20260506,1496,128,0.9606316596100405,1581.544329458998
internvl3.5-8b,pope,proxy_anchor,0.5,20260506,1620,128,0.9507686612507745,1258.2283261452671
internvl3.5-8b,dash-b,proxy_anchor,0.5,20260506,361,128,0.9696469069610654,2060.774162568947
internvl3.5-8b,repope,proxy_anchor,0.5,20260507,1496,128,0.9258621468843056,824.46614449009
internvl3.5-8b,pope,proxy_anchor,0.5,20260507,1620,128,0.8969131570936711,583.4069699451209
internvl3.5-8b,dash-b,proxy_anchor,0.5,20260507,361,128,0.8807328193268578,499.5353499648225
internvl3.5-8b,repope,proxy_anchor,0.5,20260508,1496,128,0.9343158883493867,934.8544222958476
internvl3.5-8b,pope,proxy_anchor,0.5,20260508,1620,128,0.9157700011459412,721.6580023211383
internvl3.5-8b,dash-b,proxy_anchor,0.5,20260508,361,128,0.9313077024184118,892.4642613066271
internvl3.5-8b,repope,proxy_anchor,0.25,20260506,1496,128,0.953916312031959,1346.3829965937766
internvl3.5-8b,pope,proxy_anchor,0.25,20260506,1620,128,0.9319584245789694,901.3166918310777
internvl3.5-8b,dash-b,proxy_anchor,0.25,20260506,361,128,0.953952449122158,1347.465000848384
internvl3.5-8b,repope,proxy_anchor,0.25,20260507,1496,128,0.9573889392698662,1458.739617189122
internvl3.5-8b,pope,proxy_anchor,0.25,20260507,1620,128,0.9429588684593174,1081.492619552341
internvl3.5-8b,dash-b,proxy_anchor,0.25,20260507,361,128,0.9465493265351921,1156.335943829107
internvl3.5-8b,repope,proxy_anchor,0.25,20260508,1496,128,0.9625690124832432,1665.0623948687683
internvl3.5-8b,pope,proxy_anchor,0.25,20260508,1620,128,0.9535680010987613,1336.0402892850361
internvl3.5-8b,dash-b,proxy_anchor,0.25,20260508,361,128,0.9658027998597021,1825.5406418837545
internvl3.5-8b,repope,proxy_anchor,0.1,20260506,1496,128,0.9671515654222124,1901.8080145227711
internvl3.5-8b,pope,proxy_anchor,0.1,20260506,1620,128,0.9607527387388664,1586.5225212937407
internvl3.5-8b,dash-b,proxy_anchor,0.1,20260506,361,128,0.9827514269999119,3650.4205163194647
internvl3.5-8b,repope,proxy_anchor,0.1,20260507,1496,128,0.9537996633597138,1342.9018857474668
internvl3.5-8b,pope,proxy_anchor,0.1,20260507,1620,128,0.9233922285808486,796.8064330577396
internvl3.5-8b,dash-b,proxy_anchor,0.1,20260507,361,128,0.8528980573224428,398.2556882317688
internvl3.5-8b,repope,proxy_anchor,0.1,20260508,1496,128,0.9676400188381963,1930.9957537972184
internvl3.5-8b,pope,proxy_anchor,0.1,20260508,1620,128,0.9550181741060293,1380.1557471420565
internvl3.5-8b,dash-b,proxy_anchor,0.1,20260508,361,128,0.916931633102974,732.2216576433556
minicpm-v-2_6,repope,proxy_anchor,1.0,20260506,1529,128,0.8479415702964466,384.08801220191174
minicpm-v-2_6,pope,proxy_anchor,1.0,20260506,1582,128,0.8365811261336512,354.833476333952
minicpm-v-2_6,dash-b,proxy_anchor,1.0,20260506,394,128,0.9234053017803615,796.9481469527045
minicpm-v-2_6,repope,proxy_anchor,1.0,20260507,1529,128,0.9336062253409902,924.5083840861873
minicpm-v-2_6,pope,proxy_anchor,1.0,20260507,1582,128,0.9240658823238772,804.1722771246009
minicpm-v-2_6,dash-b,proxy_anchor,1.0,20260507,394,128,0.9548249884373573,1374.115453850956
minicpm-v-2_6,repope,proxy_anchor,1.0,20260508,1529,128,0.9472546726288803,1172.2353530318028
minicpm-v-2_6,pope,proxy_anchor,1.0,20260508,1582,128,0.9416209663518417,1055.9562608935141
minicpm-v-2_6,dash-b,proxy_anchor,1.0,20260508,394,128,0.956620371267544,1432.3234355323673
minicpm-v-2_6,repope,proxy_anchor,0.5,20260506,1529,128,0.8852441881775898,520.5514853546638
minicpm-v-2_6,pope,proxy_anchor,0.5,20260506,1582,128,0.8814226954545813,502.6459986033019
minicpm-v-2_6,dash-b,proxy_anchor,0.5,20260506,394,128,0.9748904894341742,2497.7434606167944
minicpm-v-2_6,repope,proxy_anchor,0.5,20260507,1529,128,0.9723800733282413,2267.84253066912
minicpm-v-2_6,pope,proxy_anchor,0.5,20260507,1582,128,0.9713244407466747,2183.1888267532413
minicpm-v-2_6,dash-b,proxy_anchor,0.5,20260507,394,128,0.9934604166066741,9679.237972448214
minicpm-v-2_6,repope,proxy_anchor,0.5,20260508,1529,128,0.9270032650115367,837.8762038554269
minicpm-v-2_6,pope,proxy_anchor,0.5,20260508,1582,128,0.921087608250082,772.5567362845204
minicpm-v-2_6,dash-b,proxy_anchor,0.5,20260508,394,128,0.9498554126756887,1234.7214094596077
minicpm-v-2_6,repope,proxy_anchor,0.25,20260506,1529,128,0.9006696334341854,606.7722299537816
minicpm-v-2_6,pope,proxy_anchor,0.25,20260506,1582,128,0.8979007772393,589.383891704586
minicpm-v-2_6,dash-b,proxy_anchor,0.25,20260506,394,128,0.9782764671324564,2891.976915947969
minicpm-v-2_6,repope,proxy_anchor,0.25,20260507,1529,128,0.9489230902314216,1211.5900421855297
minicpm-v-2_6,pope,proxy_anchor,0.25,20260507,1582,128,0.9467630764746473,1161.109686819795
minicpm-v-2_6,dash-b,proxy_anchor,0.25,20260507,394,128,0.9854933400978786,4346.30335279566
minicpm-v-2_6,repope,proxy_anchor,0.25,20260508,1529,128,0.9098151936260288,671.7702584874605
minicpm-v-2_6,pope,proxy_anchor,0.25,20260508,1582,128,0.9010799084928823,609.4312933302411
minicpm-v-2_6,dash-b,proxy_anchor,0.25,20260508,394,128,0.9436228142576076,1094.6148141176304
gemma-3-12b-it,repope,proxy_anchor,1.0,20260506,1443,128,0.7703820146909132,241.44869858154848
gemma-3-12b-it,pope,proxy_anchor,1.0,20260506,1543,128,0.7646597931516567,234.60253412997253
gemma-3-12b-it,dash-b,proxy_anchor,1.0,20260506,326,128,0.9177239792219611,739.5978636101886
gemma-3-12b-it,repope,proxy_anchor,1.0,20260507,1443,128,0.9463411953534847,1151.7242024183147
gemma-3-12b-it,pope,proxy_anchor,1.0,20260507,1543,128,0.9360013540787854,960.3449301502702
gemma-3-12b-it,dash-b,proxy_anchor,1.0,20260507,326,128,0.9634970005107361,1708.2063110942108
gemma-3-12b-it,repope,proxy_anchor,1.0,20260508,1443,128,0.8915188126636566,552.6755630481217
gemma-3-12b-it,pope,proxy_anchor,1.0,20260508,1543,128,0.8827313562293543,508.6468599779585
gemma-3-12b-it,dash-b,proxy_anchor,1.0,20260508,326,128,0.9499147452337426,1236.222603390107
gemma-3-12b-it,repope,proxy_anchor,0.5,20260506,1443,128,0.898791692891905,594.8753247774824
gemma-3-12b-it,pope,proxy_anchor,0.5,20260506,1543,128,0.8841594022059419,515.3491883280825
gemma-3-12b-it,dash-b,proxy_anchor,0.5,20260506,326,128,0.943509435776234,1092.3521878791607
gemma-3-12b-it,repope,proxy_anchor,0.5,20260507,1443,128,0.9617419492501026,1628.3739238203123
gemma-3-12b-it,pope,proxy_anchor,0.5,20260507,1543,128,0.9552744163876525,1388.2480789779602
gemma-3-12b-it,dash-b,proxy_anchor,0.5,20260507,326,128,0.9714519067717061,2193.0783699940575
gemma-3-12b-it,repope,proxy_anchor,0.5,20260508,1443,128,0.9240377887161941,803.8624908071146
gemma-3-12b-it,pope,proxy_anchor,0.5,20260508,1543,128,0.9140756368532955,706.7608547916874
gemma-3-12b-it,dash-b,proxy_anchor,0.5,20260508,326,128,0.9531151442760599,1322.8228515824048
gemma-3-12b-it,repope,proxy_anchor,0.25,20260506,1443,128,0.9349731027080677,944.6369684449951
gemma-3-12b-it,pope,proxy_anchor,0.25,20260506,1543,128,0.9173945621213376,736.5140627097827
gemma-3-12b-it,dash-b,proxy_anchor,0.25,20260506,326,128,0.9722431917608623,2256.502415304017
gemma-3-12b-it,repope,proxy_anchor,0.25,20260507,1443,128,0.9222264103338836,784.3601524524097
gemma-3-12b-it,pope,proxy_anchor,0.25,20260507,1543,128,0.9073682620766549,653.125610033881
gemma-3-12b-it,dash-b,proxy_anchor,0.25,20260507,326,128,0.9697578029120548,2068.4474619145562
gemma-3-12b-it,repope,proxy_anchor,0.25,20260508,1443,128,0.959107273839637,1521.3897867920225
gemma-3-12b-it,pope,proxy_anchor,0.25,20260508,1543,128,0.9533896408300873,1330.803886590376
gemma-3-12b-it,dash-b,proxy_anchor,0.25,20260508,326,128,0.9720563262708558,2241.20064405149
gemma-3-12b-it,repope,proxy_anchor,0.1,20260506,1443,128,0.9819222850670722,3481.554409070716
gemma-3-12b-it,pope,proxy_anchor,0.1,20260506,1543,128,0.9787058700725825,2950.9295027900052
gemma-3-12b-it,dash-b,proxy_anchor,0.1,20260506,326,128,0.9916893435166985,7609.901499276801
gemma-3-12b-it,repope,proxy_anchor,0.1,20260507,1443,128,0.9810200203116025,3314.5573821629405
gemma-3-12b-it,pope,proxy_anchor,0.1,20260507,1543,128,0.9791999721936703,3021.7760635150084
gemma-3-12b-it,dash-b,proxy_anchor,0.1,20260507,326,128,0.9906205323946627,6739.198095469851
gemma-3-12b-it,repope,proxy_anchor,0.1,20260508,1443,128,0.9859221774285096,4479.6515909744985
gemma-3-12b-it,pope,proxy_anchor,0.1,20260508,1543,128,0.9847274113266823,4126.766236274731
gemma-3-12b-it,dash-b,proxy_anchor,0.1,20260508,326,128,0.992952641654232,8979.599125904146
gemma-4-12b-it,repope,proxy_anchor,1.0,20260506,1138,128,0.930298527823464,879.0619358541488
gemma-4-12b-it,pope,proxy_anchor,1.0,20260506,1180,128,0.921651306904513,778.3565321454682
gemma-4-12b-it,dash-b,proxy_anchor,1.0,20260506,397,128,0.998957136874488,60859.29403831149
gemma-4-12b-it,repope,proxy_anchor,1.0,20260507,1138,128,0.9533620786351196,1329.9982705620175
gemma-4-12b-it,pope,proxy_anchor,1.0,20260507,1180,128,0.9423861763422796,1070.4166801200877
gemma-4-12b-it,dash-b,proxy_anchor,1.0,20260507,397,128,0.999218133784915,81185.17729692304
gemma-4-12b-it,repope,proxy_anchor,1.0,20260508,1138,128,0.96121376178049,1605.7619260715924
gemma-4-12b-it,pope,proxy_anchor,1.0,20260508,1180,128,0.9515078335894278,1277.9024217326
gemma-4-12b-it,dash-b,proxy_anchor,1.0,20260508,397,128,0.9995259383146403,133918.05490834056
gemma-4-12b-it,repope,proxy_anchor,0.5,20260506,1138,128,0.9521895945598324,1296.5873702751069
gemma-4-12b-it,pope,proxy_anchor,0.5,20260506,1180,128,0.9464348812088407,1153.7956488068126
gemma-4-12b-it,dash-b,proxy_anchor,0.5,20260506,397,128,0.9976465462827602,26950.832839272513
gemma-4-12b-it,repope,proxy_anchor,0.5,20260507,1138,128,0.942847217482815,1079.3158727233397
gemma-4-12b-it,pope,proxy_anchor,0.5,20260507,1180,128,0.9391971696688517,1012.5529655770204
gemma-4-12b-it,dash-b,proxy_anchor,0.5,20260507,397,128,0.9980337605355107,32264.36758157032
gemma-4-12b-it,repope,proxy_anchor,0.5,20260508,1138,128,0.9985385314229218,43418.67130675496
gemma-4-12b-it,pope,proxy_anchor,0.5,20260508,1180,128,0.9981504787020616,34302.42707436762
gemma-4-12b-it,dash-b,proxy_anchor,0.5,20260508,397,128,0.999924283550542,838624.5271266312
qwen3.5-4b,repope,proxy_anchor,1.0,20260506,1548,128,0.8879876899168462,534.1562705084086
qwen3.5-4b,pope,proxy_anchor,1.0,20260506,1622,128,0.8670790920454736,444.5844389837328
qwen3.5-4b,dash-b,proxy_anchor,1.0,20260506,361,128,0.9555115147795966,1395.8188175073967
qwen3.5-4b,repope,proxy_anchor,1.0,20260507,1548,128,0.8010950320551157,284.79269908674183
qwen3.5-4b,pope,proxy_anchor,1.0,20260507,1622,128,0.7893686444006963,266.7765740073439
qwen3.5-4b,dash-b,proxy_anchor,1.0,20260507,361,128,0.9550219363820235,1380.273896183032
qwen3.5-4b,repope,proxy_anchor,1.0,20260508,1548,128,0.9489447194780952,1212.1171090604928
qwen3.5-4b,pope,proxy_anchor,1.0,20260508,1622,128,0.9354731549125247,952.2135025239281
qwen3.5-4b,dash-b,proxy_anchor,1.0,20260508,361,128,0.9565526031339832,1430.0390136945823
qwen3.5-4b,repope,proxy_anchor,0.5,20260506,1548,128,0.9425589062479584,1073.7340600987739
qwen3.5-4b,pope,proxy_anchor,0.5,20260506,1622,128,0.9331195338413967,917.5397640845845
qwen3.5-4b,dash-b,proxy_anchor,0.5,20260506,361,128,0.9798475036150931,3119.881060039699
qwen3.5-4b,repope,proxy_anchor,0.5,20260507,1548,128,0.9717797219545187,2218.922380059098
qwen3.5-4b,pope,proxy_anchor,0.5,20260507,1622,128,0.9660527060831879,1839.2145750920258
qwen3.5-4b,dash-b,proxy_anchor,0.5,20260507,361,128,0.9907097035883106,6804.181235472342
qwen3.5-4b,repope,proxy_anchor,0.5,20260508,1548,128,0.9695010799080818,2050.768764619645
qwen3.5-4b,pope,proxy_anchor,0.5,20260508,1622,128,0.9622441540893967,1650.4600925252887
qwen3.5-4b,dash-b,proxy_anchor,0.5,20260508,361,128,0.98451426668808,4069.5352274016514
qwen3.5-4b,repope,proxy_anchor,0.25,20260506,1548,128,0.9431345587580112,1084.9351682352367
qwen3.5-4b,pope,proxy_anchor,0.25,20260506,1622,128,0.9296418346259859,870.546934954323
qwen3.5-4b,dash-b,proxy_anchor,0.25,20260506,361,128,0.9713095166600246,2182.036676060708
qwen3.5-4b,repope,proxy_anchor,0.25,20260507,1548,128,0.9570393113806881,1446.6055549552086
qwen3.5-4b,pope,proxy_anchor,0.25,20260507,1622,128,0.9547027625257968,1370.3204386233422
qwen3.5-4b,dash-b,proxy_anchor,0.25,20260507,361,128,0.9958671541859156,15333.8955887925
qwen3.5-4b,repope,proxy_anchor,0.25,20260508,1548,128,0.9545007929332074,1364.0941036899574
qwen3.5-4b,pope,proxy_anchor,0.25,20260508,1622,128,0.9342370793062627,933.6944730695251
qwen3.5-4b,dash-b,proxy_anchor,0.25,20260508,361,128,0.9688866808989669,2009.6437392677165
qwen3.5-9b,repope,proxy_anchor,1.0,20260506,1554,128,0.925679836434081,822.3617797575905
qwen3.5-9b,pope,proxy_anchor,1.0,20260506,1642,128,0.8884078321970552,536.2985482462425
qwen3.5-9b,dash-b,proxy_anchor,1.0,20260506,349,128,0.9718236139614669,2222.428339067514
qwen3.5-9b,repope,proxy_anchor,1.0,20260507,1554,128,0.9732415583004262,2341.8755748720687
qwen3.5-9b,pope,proxy_anchor,1.0,20260507,1642,128,0.9639275686896611,1728.9778638165722
qwen3.5-9b,dash-b,proxy_anchor,1.0,20260507,349,128,0.9862638339978808,4591.849585843452
qwen3.5-9b,repope,proxy_anchor,1.0,20260508,1554,128,0.9896274655258885,6091.010856222561
qwen3.5-9b,pope,proxy_anchor,1.0,20260508,1642,128,0.9876783872610728,5122.587018951854
qwen3.5-9b,dash-b,proxy_anchor,1.0,20260508,349,128,0.9972820085092264,23332.043957329555
qwen3.5-9b,repope,proxy_anchor,0.5,20260506,1554,128,0.9686584124977381,1994.7752069066744
qwen3.5-9b,pope,proxy_anchor,0.5,20260506,1642,128,0.9514859618302772,1277.3116731286545
qwen3.5-9b,dash-b,proxy_anchor,0.5,20260506,349,128,0.9888475586672927,5662.881391799978
qwen3.5-9b,repope,proxy_anchor,0.5,20260507,1554,128,0.9597042011572493,1544.4035143953536
qwen3.5-9b,pope,proxy_anchor,0.5,20260507,1642,128,0.9542283323055697,1355.7816760057417
qwen3.5-9b,dash-b,proxy_anchor,0.5,20260507,349,128,0.988081456191221,5296.879815974344
qwen3.5-9b,repope,proxy_anchor,0.5,20260508,1554,128,0.9430404270188296,1083.088073292635
qwen3.5-9b,pope,proxy_anchor,0.5,20260508,1642,128,0.9238636415568365,801.9472740234353
qwen3.5-9b,dash-b,proxy_anchor,0.5,20260508,349,128,0.9854555015678946,4334.914853758072
qwen3.5-9b,repope,proxy_anchor,0.25,20260506,1554,128,0.9902707546221822,6495.798856665233
qwen3.5-9b,pope,proxy_anchor,0.25,20260506,1642,128,0.9885265223532095,5503.55864297227
qwen3.5-9b,dash-b,proxy_anchor,0.25,20260506,349,128,0.9960772219766281,16156.691518719905
qwen3.5-9b,repope,proxy_anchor,0.25,20260507,1554,128,0.9796074734451036,3082.7883968984797
qwen3.5-9b,pope,proxy_anchor,0.25,20260507,1642,128,0.9705568343860967,2125.4436059749596
qwen3.5-9b,dash-b,proxy_anchor,0.25,20260507,349,128,0.9856238863053532,4386.054846814409
qwen3.5-9b,repope,proxy_anchor,0.25,20260508,1554,128,0.9719477637913609,2232.404438202505
qwen3.5-9b,pope,proxy_anchor,0.25,20260508,1642,128,0.9659892911361778,1835.725726551423
qwen3.5-9b,dash-b,proxy_anchor,0.25,20260508,349,128,0.982378577819315,3572.518544313889
phi-4-multimodal-instruct,repope,proxy_anchor,1.0,20260506,1496,128,0.9522405567026277,1298.0054983488074
phi-4-multimodal-instruct,pope,proxy_anchor,1.0,20260506,1572,128,0.9467472716629036,1160.7554021445817
phi-4-multimodal-instruct,dash-b,proxy_anchor,1.0,20260506,305,128,0.9615342860032909,1619.409696788713
phi-4-multimodal-instruct,repope,proxy_anchor,1.0,20260507,1496,128,0.9766563524419097,2689.077827074386
phi-4-multimodal-instruct,pope,proxy_anchor,1.0,20260507,1572,128,0.9731177228693979,2330.9416289377746
phi-4-multimodal-instruct,dash-b,proxy_anchor,1.0,20260507,305,128,0.9770086183322171,2730.7622545594354
phi-4-multimodal-instruct,repope,proxy_anchor,1.0,20260508,1496,128,0.9402859064691749,1031.6137019049957
phi-4-multimodal-instruct,pope,proxy_anchor,1.0,20260508,1572,128,0.9315062962434026,895.1481242280936
phi-4-multimodal-instruct,dash-b,proxy_anchor,1.0,20260508,305,128,0.9326454348569078,910.8481555564588
phi-4-multimodal-instruct,repope,proxy_anchor,0.5,20260506,1496,128,0.913902940535682,705.2753338133425
phi-4-multimodal-instruct,pope,proxy_anchor,0.5,20260506,1572,128,0.9007460824584262,607.2660477973558
phi-4-multimodal-instruct,dash-b,proxy_anchor,0.5,20260506,305,128,0.9349518769331342,944.3179404890061
phi-4-multimodal-instruct,repope,proxy_anchor,0.5,20260507,1496,128,0.9750891488496751,2517.914579068325
phi-4-multimodal-instruct,pope,proxy_anchor,0.5,20260507,1572,128,0.9709573613631933,2155.1935655163375
phi-4-multimodal-instruct,dash-b,proxy_anchor,0.5,20260507,305,128,0.9802472033198927,3183.648197617272
phi-4-multimodal-instruct,repope,proxy_anchor,0.5,20260508,1496,128,0.9779518535401831,2848.9347301841112
phi-4-multimodal-instruct,pope,proxy_anchor,0.5,20260508,1572,128,0.9694506887574705,2047.333558557493
phi-4-multimodal-instruct,dash-b,proxy_anchor,0.5,20260508,305,128,0.9580217814410696,1481.216581690144
phi-4-multimodal-instruct,repope,proxy_anchor,0.25,20260506,1496,128,0.9614167554440554,1614.3789827947935
phi-4-multimodal-instruct,pope,proxy_anchor,0.25,20260506,1572,128,0.9581261282530378,1484.9879319433617
phi-4-multimodal-instruct,dash-b,proxy_anchor,0.25,20260506,305,128,0.9848442685196249,4158.826472489897
phi-4-multimodal-instruct,repope,proxy_anchor,0.25,20260507,1496,128,0.9803328294731051,3197.645855000925
phi-4-multimodal-instruct,pope,proxy_anchor,0.25,20260507,1572,128,0.976127414476752,2628.797436775477
phi-4-multimodal-instruct,dash-b,proxy_anchor,0.25,20260507,305,128,0.9862420312737342,4584.523251534488
phi-4-multimodal-instruct,repope,proxy_anchor,0.25,20260508,1496,128,0.813089367679585,305.5245473572867
phi-4-multimodal-instruct,pope,proxy_anchor,0.25,20260508,1572,128,0.7962940266572123,277.16953343984613
phi-4-multimodal-instruct,dash-b,proxy_anchor,0.25,20260508,305,128,0.8679509512955367,447.75540176066306
phi-3.5-vision-instruct,repope,proxy_anchor,1.0,20260506,1475,128,0.9716392408708713,2207.774114486908
phi-3.5-vision-instruct,pope,proxy_anchor,1.0,20260506,1545,128,0.9637834951262897,1721.9724774836402
phi-3.5-vision-instruct,dash-b,proxy_anchor,1.0,20260506,334,128,0.9410571213975153,1045.5411227280324
phi-3.5-vision-instruct,repope,proxy_anchor,1.0,20260507,1475,128,0.914112347498633,707.0774052673228
phi-3.5-vision-instruct,pope,proxy_anchor,1.0,20260507,1545,128,0.8962477004147471,579.4436886293612
phi-3.5-vision-instruct,dash-b,proxy_anchor,1.0,20260507,334,128,0.8895049867629444,541.9693879607537
phi-3.5-vision-instruct,repope,proxy_anchor,1.0,20260508,1475,128,0.9162981868243667,726.4249461577136
phi-3.5-vision-instruct,pope,proxy_anchor,1.0,20260508,1545,128,0.8978199417509491,588.890360717725
phi-3.5-vision-instruct,dash-b,proxy_anchor,1.0,20260508,334,128,0.8374210618740963,356.8576110438474
phi-3.5-vision-instruct,repope,proxy_anchor,0.5,20260506,1475,128,0.942229582919644,1067.4263387159972
phi-3.5-vision-instruct,pope,proxy_anchor,0.5,20260506,1545,128,0.9273715232515818,842.2936526864063
phi-3.5-vision-instruct,dash-b,proxy_anchor,0.5,20260506,334,128,0.9218914693376873,780.8529046818358
phi-3.5-vision-instruct,repope,proxy_anchor,0.5,20260507,1475,128,0.9760855821343932,2624.1437834335366
phi-3.5-vision-instruct,pope,proxy_anchor,0.5,20260507,1545,128,0.9723288900436471,2263.589061231939
phi-3.5-vision-instruct,dash-b,proxy_anchor,0.5,20260507,334,128,0.9825517321949598,3608.2828664661015
phi-3.5-vision-instruct,repope,proxy_anchor,0.5,20260508,1475,128,0.9533486698361452,1329.6066884616516
phi-3.5-vision-instruct,pope,proxy_anchor,0.5,20260508,1545,128,0.9384693142530539,1000.186064914518
phi-3.5-vision-instruct,dash-b,proxy_anchor,0.5,20260508,334,128,0.8730906132345314,467.3289007560337
phi-3.5-vision-instruct,repope,proxy_anchor,0.25,20260506,1475,128,0.9589419046664908,1515.132517418662
phi-3.5-vision-instruct,pope,proxy_anchor,0.25,20260506,1545,128,0.949246466715276,1219.516976079117
phi-3.5-vision-instruct,dash-b,proxy_anchor,0.25,20260506,334,128,0.9508477207409941,1260.3043628429991
phi-3.5-vision-instruct,repope,proxy_anchor,0.25,20260507,1475,128,0.9885112517163079,5496.202020546162
phi-3.5-vision-instruct,pope,proxy_anchor,0.25,20260507,1545,128,0.9829526638730546,3693.8821532932566
phi-3.5-vision-instruct,dash-b,proxy_anchor,0.25,20260507,334,128,0.9714846138649796,2195.6302240369323
phi-3.5-vision-instruct,repope,proxy_anchor,0.25,20260508,1475,128,0.9575464434744952,1464.2711667440453
phi-3.5-vision-instruct,pope,proxy_anchor,0.25,20260508,1545,128,0.9450881108150593,1124.6967734312277
phi-3.5-vision-instruct,dash-b,proxy_anchor,0.25,20260508,334,128,0.9448676973072196,1120.0696879602183
gemma-3-4b-it,repope,proxy_anchor,1.0,20260506,1438,128,0.8897888422599366,543.4548596907908
gemma-3-4b-it,pope,proxy_anchor,1.0,20260506,1538,128,0.8792314049837923,492.8877674768624
gemma-3-4b-it,dash-b,proxy_anchor,1.0,20260506,305,128,0.9453020382111563,1129.223327717407
gemma-3-4b-it,repope,proxy_anchor,1.0,20260507,1438,128,0.8946703318530939,570.2486837186256
gemma-3-4b-it,pope,proxy_anchor,1.0,20260507,1538,128,0.8833722546889136,511.63460980126433
gemma-3-4b-it,dash-b,proxy_anchor,1.0,20260507,305,128,0.9430121014446979,1082.533449493572
gemma-3-4b-it,repope,proxy_anchor,1.0,20260508,1438,128,0.9637653911904223,1721.0961360472238
gemma-3-4b-it,pope,proxy_anchor,1.0,20260508,1538,128,0.9609031173786189,1592.7482783500461
gemma-3-4b-it,dash-b,proxy_anchor,1.0,20260508,305,128,0.9873258583679064,4979.236071146133
gemma-3-4b-it,repope,proxy_anchor,0.5,20260506,1438,128,0.9679174157026111,1947.9672915147057
gemma-3-4b-it,pope,proxy_anchor,0.5,20260506,1538,128,0.9650497374531886,1785.5179565549224
gemma-3-4b-it,dash-b,proxy_anchor,0.5,20260506,305,128,0.9875428188290452,5066.499931808345
gemma-3-4b-it,repope,proxy_anchor,0.5,20260507,1438,128,0.9401097261285836,1028.482328467021
gemma-3-4b-it,pope,proxy_anchor,0.5,20260507,1538,128,0.9343697054636868,935.6481270251933
gemma-3-4b-it,dash-b,proxy_anchor,0.5,20260507,305,128,0.9650698034142985,1786.5620223034305
gemma-3-4b-it,repope,proxy_anchor,0.5,20260508,1438,128,0.9069446073632416,649.9968573587389
gemma-3-4b-it,pope,proxy_anchor,0.5,20260508,1538,128,0.8936227518482985,564.2921715356487
gemma-3-4b-it,dash-b,proxy_anchor,0.5,20260508,305,128,0.9348844935926609,943.3065309086046
gemma-3-4b-it,repope,proxy_anchor,0.25,20260506,1438,128,0.9575681400420473,1465.036366868772
gemma-3-4b-it,pope,proxy_anchor,0.25,20260506,1538,128,0.9522850424483614,1299.2458818222578
gemma-3-4b-it,dash-b,proxy_anchor,0.25,20260506,305,128,0.9826911547851911,3637.600026064705
gemma-3-4b-it,repope,proxy_anchor,0.25,20260507,1438,128,0.9553117152370183,1389.4337388041406
gemma-3-4b-it,pope,proxy_anchor,0.25,20260507,1538,128,0.9502538697533897,1244.8715896075155
gemma-3-4b-it,dash-b,proxy_anchor,0.25,20260507,305,128,0.9834746269688238,3811.5448396723173
gemma-3-4b-it,repope,proxy_anchor,0.25,20260508,1438,128,0.9681693889163356,1963.639682357301
gemma-3-4b-it,pope,proxy_anchor,0.25,20260508,1538,128,0.9650450228736102,1785.2728228858325
gemma-3-4b-it,dash-b,proxy_anchor,0.25,20260508,305,128,0.9874678888652068,5036.020739006015
gemma-3-4b-it,repope,proxy_anchor,0.1,20260506,1438,128,0.9747412961090052,2482.8035235057228
gemma-3-4b-it,pope,proxy_anchor,0.1,20260506,1538,128,0.9721989045365752,2252.857292362325
gemma-3-4b-it,dash-b,proxy_anchor,0.1,20260506,305,128,0.9906090964948983,6730.95351130955
gemma-3-4b-it,repope,proxy_anchor,0.1,20260507,1438,128,0.9856668384296225,4399.292133751004
gemma-3-4b-it,pope,proxy_anchor,0.1,20260507,1538,128,0.9833532262151334,3783.5198146834205
gemma-3-4b-it,dash-b,proxy_anchor,0.1,20260507,305,128,0.9904619117924577,6626.6069558650215
gemma-3-4b-it,repope,proxy_anchor,0.1,20260508,1438,128,0.9857100591501565,4412.6925182668065
gemma-3-4b-it,pope,proxy_anchor,0.1,20260508,1538,128,0.9844019341759147,4040.002404481763
gemma-3-4b-it,dash-b,proxy_anchor,0.1,20260508,305,128,0.9969252716361867,20621.428898392118
molmo-7b-d-0924,repope,proxy_anchor,1.0,20260506,1513,128,0.9397538192358939,1022.2123630555268
molmo-7b-d-0924,pope,proxy_anchor,1.0,20260506,1624,128,0.9190798086660746,752.5541043087431
molmo-7b-d-0924,dash-b,proxy_anchor,1.0,20260506,346,128,0.9679030212700604,1947.0794053648867
molmo-7b-d-0924,repope,proxy_anchor,1.0,20260507,1513,128,0.955069741472964,1381.776870555584
molmo-7b-d-0924,pope,proxy_anchor,1.0,20260507,1624,128,0.9365966922760098,969.6721511215658
molmo-7b-d-0924,dash-b,proxy_anchor,1.0,20260507,346,128,0.9752855149840993,2538.1714762141523
molmo-7b-d-0924,repope,proxy_anchor,1.0,20260508,1513,128,0.9212817459483184,774.5448245109735
molmo-7b-d-0924,pope,proxy_anchor,1.0,20260508,1624,128,0.9152783527954145,717.274112291189
molmo-7b-d-0924,dash-b,proxy_anchor,1.0,20260508,346,128,0.9865168935882449,4678.6182046563945
molmo-7b-d-0924,repope,proxy_anchor,0.5,20260506,1513,128,0.9640377489326873,1734.3730951653781
molmo-7b-d-0924,pope,proxy_anchor,0.5,20260506,1624,128,0.9512633531485625,1271.3292311609705
molmo-7b-d-0924,dash-b,proxy_anchor,0.5,20260506,346,128,0.9819153270156965,3480.2028172858404
molmo-7b-d-0924,repope,proxy_anchor,0.5,20260507,1513,128,0.853743121538477,400.76634160021854
molmo-7b-d-0924,pope,proxy_anchor,0.5,20260507,1624,128,0.846625068314289,380.4776831876159
molmo-7b-d-0924,dash-b,proxy_anchor,0.5,20260507,346,128,0.9802981226004857,3191.9575186293773
molmo-7b-d-0924,repope,proxy_anchor,0.5,20260508,1513,128,0.9606874808452075,1583.835622193775
molmo-7b-d-0924,pope,proxy_anchor,0.5,20260508,1624,128,0.9516847285570968,1282.6999360288744
molmo-7b-d-0924,dash-b,proxy_anchor,0.5,20260508,346,128,0.9871524210455402,4911.597339641026
molmo-7b-d-0924,repope,proxy_anchor,0.25,20260506,1513,128,0.9402295272089065,1030.6096284154885
molmo-7b-d-0924,pope,proxy_anchor,0.25,20260506,1624,128,0.9152003882031455,716.5835836613323
molmo-7b-d-0924,dash-b,proxy_anchor,0.25,20260506,346,128,0.9752352408553768,2532.954667513986
molmo-7b-d-0924,repope,proxy_anchor,0.25,20260507,1513,128,0.9614765090976353,1616.932811268731
molmo-7b-d-0924,pope,proxy_anchor,0.25,20260507,1624,128,0.9558157016972247,1405.6506679748088
molmo-7b-d-0924,dash-b,proxy_anchor,0.25,20260507,346,128,0.9902341429323481,6471.329922842304
molmo-7b-d-0924,repope,proxy_anchor,0.25,20260508,1513,128,0.9555790555971038,1397.9902309109807
molmo-7b-d-0924,pope,proxy_anchor,0.25,20260508,1624,128,0.9316012276156586,896.4365562992276
molmo-7b-d-0924,dash-b,proxy_anchor,0.25,20260508,346,128,0.9663555456531246,1856.0569679013227
molmo-7b-d-0924,repope,proxy_anchor,0.1,20260506,1513,128,0.9810282959635527,3316.016922718173
molmo-7b-d-0924,pope,proxy_anchor,0.1,20260506,1624,128,0.9708986331091964,2150.780182540068
molmo-7b-d-0924,dash-b,proxy_anchor,0.1,20260506,346,128,0.9944071691679025,11322.976345016557
molmo-7b-d-0924,repope,proxy_anchor,0.1,20260507,1513,128,0.922281262894437,784.9374023578724
molmo-7b-d-0924,pope,proxy_anchor,0.1,20260507,1624,128,0.9043025682533821,631.1084390170271
molmo-7b-d-0924,dash-b,proxy_anchor,0.1,20260507,346,128,0.9780780830973324,2865.5207096837694
molmo-7b-d-0924,repope,proxy_anchor,0.1,20260508,1513,128,0.9766691403886644,2690.5690389147762
molmo-7b-d-0924,pope,proxy_anchor,0.1,20260508,1624,128,0.9701877447167722,2098.736276605231
molmo-7b-d-0924,dash-b,proxy_anchor,0.1,20260508,346,128,0.9916931090929536,7613.365192053453
minicpm-v-4_5,repope,proxy_anchor,1.0,20260506,1530,128,0.9629431236539941,1682.1956598828033
minicpm-v-4_5,pope,proxy_anchor,1.0,20260506,1587,128,0.946352729233787,1151.9788327291055
minicpm-v-4_5,dash-b,proxy_anchor,1.0,20260506,391,128,0.9717496679732314,2216.5280424379903
minicpm-v-4_5,repope,proxy_anchor,1.0,20260507,1530,128,0.9569813446655108,1444.6128339338284
minicpm-v-4_5,pope,proxy_anchor,1.0,20260507,1587,128,0.9491436497736245,1216.9856999752174
minicpm-v-4_5,dash-b,proxy_anchor,1.0,20260507,391,128,0.9720054152934348,2237.067121323991
minicpm-v-4_5,repope,proxy_anchor,1.0,20260508,1530,128,0.9384642550020365,1000.1011265306988
minicpm-v-4_5,pope,proxy_anchor,1.0,20260508,1587,128,0.923487578900096,797.8411430679511
minicpm-v-4_5,dash-b,proxy_anchor,1.0,20260508,391,128,0.957820518260091,1473.9951141013269
minicpm-v-4_5,repope,proxy_anchor,0.5,20260506,1530,128,0.9539124996326399,1346.268945939453
minicpm-v-4_5,pope,proxy_anchor,0.5,20260506,1587,128,0.9383195026813211,997.6768154285442
minicpm-v-4_5,dash-b,proxy_anchor,0.5,20260506,391,128,0.9691344112767268,2026.0287303532925
minicpm-v-4_5,repope,proxy_anchor,0.5,20260507,1530,128,0.923759241349837,800.8033003743125
minicpm-v-4_5,pope,proxy_anchor,0.5,20260507,1587,128,0.9023219490106874,617.6169340480781
minicpm-v-4_5,dash-b,proxy_anchor,0.5,20260507,391,128,0.9239415084876925,802.8025483487634
minicpm-v-4_5,repope,proxy_anchor,0.5,20260508,1530,128,0.8786310442487107,490.2754642712791
minicpm-v-4_5,pope,proxy_anchor,0.5,20260508,1587,128,0.8622507336159171,427.7462188046498
minicpm-v-4_5,dash-b,proxy_anchor,0.5,20260508,391,128,0.9302631313148824,878.5988845085438
minicpm-v-4_5,repope,proxy_anchor,0.25,20260506,1530,128,0.9490102004354206,1213.7154893167153
minicpm-v-4_5,pope,proxy_anchor,0.25,20260506,1587,128,0.9420642237493557,1064.2861355949663
minicpm-v-4_5,dash-b,proxy_anchor,0.25,20260506,391,128,0.9728086661386703,2304.0880664114243
minicpm-v-4_5,repope,proxy_anchor,0.25,20260507,1530,128,0.9769194963167209,2720.0960241291555
minicpm-v-4_5,pope,proxy_anchor,0.25,20260507,1587,128,0.9706427627509125,2131.7577307063057
minicpm-v-4_5,dash-b,proxy_anchor,0.25,20260507,391,128,0.985941698262261,4485.91523238399
minicpm-v-4_5,repope,proxy_anchor,0.25,20260508,1530,128,0.9453560068226593,1130.3708594451373
minicpm-v-4_5,pope,proxy_anchor,0.25,20260508,1587,128,0.9402627129948788,1031.2004138211882
minicpm-v-4_5,dash-b,proxy_anchor,0.25,20260508,391,128,0.9691970856712665,2030.215802764975
llava-v1.5-7b,repope,proxy_anchor,1.0,20260506,1461,128,0.8906222533999232,547.8606463608388
llava-v1.5-7b,pope,proxy_anchor,1.0,20260506,1562,128,0.8856000641890521,522.2795593154915
llava-v1.5-7b,dash-b,proxy_anchor,1.0,20260506,281,128,0.9820404234699881,3504.662459565583
llava-v1.5-7b,repope,proxy_anchor,1.0,20260507,1461,128,0.9803530205437029,3200.9643474085833
llava-v1.5-7b,pope,proxy_anchor,1.0,20260507,1562,128,0.9792179837142172,3024.4222678961914
llava-v1.5-7b,dash-b,proxy_anchor,1.0,20260507,281,128,0.9960614365114936,16091.812941954342
llava-v1.5-7b,repope,proxy_anchor,1.0,20260508,1461,128,0.956521371069422,1428.9885960931235
llava-v1.5-7b,pope,proxy_anchor,1.0,20260508,1562,128,0.9536725715859807,1339.1290672312327
llava-v1.5-7b,dash-b,proxy_anchor,1.0,20260508,281,128,0.9919848952969533,7891.655778459155
llava-v1.5-7b,repope,proxy_anchor,0.5,20260506,1461,128,0.9910912426300252,7096.91690404366
llava-v1.5-7b,pope,proxy_anchor,0.5,20260506,1562,128,0.9896668188689027,6114.3265809076565
llava-v1.5-7b,dash-b,proxy_anchor,0.5,20260506,281,128,0.9968913473983542,20396.05377095419
llava-v1.5-7b,repope,proxy_anchor,0.5,20260507,1461,128,0.9972762125084703,23282.329614660564
llava-v1.5-7b,pope,proxy_anchor,0.5,20260507,1562,128,0.9971282965812456,22081.512789505534
llava-v1.5-7b,dash-b,proxy_anchor,0.5,20260507,281,128,0.9995804581990647,151324.84052184227
llava-v1.5-7b,repope,proxy_anchor,0.5,20260508,1461,128,0.9884312154804011,5457.962235540564
llava-v1.5-7b,pope,proxy_anchor,0.5,20260508,1562,128,0.987098705562569,4891.01768931756
llava-v1.5-7b,dash-b,proxy_anchor,0.5,20260508,281,128,0.9949542865051859,12554.104335985992
llava-v1.5-7b,repope,proxy_anchor,0.25,20260506,1461,128,0.9738886023602437,2400.6920941909284
llava-v1.5-7b,pope,proxy_anchor,0.25,20260506,1562,128,0.9723525983660789,2265.5573294502724
llava-v1.5-7b,dash-b,proxy_anchor,0.25,20260506,281,128,0.9947487654385669,12061.555679503263
llava-v1.5-7b,repope,proxy_anchor,0.25,20260507,1461,128,0.9665638997527872,1867.821663142724
llava-v1.5-7b,pope,proxy_anchor,0.25,20260507,1562,128,0.9580488590362748,1482.1934308638506
llava-v1.5-7b,dash-b,proxy_anchor,0.25,20260507,281,128,0.9874345981883788,5022.595744331462
llava-v1.5-7b,repope,proxy_anchor,0.25,20260508,1461,128,0.9190786298019376,752.5426509319079
llava-v1.5-7b,pope,proxy_anchor,0.25,20260508,1562,128,0.905152437580297,637.0698151409763
llava-v1.5-7b,dash-b,proxy_anchor,0.25,20260508,281,128,0.975335466232975,2543.37583958556
llava-v1.5-7b,repope,proxy_anchor,0.1,20260506,1461,128,0.9990546365135166,67139.16487380576
llava-v1.5-7b,pope,proxy_anchor,0.1,20260506,1562,128,0.9989422448066934,60002.02649865833
llava-v1.5-7b,dash-b,proxy_anchor,0.1,20260506,281,128,0.9997701149170547,276194.2155111867
llava-v1.5-7b,repope,proxy_anchor,0.1,20260507,1461,128,0.9861498737448762,4553.810496499778
llava-v1.5-7b,pope,proxy_anchor,0.1,20260507,1562,128,0.9833553900890409,3784.0157607618717
llava-v1.5-7b,dash-b,proxy_anchor,0.1,20260507,281,128,0.9937684043092633,10159.15093730676
llava-v1.5-7b,repope,proxy_anchor,0.1,20260508,1461,128,0.9270317336656273,838.2161123927442
llava-v1.5-7b,pope,proxy_anchor,0.1,20260508,1562,128,0.924722873842107,811.482697702476
llava-v1.5-7b,dash-b,proxy_anchor,0.1,20260508,281,128,0.9886633905021006,5570.379652375729
qwen2.5-vl-7b,repope,proxy_anchor,1.0,20260506,1531,128,0.9467443660962966,1160.6902930896667
qwen2.5-vl-7b,pope,proxy_anchor,1.0,20260506,1588,128,0.9425224999429321,1073.0331987103164
qwen2.5-vl-7b,dash-b,proxy_anchor,1.0,20260506,384,128,0.9857110396406591,4412.997455137756
qwen2.5-vl-7b,repope,proxy_anchor,1.0,20260507,1531,128,0.9655027060771564,1809.3823373005687
qwen2.5-vl-7b,pope,proxy_anchor,1.0,20260507,1588,128,0.9586337174730631,1503.6047067886773
qwen2.5-vl-7b,dash-b,proxy_anchor,1.0,20260507,384,128,0.991267615427907,7240.8843825406975
qwen2.5-vl-7b,repope,proxy_anchor,1.0,20260508,1531,128,0.7531248382710155,221.7471089993576
qwen2.5-vl-7b,pope,proxy_anchor,1.0,20260508,1588,128,0.7416251838114312,210.0484132811106
qwen2.5-vl-7b,dash-b,proxy_anchor,1.0,20260508,384,128,0.9258562854485719,824.3983266275427
qwen2.5-vl-7b,repope,proxy_anchor,0.5,20260506,1531,128,0.952598893531895,1308.063014856758
qwen2.5-vl-7b,pope,proxy_anchor,0.5,20260506,1588,128,0.945629679496418,1136.2249833510164
qwen2.5-vl-7b,dash-b,proxy_anchor,0.5,20260506,384,128,0.9789308253146185,2982.7725957542857
qwen2.5-vl-7b,repope,proxy_anchor,0.5,20260507,1531,128,0.9989961164824314,63223.58366954497
qwen2.5-vl-7b,pope,proxy_anchor,0.5,20260507,1588,128,0.9989547596081088,60720.80729452165
qwen2.5-vl-7b,dash-b,proxy_anchor,0.5,20260507,384,128,0.999776466381357,284042.84726108506
qwen2.5-vl-7b,repope,proxy_anchor,0.5,20260508,1531,128,0.9507229315185564,1257.0305401441296
qwen2.5-vl-7b,pope,proxy_anchor,0.5,20260508,1588,128,0.9456072283287108,1135.7425148721168
qwen2.5-vl-7b,dash-b,proxy_anchor,0.5,20260508,384,128,0.9859755709223189,4496.825314913201
qwen2.5-vl-7b,repope,proxy_anchor,0.25,20260506,1531,128,0.9850396979701919,4213.562467205557
qwen2.5-vl-7b,pope,proxy_anchor,0.25,20260506,1588,128,0.9819659217729922,3490.0545568008724
qwen2.5-vl-7b,dash-b,proxy_anchor,0.25,20260506,384,128,0.9804309933069918,3213.843796279408
qwen2.5-vl-7b,repope,proxy_anchor,0.25,20260507,1531,128,0.9723156743057975,2262.4933518895828
qwen2.5-vl-7b,pope,proxy_anchor,0.25,20260507,1588,128,0.9696504153369524,2061.016061276954
qwen2.5-vl-7b,dash-b,proxy_anchor,0.25,20260507,384,128,0.9931012165802734,9173.654658911702
qwen2.5-vl-7b,repope,proxy_anchor,0.25,20260508,1531,128,0.9873812049055276,5001.211958382713
qwen2.5-vl-7b,pope,proxy_anchor,0.25,20260508,1588,128,0.9857041609026143,4410.859019867109
qwen2.5-vl-7b,dash-b,proxy_anchor,0.25,20260508,384,128,0.9977200761179491,27821.018512359664
