run_id,model_name,dataset_name,subset_scope,seed,quick_run,block,pair_id,row_id,source,signal_builder,yes_no_trace_source,transform,feature_protocol,wavelet,level,threshold,classifier,sequence_model,window_mode,window_strategy,window_size,stride,mode,cwt_scales,feature_kind,feature_shape,feature_seconds,train_shape,validation_shape,test_shape,train_samples,validation_samples,test_samples,status,failure_reason,feature_paths,feature_storage
paired_wavelet_v2,qwen3-vl-8b,repope,"popular,random,adversarial",20260506,false,A,A_none,A_none::Teacher,Teacher,teacher_hidden_dim_signal,,none,wavelet_summary_static_pooled,,,none,logreg,,global,full,,,symmetric,"[1.0, 2.0, 3.0, 4.0, 5.0, 6.0, 7.0, 8.0, 12.0, 16.0]",static,7986x48,48.244538358878344,4795x48,1579x48,1612x48,4795,1579,1612,success,,[],memory
paired_wavelet_v2,qwen3-vl-8b,repope,"popular,random,adversarial",20260506,false,A,A_none,A_none::Ours,Ours,ours_semantic_trace_signal,final_broadcast,none,wavelet_summary_static_pooled,,,none,logreg,,global,full,,,symmetric,"[1.0, 2.0, 3.0, 4.0, 5.0, 6.0, 7.0, 8.0, 12.0, 16.0]",static,7986x48,56.419398934114724,4795x48,1579x48,1612x48,4795,1579,1612,success,,[],memory
paired_wavelet_v2,qwen3-vl-8b,repope,"popular,random,adversarial",20260506,false,A,A_dwt_haar_l1,A_dwt_haar_l1::Teacher,Teacher,teacher_hidden_dim_signal,,dwt,wavelet_summary_static_pooled,haar,1,universal_soft,logreg,,global,full,,,symmetric,"[1.0, 2.0, 3.0, 4.0, 5.0, 6.0, 7.0, 8.0, 12.0, 16.0]",static,7986x54,74.90567000885494,4795x54,1579x54,1612x54,4795,1579,1612,success,,[],memory
paired_wavelet_v2,qwen3-vl-8b,repope,"popular,random,adversarial",20260506,false,A,A_dwt_haar_l1,A_dwt_haar_l1::Ours,Ours,ours_semantic_trace_signal,final_broadcast,dwt,wavelet_summary_static_pooled,haar,1,universal_soft,logreg,,global,full,,,symmetric,"[1.0, 2.0, 3.0, 4.0, 5.0, 6.0, 7.0, 8.0, 12.0, 16.0]",static,7986x54,55.965193392010406,4795x54,1579x54,1612x54,4795,1579,1612,success,,[],memory
paired_wavelet_v2,qwen3-vl-8b,repope,"popular,random,adversarial",20260506,false,A,A_dwt_db2_l2,A_dwt_db2_l2::Teacher,Teacher,teacher_hidden_dim_signal,,dwt,wavelet_summary_static_pooled,db2,2,universal_soft,logreg,,global,full,,,symmetric,"[1.0, 2.0, 3.0, 4.0, 5.0, 6.0, 7.0, 8.0, 12.0, 16.0]",static,7986x60,91.77515835012309,4795x60,1579x60,1612x60,4795,1579,1612,success,,[],memory
paired_wavelet_v2,qwen3-vl-8b,repope,"popular,random,adversarial",20260506,false,A,A_dwt_db2_l2,A_dwt_db2_l2::Ours,Ours,ours_semantic_trace_signal,final_broadcast,dwt,wavelet_summary_static_pooled,db2,2,universal_soft,logreg,,global,full,,,symmetric,"[1.0, 2.0, 3.0, 4.0, 5.0, 6.0, 7.0, 8.0, 12.0, 16.0]",static,7986x60,54.67154586780816,4795x60,1579x60,1612x60,4795,1579,1612,success,,[],memory
paired_wavelet_v2,qwen3-vl-8b,repope,"popular,random,adversarial",20260506,false,A,A_dwt_db4_l2,A_dwt_db4_l2::Teacher,Teacher,teacher_hidden_dim_signal,,dwt,wavelet_summary_static_pooled,db4,2,universal_soft,logreg,,global,full,,,symmetric,"[1.0, 2.0, 3.0, 4.0, 5.0, 6.0, 7.0, 8.0, 12.0, 16.0]",static,7986x60,108.95775537611917,4795x60,1579x60,1612x60,4795,1579,1612,success,,[],memory
paired_wavelet_v2,qwen3-vl-8b,repope,"popular,random,adversarial",20260506,false,A,A_dwt_db4_l2,A_dwt_db4_l2::Ours,Ours,ours_semantic_trace_signal,final_broadcast,dwt,wavelet_summary_static_pooled,db4,2,universal_soft,logreg,,global,full,,,symmetric,"[1.0, 2.0, 3.0, 4.0, 5.0, 6.0, 7.0, 8.0, 12.0, 16.0]",static,7986x60,56.79875633190386,4795x60,1579x60,1612x60,4795,1579,1612,success,,[],memory
paired_wavelet_v2,qwen3-vl-8b,repope,"popular,random,adversarial",20260506,false,A,A_dwt_db6_l2,A_dwt_db6_l2::Teacher,Teacher,teacher_hidden_dim_signal,,dwt,wavelet_summary_static_pooled,db6,2,universal_soft,logreg,,global,full,,,symmetric,"[1.0, 2.0, 3.0, 4.0, 5.0, 6.0, 7.0, 8.0, 12.0, 16.0]",static,,0.04910798091441393,,,,,,,failure,DWT level 2 is not feasible for length 36 and wavelet 'db6'; max level is 1,,
paired_wavelet_v2,qwen3-vl-8b,repope,"popular,random,adversarial",20260506,false,A,A_dwt_db6_l2,A_dwt_db6_l2::Ours,Ours,ours_semantic_trace_signal,final_broadcast,dwt,wavelet_summary_static_pooled,db6,2,universal_soft,logreg,,global,full,,,symmetric,"[1.0, 2.0, 3.0, 4.0, 5.0, 6.0, 7.0, 8.0, 12.0, 16.0]",static,,0.05074850097298622,,,,,,,failure,DWT level 2 is not feasible for length 36 and wavelet 'db6'; max level is 1,,
paired_wavelet_v2,qwen3-vl-8b,repope,"popular,random,adversarial",20260506,false,A,A_dwt_sym2_l2,A_dwt_sym2_l2::Teacher,Teacher,teacher_hidden_dim_signal,,dwt,wavelet_summary_static_pooled,sym2,2,universal_soft,logreg,,global,full,,,symmetric,"[1.0, 2.0, 3.0, 4.0, 5.0, 6.0, 7.0, 8.0, 12.0, 16.0]",static,7986x60,92.69307380612008,4795x60,1579x60,1612x60,4795,1579,1612,success,,[],memory
paired_wavelet_v2,qwen3-vl-8b,repope,"popular,random,adversarial",20260506,false,A,A_dwt_sym2_l2,A_dwt_sym2_l2::Ours,Ours,ours_semantic_trace_signal,final_broadcast,dwt,wavelet_summary_static_pooled,sym2,2,universal_soft,logreg,,global,full,,,symmetric,"[1.0, 2.0, 3.0, 4.0, 5.0, 6.0, 7.0, 8.0, 12.0, 16.0]",static,7986x60,56.513049352914095,4795x60,1579x60,1612x60,4795,1579,1612,success,,[],memory
paired_wavelet_v2,qwen3-vl-8b,repope,"popular,random,adversarial",20260506,false,A,A_dwt_sym4_l2,A_dwt_sym4_l2::Teacher,Teacher,teacher_hidden_dim_signal,,dwt,wavelet_summary_static_pooled,sym4,2,universal_soft,logreg,,global,full,,,symmetric,"[1.0, 2.0, 3.0, 4.0, 5.0, 6.0, 7.0, 8.0, 12.0, 16.0]",static,7986x60,109.1127817069646,4795x60,1579x60,1612x60,4795,1579,1612,success,,[],memory
paired_wavelet_v2,qwen3-vl-8b,repope,"popular,random,adversarial",20260506,false,A,A_dwt_sym4_l2,A_dwt_sym4_l2::Ours,Ours,ours_semantic_trace_signal,final_broadcast,dwt,wavelet_summary_static_pooled,sym4,2,universal_soft,logreg,,global,full,,,symmetric,"[1.0, 2.0, 3.0, 4.0, 5.0, 6.0, 7.0, 8.0, 12.0, 16.0]",static,7986x60,56.40109574305825,4795x60,1579x60,1612x60,4795,1579,1612,success,,[],memory
paired_wavelet_v2,qwen3-vl-8b,repope,"popular,random,adversarial",20260506,false,A,A_dwt_sym6_l2,A_dwt_sym6_l2::Teacher,Teacher,teacher_hidden_dim_signal,,dwt,wavelet_summary_static_pooled,sym6,2,universal_soft,logreg,,global,full,,,symmetric,"[1.0, 2.0, 3.0, 4.0, 5.0, 6.0, 7.0, 8.0, 12.0, 16.0]",static,,0.0452016678173095,,,,,,,failure,DWT level 2 is not feasible for length 36 and wavelet 'sym6'; max level is 1,,
paired_wavelet_v2,qwen3-vl-8b,repope,"popular,random,adversarial",20260506,false,A,A_dwt_sym6_l2,A_dwt_sym6_l2::Ours,Ours,ours_semantic_trace_signal,final_broadcast,dwt,wavelet_summary_static_pooled,sym6,2,universal_soft,logreg,,global,full,,,symmetric,"[1.0, 2.0, 3.0, 4.0, 5.0, 6.0, 7.0, 8.0, 12.0, 16.0]",static,,0.05002960190176964,,,,,,,failure,DWT level 2 is not feasible for length 36 and wavelet 'sym6'; max level is 1,,
paired_wavelet_v2,qwen3-vl-8b,repope,"popular,random,adversarial",20260506,false,A,A_dwt_coif1_l2,A_dwt_coif1_l2::Teacher,Teacher,teacher_hidden_dim_signal,,dwt,wavelet_summary_static_pooled,coif1,2,universal_soft,logreg,,global,full,,,symmetric,"[1.0, 2.0, 3.0, 4.0, 5.0, 6.0, 7.0, 8.0, 12.0, 16.0]",static,7986x60,99.15501941600814,4795x60,1579x60,1612x60,4795,1579,1612,success,,[],memory
paired_wavelet_v2,qwen3-vl-8b,repope,"popular,random,adversarial",20260506,false,A,A_dwt_coif1_l2,A_dwt_coif1_l2::Ours,Ours,ours_semantic_trace_signal,final_broadcast,dwt,wavelet_summary_static_pooled,coif1,2,universal_soft,logreg,,global,full,,,symmetric,"[1.0, 2.0, 3.0, 4.0, 5.0, 6.0, 7.0, 8.0, 12.0, 16.0]",static,7986x60,53.342531526926905,4795x60,1579x60,1612x60,4795,1579,1612,success,,[],memory
paired_wavelet_v2,qwen3-vl-8b,repope,"popular,random,adversarial",20260506,false,A,A_dwt_coif2_l2,A_dwt_coif2_l2::Teacher,Teacher,teacher_hidden_dim_signal,,dwt,wavelet_summary_static_pooled,coif2,2,universal_soft,logreg,,global,full,,,symmetric,"[1.0, 2.0, 3.0, 4.0, 5.0, 6.0, 7.0, 8.0, 12.0, 16.0]",static,,0.04558708402328193,,,,,,,failure,DWT level 2 is not feasible for length 36 and wavelet 'coif2'; max level is 1,,
paired_wavelet_v2,qwen3-vl-8b,repope,"popular,random,adversarial",20260506,false,A,A_dwt_coif2_l2,A_dwt_coif2_l2::Ours,Ours,ours_semantic_trace_signal,final_broadcast,dwt,wavelet_summary_static_pooled,coif2,2,universal_soft,logreg,,global,full,,,symmetric,"[1.0, 2.0, 3.0, 4.0, 5.0, 6.0, 7.0, 8.0, 12.0, 16.0]",static,,0.0511470518540591,,,,,,,failure,DWT level 2 is not feasible for length 36 and wavelet 'coif2'; max level is 1,,
paired_wavelet_v2,qwen3-vl-8b,repope,"popular,random,adversarial",20260506,false,A,A_dwt_bior2.2_l2,A_dwt_bior2.2_l2::Teacher,Teacher,teacher_hidden_dim_signal,,dwt,wavelet_summary_static_pooled,bior2.2,2,universal_soft,logreg,,global,full,,,symmetric,"[1.0, 2.0, 3.0, 4.0, 5.0, 6.0, 7.0, 8.0, 12.0, 16.0]",static,7986x60,99.27054133592173,4795x60,1579x60,1612x60,4795,1579,1612,success,,[],memory
paired_wavelet_v2,qwen3-vl-8b,repope,"popular,random,adversarial",20260506,false,A,A_dwt_bior2.2_l2,A_dwt_bior2.2_l2::Ours,Ours,ours_semantic_trace_signal,final_broadcast,dwt,wavelet_summary_static_pooled,bior2.2,2,universal_soft,logreg,,global,full,,,symmetric,"[1.0, 2.0, 3.0, 4.0, 5.0, 6.0, 7.0, 8.0, 12.0, 16.0]",static,7986x60,55.446167442947626,4795x60,1579x60,1612x60,4795,1579,1612,success,,[],memory
paired_wavelet_v2,qwen3-vl-8b,repope,"popular,random,adversarial",20260506,false,A,A_dwt_bior4.4_l2,A_dwt_bior4.4_l2::Teacher,Teacher,teacher_hidden_dim_signal,,dwt,wavelet_summary_static_pooled,bior4.4,2,universal_soft,logreg,,global,full,,,symmetric,"[1.0, 2.0, 3.0, 4.0, 5.0, 6.0, 7.0, 8.0, 12.0, 16.0]",static,7986x60,115.53289312799461,4795x60,1579x60,1612x60,4795,1579,1612,success,,[],memory
paired_wavelet_v2,qwen3-vl-8b,repope,"popular,random,adversarial",20260506,false,A,A_dwt_bior4.4_l2,A_dwt_bior4.4_l2::Ours,Ours,ours_semantic_trace_signal,final_broadcast,dwt,wavelet_summary_static_pooled,bior4.4,2,universal_soft,logreg,,global,full,,,symmetric,"[1.0, 2.0, 3.0, 4.0, 5.0, 6.0, 7.0, 8.0, 12.0, 16.0]",static,7986x60,53.91636607190594,4795x60,1579x60,1612x60,4795,1579,1612,success,,[],memory
paired_wavelet_v2,qwen3-vl-8b,repope,"popular,random,adversarial",20260506,false,A,A_swt_haar_l2,A_swt_haar_l2::Teacher,Teacher,teacher_hidden_dim_signal,,swt,wavelet_summary_static_pooled,haar,2,universal_soft,logreg,,global,full,,,symmetric,"[1.0, 2.0, 3.0, 4.0, 5.0, 6.0, 7.0, 8.0, 12.0, 16.0]",static,7986x60,177.8105952029582,4795x60,1579x60,1612x60,4795,1579,1612,success,,[],memory
paired_wavelet_v2,qwen3-vl-8b,repope,"popular,random,adversarial",20260506,false,A,A_swt_haar_l2,A_swt_haar_l2::Ours,Ours,ours_semantic_trace_signal,final_broadcast,swt,wavelet_summary_static_pooled,haar,2,universal_soft,logreg,,global,full,,,symmetric,"[1.0, 2.0, 3.0, 4.0, 5.0, 6.0, 7.0, 8.0, 12.0, 16.0]",static,7986x60,55.96022209711373,4795x60,1579x60,1612x60,4795,1579,1612,success,,[],memory
paired_wavelet_v2,qwen3-vl-8b,repope,"popular,random,adversarial",20260506,false,A,A_swt_db2_l2,A_swt_db2_l2::Teacher,Teacher,teacher_hidden_dim_signal,,swt,wavelet_summary_static_pooled,db2,2,universal_soft,logreg,,global,full,,,symmetric,"[1.0, 2.0, 3.0, 4.0, 5.0, 6.0, 7.0, 8.0, 12.0, 16.0]",static,7986x60,186.18331967503764,4795x60,1579x60,1612x60,4795,1579,1612,success,,[],memory
paired_wavelet_v2,qwen3-vl-8b,repope,"popular,random,adversarial",20260506,false,A,A_swt_db2_l2,A_swt_db2_l2::Ours,Ours,ours_semantic_trace_signal,final_broadcast,swt,wavelet_summary_static_pooled,db2,2,universal_soft,logreg,,global,full,,,symmetric,"[1.0, 2.0, 3.0, 4.0, 5.0, 6.0, 7.0, 8.0, 12.0, 16.0]",static,7986x60,56.24013909394853,4795x60,1579x60,1612x60,4795,1579,1612,success,,[],memory
paired_wavelet_v2,qwen3-vl-8b,repope,"popular,random,adversarial",20260506,false,A,A_swt_sym4_l2,A_swt_sym4_l2::Teacher,Teacher,teacher_hidden_dim_signal,,swt,wavelet_summary_static_pooled,sym4,2,universal_soft,logreg,,global,full,,,symmetric,"[1.0, 2.0, 3.0, 4.0, 5.0, 6.0, 7.0, 8.0, 12.0, 16.0]",static,7986x60,207.15206258092076,4795x60,1579x60,1612x60,4795,1579,1612,success,,[],memory
paired_wavelet_v2,qwen3-vl-8b,repope,"popular,random,adversarial",20260506,false,A,A_swt_sym4_l2,A_swt_sym4_l2::Ours,Ours,ours_semantic_trace_signal,final_broadcast,swt,wavelet_summary_static_pooled,sym4,2,universal_soft,logreg,,global,full,,,symmetric,"[1.0, 2.0, 3.0, 4.0, 5.0, 6.0, 7.0, 8.0, 12.0, 16.0]",static,7986x60,56.07485270500183,4795x60,1579x60,1612x60,4795,1579,1612,success,,[],memory
paired_wavelet_v2,qwen3-vl-8b,repope,"popular,random,adversarial",20260506,false,A,A_wpt_db2_l2,A_wpt_db2_l2::Teacher,Teacher,teacher_hidden_dim_signal,,wpt,wavelet_summary_static_pooled,db2,2,not_applicable,logreg,,global,full,,,symmetric,"[1.0, 2.0, 3.0, 4.0, 5.0, 6.0, 7.0, 8.0, 12.0, 16.0]",static,7986x66,84.27253307704814,4795x66,1579x66,1612x66,4795,1579,1612,success,,[],memory
paired_wavelet_v2,qwen3-vl-8b,repope,"popular,random,adversarial",20260506,false,A,A_wpt_db2_l2,A_wpt_db2_l2::Ours,Ours,ours_semantic_trace_signal,final_broadcast,wpt,wavelet_summary_static_pooled,db2,2,not_applicable,logreg,,global,full,,,symmetric,"[1.0, 2.0, 3.0, 4.0, 5.0, 6.0, 7.0, 8.0, 12.0, 16.0]",static,7986x66,55.67919087805785,4795x66,1579x66,1612x66,4795,1579,1612,success,,[],memory
paired_wavelet_v2,qwen3-vl-8b,repope,"popular,random,adversarial",20260506,false,A,A_wpt_sym4_l2,A_wpt_sym4_l2::Teacher,Teacher,teacher_hidden_dim_signal,,wpt,wavelet_summary_static_pooled,sym4,2,not_applicable,logreg,,global,full,,,symmetric,"[1.0, 2.0, 3.0, 4.0, 5.0, 6.0, 7.0, 8.0, 12.0, 16.0]",static,7986x66,103.4579940252006,4795x66,1579x66,1612x66,4795,1579,1612,success,,[],memory
paired_wavelet_v2,qwen3-vl-8b,repope,"popular,random,adversarial",20260506,false,A,A_wpt_sym4_l2,A_wpt_sym4_l2::Ours,Ours,ours_semantic_trace_signal,final_broadcast,wpt,wavelet_summary_static_pooled,sym4,2,not_applicable,logreg,,global,full,,,symmetric,"[1.0, 2.0, 3.0, 4.0, 5.0, 6.0, 7.0, 8.0, 12.0, 16.0]",static,7986x66,55.400640906067565,4795x66,1579x66,1612x66,4795,1579,1612,success,,[],memory
paired_wavelet_v2,qwen3-vl-8b,repope,"popular,random,adversarial",20260506,false,A,A_cwt_morl_scales_1_16,A_cwt_morl_scales_1_16::Teacher,Teacher,teacher_hidden_dim_signal,,cwt,wavelet_summary_static_pooled,morl,,not_applicable,logreg,,global,full,,,symmetric,"[1.0, 2.0, 3.0, 4.0, 5.0, 6.0, 7.0, 8.0, 12.0, 16.0]",static,7986x102,2469.4637676267885,4795x102,1579x102,1612x102,4795,1579,1612,success,,[],memory
paired_wavelet_v2,qwen3-vl-8b,repope,"popular,random,adversarial",20260506,false,A,A_cwt_morl_scales_1_16,A_cwt_morl_scales_1_16::Ours,Ours,ours_semantic_trace_signal,final_broadcast,cwt,wavelet_summary_static_pooled,morl,,not_applicable,logreg,,global,full,,,symmetric,"[1.0, 2.0, 3.0, 4.0, 5.0, 6.0, 7.0, 8.0, 12.0, 16.0]",static,7986x102,70.75464821606874,4795x102,1579x102,1612x102,4795,1579,1612,success,,[],memory
paired_wavelet_v2,qwen3-vl-8b,repope,"popular,random,adversarial",20260506,false,A,A_cwt_mexh_scales_1_16,A_cwt_mexh_scales_1_16::Teacher,Teacher,teacher_hidden_dim_signal,,cwt,wavelet_summary_static_pooled,mexh,,not_applicable,logreg,,global,full,,,symmetric,"[1.0, 2.0, 3.0, 4.0, 5.0, 6.0, 7.0, 8.0, 12.0, 16.0]",static,7986x102,2477.629906682996,4795x102,1579x102,1612x102,4795,1579,1612,success,,[],memory
paired_wavelet_v2,qwen3-vl-8b,repope,"popular,random,adversarial",20260506,false,A,A_cwt_mexh_scales_1_16,A_cwt_mexh_scales_1_16::Ours,Ours,ours_semantic_trace_signal,final_broadcast,cwt,wavelet_summary_static_pooled,mexh,,not_applicable,logreg,,global,full,,,symmetric,"[1.0, 2.0, 3.0, 4.0, 5.0, 6.0, 7.0, 8.0, 12.0, 16.0]",static,7986x102,64.9191707179416,4795x102,1579x102,1612x102,4795,1579,1612,success,,[],memory
paired_wavelet_v2,qwen3-vl-8b,repope,"popular,random,adversarial",20260506,false,B,B_direct_raw_sequence,B_direct_raw_sequence::Teacher,Teacher,teacher_hidden_dim_signal,,none,raw_sequence,,,none,,lstm_projected,global,full,,,symmetric,"[1.0, 2.0, 3.0, 4.0, 5.0, 6.0, 7.0, 8.0, 12.0, 16.0]",sequence,7986x36x4096,14.851001862902194,4795x36x4096,1579x36x4096,1612x36x4096,4795,1579,1612,success,,"[""/home/team/zhanghaonan/mind/outputs/wavelet_course_v2/features/feature_arrays/B_direct_raw_sequence__Teacher.train.float32.mmap"", ""/home/team/zhanghaonan/mind/outputs/wavelet_course_v2/features/feature_arrays/B_direct_raw_sequence__Teacher.validation.float32.mmap"", ""/home/team/zhanghaonan/mind/outputs/wavelet_course_v2/features/feature_arrays/B_direct_raw_sequence__Teacher.test.float32.mmap""]",memmap
paired_wavelet_v2,qwen3-vl-8b,repope,"popular,random,adversarial",20260506,false,B,B_direct_raw_sequence,B_direct_raw_sequence::Ours,Ours,ours_semantic_trace_signal,final_broadcast,none,raw_sequence,,,none,,lstm_projected,global,full,,,symmetric,"[1.0, 2.0, 3.0, 4.0, 5.0, 6.0, 7.0, 8.0, 12.0, 16.0]",sequence,7986x36x10,41.319111972814426,4795x36x10,1579x36x10,1612x36x10,4795,1579,1612,success,,[],memory
paired_wavelet_v2,qwen3-vl-8b,repope,"popular,random,adversarial",20260506,false,B,B_global_window_stat28_sequence_lstm_projected,B_global_window_stat28_sequence_lstm_projected::Teacher,Teacher,teacher_hidden_dim_signal,,swt,window_stat28_sequence,db2,2,universal_soft,,lstm_projected,global,full,,,symmetric,"[1.0, 2.0, 3.0, 4.0, 5.0, 6.0, 7.0, 8.0, 12.0, 16.0]",sequence,7986x1x114688,1283.9871260540094,4795x1x114688,1579x1x114688,1612x1x114688,4795,1579,1612,success,,"[""/home/team/zhanghaonan/mind/outputs/wavelet_course_v2/features/feature_arrays/B_global_window_stat28_sequence_lstm_projected__Teacher.train.float32.mmap"", ""/home/team/zhanghaonan/mind/outputs/wavelet_course_v2/features/feature_arrays/B_global_window_stat28_sequence_lstm_projected__Teacher.validation.float32.mmap"", ""/home/team/zhanghaonan/mind/outputs/wavelet_course_v2/features/feature_arrays/B_global_window_stat28_sequence_lstm_projected__Teacher.test.float32.mmap""]",memmap
paired_wavelet_v2,qwen3-vl-8b,repope,"popular,random,adversarial",20260506,false,B,B_global_window_stat28_sequence_lstm_projected,B_global_window_stat28_sequence_lstm_projected::Ours,Ours,ours_semantic_trace_signal,final_broadcast,swt,window_stat28_sequence,db2,2,universal_soft,,lstm_projected,global,full,,,symmetric,"[1.0, 2.0, 3.0, 4.0, 5.0, 6.0, 7.0, 8.0, 12.0, 16.0]",sequence,7986x1x280,57.39230092102662,4795x1x280,1579x1x280,1612x1x280,4795,1579,1612,success,,[],memory
paired_wavelet_v2,qwen3-vl-8b,repope,"popular,random,adversarial",20260506,false,B,B_win4_s4_window_stat28_sequence_lstm_projected,B_win4_s4_window_stat28_sequence_lstm_projected::Teacher,Teacher,teacher_hidden_dim_signal,,swt,window_stat28_sequence,db2,2,universal_soft,,lstm_projected,win4_s4,non_overlapping,4,4,symmetric,"[1.0, 2.0, 3.0, 4.0, 5.0, 6.0, 7.0, 8.0, 12.0, 16.0]",sequence,7986x9x114688,1493.3807260040194,4795x9x114688,1579x9x114688,1612x9x114688,4795,1579,1612,success,,"[""/home/team/zhanghaonan/mind/outputs/wavelet_course_v2/features/feature_arrays/B_win4_s4_window_stat28_sequence_lstm_projected__Teacher.train.float32.mmap"", ""/home/team/zhanghaonan/mind/outputs/wavelet_course_v2/features/feature_arrays/B_win4_s4_window_stat28_sequence_lstm_projected__Teacher.validation.float32.mmap"", ""/home/team/zhanghaonan/mind/outputs/wavelet_course_v2/features/feature_arrays/B_win4_s4_window_stat28_sequence_lstm_projected__Teacher.test.float32.mmap""]",memmap
paired_wavelet_v2,qwen3-vl-8b,repope,"popular,random,adversarial",20260506,false,B,B_win4_s4_window_stat28_sequence_lstm_projected,B_win4_s4_window_stat28_sequence_lstm_projected::Ours,Ours,ours_semantic_trace_signal,final_broadcast,swt,window_stat28_sequence,db2,2,universal_soft,,lstm_projected,win4_s4,non_overlapping,4,4,symmetric,"[1.0, 2.0, 3.0, 4.0, 5.0, 6.0, 7.0, 8.0, 12.0, 16.0]",sequence,7986x9x280,59.161352772964165,4795x9x280,1579x9x280,1612x9x280,4795,1579,1612,success,,[],memory
paired_wavelet_v2,qwen3-vl-8b,repope,"popular,random,adversarial",20260506,false,B,B_win6_s3_window_stat28_sequence_lstm_projected,B_win6_s3_window_stat28_sequence_lstm_projected::Teacher,Teacher,teacher_hidden_dim_signal,,swt,window_stat28_sequence,db2,2,universal_soft,,lstm_projected,win6_s3,sliding,6,3,symmetric,"[1.0, 2.0, 3.0, 4.0, 5.0, 6.0, 7.0, 8.0, 12.0, 16.0]",sequence,,0.05059418687596917,,,,,,,failure,SWT level 2 is not feasible for length 6; max level is 1,,
paired_wavelet_v2,qwen3-vl-8b,repope,"popular,random,adversarial",20260506,false,B,B_win6_s3_window_stat28_sequence_lstm_projected,B_win6_s3_window_stat28_sequence_lstm_projected::Ours,Ours,ours_semantic_trace_signal,final_broadcast,swt,window_stat28_sequence,db2,2,universal_soft,,lstm_projected,win6_s3,sliding,6,3,symmetric,"[1.0, 2.0, 3.0, 4.0, 5.0, 6.0, 7.0, 8.0, 12.0, 16.0]",sequence,,0.050910101970657706,,,,,,,failure,SWT level 2 is not feasible for length 6; max level is 1,,
paired_wavelet_v2,qwen3-vl-8b,repope,"popular,random,adversarial",20260506,false,B,B_win9_s9_window_stat28_sequence_lstm_projected,B_win9_s9_window_stat28_sequence_lstm_projected::Teacher,Teacher,teacher_hidden_dim_signal,,swt,window_stat28_sequence,db2,2,universal_soft,,lstm_projected,win9_s9,non_overlapping,9,9,symmetric,"[1.0, 2.0, 3.0, 4.0, 5.0, 6.0, 7.0, 8.0, 12.0, 16.0]",sequence,,0.04500135499984026,,,,,,,failure,SWT level 2 is not feasible for length 9; max level is 0,,
paired_wavelet_v2,qwen3-vl-8b,repope,"popular,random,adversarial",20260506,false,B,B_win9_s9_window_stat28_sequence_lstm_projected,B_win9_s9_window_stat28_sequence_lstm_projected::Ours,Ours,ours_semantic_trace_signal,final_broadcast,swt,window_stat28_sequence,db2,2,universal_soft,,lstm_projected,win9_s9,non_overlapping,9,9,symmetric,"[1.0, 2.0, 3.0, 4.0, 5.0, 6.0, 7.0, 8.0, 12.0, 16.0]",sequence,,0.050021628150716424,,,,,,,failure,SWT level 2 is not feasible for length 9; max level is 0,,
paired_wavelet_v2,qwen3-vl-8b,repope,"popular,random,adversarial",20260506,false,B,B_win12_s6_window_stat28_sequence_lstm_projected,B_win12_s6_window_stat28_sequence_lstm_projected::Teacher,Teacher,teacher_hidden_dim_signal,,swt,window_stat28_sequence,db2,2,universal_soft,,lstm_projected,win12_s6,sliding,12,6,symmetric,"[1.0, 2.0, 3.0, 4.0, 5.0, 6.0, 7.0, 8.0, 12.0, 16.0]",sequence,7986x5x114688,2232.3528032579925,4795x5x114688,1579x5x114688,1612x5x114688,4795,1579,1612,success,,"[""/home/team/zhanghaonan/mind/outputs/wavelet_course_v2/features/feature_arrays/B_win12_s6_window_stat28_sequence_lstm_projected__Teacher.train.float32.mmap"", ""/home/team/zhanghaonan/mind/outputs/wavelet_course_v2/features/feature_arrays/B_win12_s6_window_stat28_sequence_lstm_projected__Teacher.validation.float32.mmap"", ""/home/team/zhanghaonan/mind/outputs/wavelet_course_v2/features/feature_arrays/B_win12_s6_window_stat28_sequence_lstm_projected__Teacher.test.float32.mmap""]",memmap
paired_wavelet_v2,qwen3-vl-8b,repope,"popular,random,adversarial",20260506,false,B,B_win12_s6_window_stat28_sequence_lstm_projected,B_win12_s6_window_stat28_sequence_lstm_projected::Ours,Ours,ours_semantic_trace_signal,final_broadcast,swt,window_stat28_sequence,db2,2,universal_soft,,lstm_projected,win12_s6,sliding,12,6,symmetric,"[1.0, 2.0, 3.0, 4.0, 5.0, 6.0, 7.0, 8.0, 12.0, 16.0]",sequence,7986x5x280,57.22121930401772,4795x5x280,1579x5x280,1612x5x280,4795,1579,1612,success,,[],memory
paired_wavelet_v2,qwen3-vl-8b,repope,"popular,random,adversarial",20260506,false,C,C_wavelet_summary_static_pooled_logreg,C_wavelet_summary_static_pooled_logreg::Teacher,Teacher,teacher_hidden_dim_signal,,swt,wavelet_summary_static_pooled,db2,2,universal_soft,logreg,,global,full,,,symmetric,"[1.0, 2.0, 3.0, 4.0, 5.0, 6.0, 7.0, 8.0, 12.0, 16.0]",static,7986x60,183.43374449107796,4795x60,1579x60,1612x60,4795,1579,1612,success,,[],memory
paired_wavelet_v2,qwen3-vl-8b,repope,"popular,random,adversarial",20260506,false,C,C_wavelet_summary_static_pooled_logreg,C_wavelet_summary_static_pooled_logreg::Ours,Ours,ours_semantic_trace_signal,final_broadcast,swt,wavelet_summary_static_pooled,db2,2,universal_soft,logreg,,global,full,,,symmetric,"[1.0, 2.0, 3.0, 4.0, 5.0, 6.0, 7.0, 8.0, 12.0, 16.0]",static,7986x60,56.233470265055075,4795x60,1579x60,1612x60,4795,1579,1612,success,,[],memory
paired_wavelet_v2,qwen3-vl-8b,repope,"popular,random,adversarial",20260506,false,C,C_wavelet_summary_static_pooled_linear_svm,C_wavelet_summary_static_pooled_linear_svm::Teacher,Teacher,teacher_hidden_dim_signal,,swt,wavelet_summary_static_pooled,db2,2,universal_soft,linear_svm,,global,full,,,symmetric,"[1.0, 2.0, 3.0, 4.0, 5.0, 6.0, 7.0, 8.0, 12.0, 16.0]",static,7986x60,182.45817252993584,4795x60,1579x60,1612x60,4795,1579,1612,success,,[],memory
paired_wavelet_v2,qwen3-vl-8b,repope,"popular,random,adversarial",20260506,false,C,C_wavelet_summary_static_pooled_linear_svm,C_wavelet_summary_static_pooled_linear_svm::Ours,Ours,ours_semantic_trace_signal,final_broadcast,swt,wavelet_summary_static_pooled,db2,2,universal_soft,linear_svm,,global,full,,,symmetric,"[1.0, 2.0, 3.0, 4.0, 5.0, 6.0, 7.0, 8.0, 12.0, 16.0]",static,7986x60,58.07259950879961,4795x60,1579x60,1612x60,4795,1579,1612,success,,[],memory
paired_wavelet_v2,qwen3-vl-8b,repope,"popular,random,adversarial",20260506,false,C,C_wavelet_summary_static_pooled_rf,C_wavelet_summary_static_pooled_rf::Teacher,Teacher,teacher_hidden_dim_signal,,swt,wavelet_summary_static_pooled,db2,2,universal_soft,rf,,global,full,,,symmetric,"[1.0, 2.0, 3.0, 4.0, 5.0, 6.0, 7.0, 8.0, 12.0, 16.0]",static,7986x60,182.17989458399825,4795x60,1579x60,1612x60,4795,1579,1612,success,,[],memory
paired_wavelet_v2,qwen3-vl-8b,repope,"popular,random,adversarial",20260506,false,C,C_wavelet_summary_static_pooled_rf,C_wavelet_summary_static_pooled_rf::Ours,Ours,ours_semantic_trace_signal,final_broadcast,swt,wavelet_summary_static_pooled,db2,2,universal_soft,rf,,global,full,,,symmetric,"[1.0, 2.0, 3.0, 4.0, 5.0, 6.0, 7.0, 8.0, 12.0, 16.0]",static,7986x60,56.25605325587094,4795x60,1579x60,1612x60,4795,1579,1612,success,,[],memory
paired_wavelet_v2,qwen3-vl-8b,repope,"popular,random,adversarial",20260506,false,C,C_wavelet_summary_static_pooled_extra_trees,C_wavelet_summary_static_pooled_extra_trees::Teacher,Teacher,teacher_hidden_dim_signal,,swt,wavelet_summary_static_pooled,db2,2,universal_soft,extra_trees,,global,full,,,symmetric,"[1.0, 2.0, 3.0, 4.0, 5.0, 6.0, 7.0, 8.0, 12.0, 16.0]",static,7986x60,179.6899693789892,4795x60,1579x60,1612x60,4795,1579,1612,success,,[],memory
paired_wavelet_v2,qwen3-vl-8b,repope,"popular,random,adversarial",20260506,false,C,C_wavelet_summary_static_pooled_extra_trees,C_wavelet_summary_static_pooled_extra_trees::Ours,Ours,ours_semantic_trace_signal,final_broadcast,swt,wavelet_summary_static_pooled,db2,2,universal_soft,extra_trees,,global,full,,,symmetric,"[1.0, 2.0, 3.0, 4.0, 5.0, 6.0, 7.0, 8.0, 12.0, 16.0]",static,7986x60,53.77143532782793,4795x60,1579x60,1612x60,4795,1579,1612,success,,[],memory
paired_wavelet_v2,qwen3-vl-8b,repope,"popular,random,adversarial",20260506,false,C,C_wavelet_summary_static_pooled_xgboost,C_wavelet_summary_static_pooled_xgboost::Teacher,Teacher,teacher_hidden_dim_signal,,swt,wavelet_summary_static_pooled,db2,2,universal_soft,xgboost,,global,full,,,symmetric,"[1.0, 2.0, 3.0, 4.0, 5.0, 6.0, 7.0, 8.0, 12.0, 16.0]",static,7986x60,181.28831889294088,4795x60,1579x60,1612x60,4795,1579,1612,success,,[],memory
paired_wavelet_v2,qwen3-vl-8b,repope,"popular,random,adversarial",20260506,false,C,C_wavelet_summary_static_pooled_xgboost,C_wavelet_summary_static_pooled_xgboost::Ours,Ours,ours_semantic_trace_signal,final_broadcast,swt,wavelet_summary_static_pooled,db2,2,universal_soft,xgboost,,global,full,,,symmetric,"[1.0, 2.0, 3.0, 4.0, 5.0, 6.0, 7.0, 8.0, 12.0, 16.0]",static,7986x60,56.516034914180636,4795x60,1579x60,1612x60,4795,1579,1612,success,,[],memory
paired_wavelet_v2,qwen3-vl-8b,repope,"popular,random,adversarial",20260506,false,C,C_raw_sequence_lstm_projected,C_raw_sequence_lstm_projected::Teacher,Teacher,teacher_hidden_dim_signal,,swt,raw_sequence,db2,2,universal_soft,,lstm_projected,global,full,,,symmetric,"[1.0, 2.0, 3.0, 4.0, 5.0, 6.0, 7.0, 8.0, 12.0, 16.0]",sequence,7986x36x16384,140.32705902284943,4795x36x16384,1579x36x16384,1612x36x16384,4795,1579,1612,success,,"[""/home/team/zhanghaonan/mind/outputs/wavelet_course_v2/features/feature_arrays/C_raw_sequence_lstm_projected__Teacher.train.float32.mmap"", ""/home/team/zhanghaonan/mind/outputs/wavelet_course_v2/features/feature_arrays/C_raw_sequence_lstm_projected__Teacher.validation.float32.mmap"", ""/home/team/zhanghaonan/mind/outputs/wavelet_course_v2/features/feature_arrays/C_raw_sequence_lstm_projected__Teacher.test.float32.mmap""]",memmap
paired_wavelet_v2,qwen3-vl-8b,repope,"popular,random,adversarial",20260506,false,C,C_raw_sequence_lstm_projected,C_raw_sequence_lstm_projected::Ours,Ours,ours_semantic_trace_signal,final_broadcast,swt,raw_sequence,db2,2,universal_soft,,lstm_projected,global,full,,,symmetric,"[1.0, 2.0, 3.0, 4.0, 5.0, 6.0, 7.0, 8.0, 12.0, 16.0]",sequence,7986x36x40,43.00133375497535,4795x36x40,1579x36x40,1612x36x40,4795,1579,1612,success,,[],memory
paired_wavelet_v2,qwen3-vl-8b,repope,"popular,random,adversarial",20260506,false,C,C_raw_sequence_gru_projected,C_raw_sequence_gru_projected::Teacher,Teacher,teacher_hidden_dim_signal,,swt,raw_sequence,db2,2,universal_soft,,gru_projected,global,full,,,symmetric,"[1.0, 2.0, 3.0, 4.0, 5.0, 6.0, 7.0, 8.0, 12.0, 16.0]",sequence,7986x36x16384,139.29195810994133,4795x36x16384,1579x36x16384,1612x36x16384,4795,1579,1612,success,,"[""/home/team/zhanghaonan/mind/outputs/wavelet_course_v2/features/feature_arrays/C_raw_sequence_gru_projected__Teacher.train.float32.mmap"", ""/home/team/zhanghaonan/mind/outputs/wavelet_course_v2/features/feature_arrays/C_raw_sequence_gru_projected__Teacher.validation.float32.mmap"", ""/home/team/zhanghaonan/mind/outputs/wavelet_course_v2/features/feature_arrays/C_raw_sequence_gru_projected__Teacher.test.float32.mmap""]",memmap
paired_wavelet_v2,qwen3-vl-8b,repope,"popular,random,adversarial",20260506,false,C,C_raw_sequence_gru_projected,C_raw_sequence_gru_projected::Ours,Ours,ours_semantic_trace_signal,final_broadcast,swt,raw_sequence,db2,2,universal_soft,,gru_projected,global,full,,,symmetric,"[1.0, 2.0, 3.0, 4.0, 5.0, 6.0, 7.0, 8.0, 12.0, 16.0]",sequence,7986x36x40,49.37582242419012,4795x36x40,1579x36x40,1612x36x40,4795,1579,1612,success,,[],memory
paired_wavelet_v2,qwen3-vl-8b,repope,"popular,random,adversarial",20260506,false,C,C_raw_sequence_tcn,C_raw_sequence_tcn::Teacher,Teacher,teacher_hidden_dim_signal,,swt,raw_sequence,db2,2,universal_soft,,tcn,global,full,,,symmetric,"[1.0, 2.0, 3.0, 4.0, 5.0, 6.0, 7.0, 8.0, 12.0, 16.0]",sequence,7986x36x16384,140.94870006712154,4795x36x16384,1579x36x16384,1612x36x16384,4795,1579,1612,success,,"[""/home/team/zhanghaonan/mind/outputs/wavelet_course_v2/features/feature_arrays/C_raw_sequence_tcn__Teacher.train.float32.mmap"", ""/home/team/zhanghaonan/mind/outputs/wavelet_course_v2/features/feature_arrays/C_raw_sequence_tcn__Teacher.validation.float32.mmap"", ""/home/team/zhanghaonan/mind/outputs/wavelet_course_v2/features/feature_arrays/C_raw_sequence_tcn__Teacher.test.float32.mmap""]",memmap
paired_wavelet_v2,qwen3-vl-8b,repope,"popular,random,adversarial",20260506,false,C,C_raw_sequence_tcn,C_raw_sequence_tcn::Ours,Ours,ours_semantic_trace_signal,final_broadcast,swt,raw_sequence,db2,2,universal_soft,,tcn,global,full,,,symmetric,"[1.0, 2.0, 3.0, 4.0, 5.0, 6.0, 7.0, 8.0, 12.0, 16.0]",sequence,7986x36x40,42.2783374779392,4795x36x40,1579x36x40,1612x36x40,4795,1579,1612,success,,[],memory
paired_wavelet_v2,qwen3-vl-8b,repope,"popular,random,adversarial",20260506,false,C,C_raw_sequence_cnn1d,C_raw_sequence_cnn1d::Teacher,Teacher,teacher_hidden_dim_signal,,swt,raw_sequence,db2,2,universal_soft,,cnn1d,global,full,,,symmetric,"[1.0, 2.0, 3.0, 4.0, 5.0, 6.0, 7.0, 8.0, 12.0, 16.0]",sequence,7986x36x16384,142.15763669996522,4795x36x16384,1579x36x16384,1612x36x16384,4795,1579,1612,success,,"[""/home/team/zhanghaonan/mind/outputs/wavelet_course_v2/features/feature_arrays/C_raw_sequence_cnn1d__Teacher.train.float32.mmap"", ""/home/team/zhanghaonan/mind/outputs/wavelet_course_v2/features/feature_arrays/C_raw_sequence_cnn1d__Teacher.validation.float32.mmap"", ""/home/team/zhanghaonan/mind/outputs/wavelet_course_v2/features/feature_arrays/C_raw_sequence_cnn1d__Teacher.test.float32.mmap""]",memmap
paired_wavelet_v2,qwen3-vl-8b,repope,"popular,random,adversarial",20260506,false,C,C_raw_sequence_cnn1d,C_raw_sequence_cnn1d::Ours,Ours,ours_semantic_trace_signal,final_broadcast,swt,raw_sequence,db2,2,universal_soft,,cnn1d,global,full,,,symmetric,"[1.0, 2.0, 3.0, 4.0, 5.0, 6.0, 7.0, 8.0, 12.0, 16.0]",sequence,7986x36x40,40.84196421597153,4795x36x40,1579x36x40,1612x36x40,4795,1579,1612,success,,[],memory
paired_wavelet_v2,qwen3-vl-8b,repope,"popular,random,adversarial",20260506,false,D,D_dwt_db2_l2_threshold_none,D_dwt_db2_l2_threshold_none::Teacher,Teacher,teacher_hidden_dim_signal,,dwt,wavelet_summary_static_pooled,db2,2,none,logreg,,global,full,,,symmetric,"[1.0, 2.0, 3.0, 4.0, 5.0, 6.0, 7.0, 8.0, 12.0, 16.0]",static,7986x60,71.90583598380908,4795x60,1579x60,1612x60,4795,1579,1612,success,,[],memory
paired_wavelet_v2,qwen3-vl-8b,repope,"popular,random,adversarial",20260506,false,D,D_dwt_db2_l2_threshold_none,D_dwt_db2_l2_threshold_none::Ours,Ours,ours_semantic_trace_signal,final_broadcast,dwt,wavelet_summary_static_pooled,db2,2,none,logreg,,global,full,,,symmetric,"[1.0, 2.0, 3.0, 4.0, 5.0, 6.0, 7.0, 8.0, 12.0, 16.0]",static,7986x60,44.474586887983605,4795x60,1579x60,1612x60,4795,1579,1612,success,,[],memory
paired_wavelet_v2,qwen3-vl-8b,repope,"popular,random,adversarial",20260506,false,D,D_dwt_db2_l2_threshold_universal_soft,D_dwt_db2_l2_threshold_universal_soft::Teacher,Teacher,teacher_hidden_dim_signal,,dwt,wavelet_summary_static_pooled,db2,2,universal_soft,logreg,,global,full,,,symmetric,"[1.0, 2.0, 3.0, 4.0, 5.0, 6.0, 7.0, 8.0, 12.0, 16.0]",static,7986x60,91.32268687803298,4795x60,1579x60,1612x60,4795,1579,1612,success,,[],memory
paired_wavelet_v2,qwen3-vl-8b,repope,"popular,random,adversarial",20260506,false,D,D_dwt_db2_l2_threshold_universal_soft,D_dwt_db2_l2_threshold_universal_soft::Ours,Ours,ours_semantic_trace_signal,final_broadcast,dwt,wavelet_summary_static_pooled,db2,2,universal_soft,logreg,,global,full,,,symmetric,"[1.0, 2.0, 3.0, 4.0, 5.0, 6.0, 7.0, 8.0, 12.0, 16.0]",static,7986x60,45.1502503589727,4795x60,1579x60,1612x60,4795,1579,1612,success,,[],memory
paired_wavelet_v2,qwen3-vl-8b,repope,"popular,random,adversarial",20260506,false,D,D_dwt_db2_l2_threshold_universal_hard,D_dwt_db2_l2_threshold_universal_hard::Teacher,Teacher,teacher_hidden_dim_signal,,dwt,wavelet_summary_static_pooled,db2,2,universal_hard,logreg,,global,full,,,symmetric,"[1.0, 2.0, 3.0, 4.0, 5.0, 6.0, 7.0, 8.0, 12.0, 16.0]",static,7986x60,89.042815603083,4795x60,1579x60,1612x60,4795,1579,1612,success,,[],memory
paired_wavelet_v2,qwen3-vl-8b,repope,"popular,random,adversarial",20260506,false,D,D_dwt_db2_l2_threshold_universal_hard,D_dwt_db2_l2_threshold_universal_hard::Ours,Ours,ours_semantic_trace_signal,final_broadcast,dwt,wavelet_summary_static_pooled,db2,2,universal_hard,logreg,,global,full,,,symmetric,"[1.0, 2.0, 3.0, 4.0, 5.0, 6.0, 7.0, 8.0, 12.0, 16.0]",static,7986x60,44.99653941206634,4795x60,1579x60,1612x60,4795,1579,1612,success,,[],memory
paired_wavelet_v2,qwen3-vl-8b,repope,"popular,random,adversarial",20260506,false,D,D_dwt_db2_l2_threshold_sure_soft,D_dwt_db2_l2_threshold_sure_soft::Teacher,Teacher,teacher_hidden_dim_signal,,dwt,wavelet_summary_static_pooled,db2,2,sure_soft,logreg,,global,full,,,symmetric,"[1.0, 2.0, 3.0, 4.0, 5.0, 6.0, 7.0, 8.0, 12.0, 16.0]",static,7986x60,1290.4053968370426,4795x60,1579x60,1612x60,4795,1579,1612,success,,[],memory
paired_wavelet_v2,qwen3-vl-8b,repope,"popular,random,adversarial",20260506,false,D,D_dwt_db2_l2_threshold_sure_soft,D_dwt_db2_l2_threshold_sure_soft::Ours,Ours,ours_semantic_trace_signal,final_broadcast,dwt,wavelet_summary_static_pooled,db2,2,sure_soft,logreg,,global,full,,,symmetric,"[1.0, 2.0, 3.0, 4.0, 5.0, 6.0, 7.0, 8.0, 12.0, 16.0]",static,7986x60,48.43988541793078,4795x60,1579x60,1612x60,4795,1579,1612,success,,[],memory
paired_wavelet_v2,qwen3-vl-8b,repope,"popular,random,adversarial",20260506,false,E,E_win4_s4_window_stat28_static_pooled_logreg,E_win4_s4_window_stat28_static_pooled_logreg::Teacher,Teacher,teacher_hidden_dim_signal,,dwt,window_stat28_static_pooled,db2,1,universal_soft,logreg,,win4_s4,non_overlapping,4,4,symmetric,"[1.0, 2.0, 3.0, 4.0, 5.0, 6.0, 7.0, 8.0, 12.0, 16.0]",static,,0.045570164220407605,,,,,,,failure,DWT level 1 is not feasible for length 4 and wavelet 'db2'; max level is 0,,
paired_wavelet_v2,qwen3-vl-8b,repope,"popular,random,adversarial",20260506,false,E,E_win4_s4_window_stat28_static_pooled_logreg,E_win4_s4_window_stat28_static_pooled_logreg::Ours,Ours,ours_semantic_trace_signal,final_broadcast,dwt,window_stat28_static_pooled,db2,1,universal_soft,logreg,,win4_s4,non_overlapping,4,4,symmetric,"[1.0, 2.0, 3.0, 4.0, 5.0, 6.0, 7.0, 8.0, 12.0, 16.0]",static,,0.047920143930241466,,,,,,,failure,DWT level 1 is not feasible for length 4 and wavelet 'db2'; max level is 0,,
paired_wavelet_v2,qwen3-vl-8b,repope,"popular,random,adversarial",20260506,false,E,E_win4_s4_window_stat28_static_pooled_rf,E_win4_s4_window_stat28_static_pooled_rf::Teacher,Teacher,teacher_hidden_dim_signal,,dwt,window_stat28_static_pooled,db2,1,universal_soft,rf,,win4_s4,non_overlapping,4,4,symmetric,"[1.0, 2.0, 3.0, 4.0, 5.0, 6.0, 7.0, 8.0, 12.0, 16.0]",static,,0.04373152391053736,,,,,,,failure,DWT level 1 is not feasible for length 4 and wavelet 'db2'; max level is 0,,
paired_wavelet_v2,qwen3-vl-8b,repope,"popular,random,adversarial",20260506,false,E,E_win4_s4_window_stat28_static_pooled_rf,E_win4_s4_window_stat28_static_pooled_rf::Ours,Ours,ours_semantic_trace_signal,final_broadcast,dwt,window_stat28_static_pooled,db2,1,universal_soft,rf,,win4_s4,non_overlapping,4,4,symmetric,"[1.0, 2.0, 3.0, 4.0, 5.0, 6.0, 7.0, 8.0, 12.0, 16.0]",static,,0.047736338106915355,,,,,,,failure,DWT level 1 is not feasible for length 4 and wavelet 'db2'; max level is 0,,
paired_wavelet_v2,qwen3-vl-8b,repope,"popular,random,adversarial",20260506,false,E,E_win4_s4_window_stat28_static_pooled_xgboost,E_win4_s4_window_stat28_static_pooled_xgboost::Teacher,Teacher,teacher_hidden_dim_signal,,dwt,window_stat28_static_pooled,db2,1,universal_soft,xgboost,,win4_s4,non_overlapping,4,4,symmetric,"[1.0, 2.0, 3.0, 4.0, 5.0, 6.0, 7.0, 8.0, 12.0, 16.0]",static,,0.04398493701592088,,,,,,,failure,DWT level 1 is not feasible for length 4 and wavelet 'db2'; max level is 0,,
paired_wavelet_v2,qwen3-vl-8b,repope,"popular,random,adversarial",20260506,false,E,E_win4_s4_window_stat28_static_pooled_xgboost,E_win4_s4_window_stat28_static_pooled_xgboost::Ours,Ours,ours_semantic_trace_signal,final_broadcast,dwt,window_stat28_static_pooled,db2,1,universal_soft,xgboost,,win4_s4,non_overlapping,4,4,symmetric,"[1.0, 2.0, 3.0, 4.0, 5.0, 6.0, 7.0, 8.0, 12.0, 16.0]",static,,0.04733290197327733,,,,,,,failure,DWT level 1 is not feasible for length 4 and wavelet 'db2'; max level is 0,,
paired_wavelet_v2,qwen3-vl-8b,repope,"popular,random,adversarial",20260506,false,E,E_win9_s9_window_stat28_static_pooled_logreg,E_win9_s9_window_stat28_static_pooled_logreg::Teacher,Teacher,teacher_hidden_dim_signal,,dwt,window_stat28_static_pooled,db2,1,universal_soft,logreg,,win9_s9,non_overlapping,9,9,symmetric,"[1.0, 2.0, 3.0, 4.0, 5.0, 6.0, 7.0, 8.0, 12.0, 16.0]",static,7986x672,644.3317411509342,4795x672,1579x672,1612x672,4795,1579,1612,success,,[],memory
paired_wavelet_v2,qwen3-vl-8b,repope,"popular,random,adversarial",20260506,false,E,E_win9_s9_window_stat28_static_pooled_logreg,E_win9_s9_window_stat28_static_pooled_logreg::Ours,Ours,ours_semantic_trace_signal,final_broadcast,dwt,window_stat28_static_pooled,db2,1,universal_soft,logreg,,win9_s9,non_overlapping,9,9,symmetric,"[1.0, 2.0, 3.0, 4.0, 5.0, 6.0, 7.0, 8.0, 12.0, 16.0]",static,7986x672,54.82959440094419,4795x672,1579x672,1612x672,4795,1579,1612,success,,[],memory
paired_wavelet_v2,qwen3-vl-8b,repope,"popular,random,adversarial",20260506,false,E,E_win9_s9_window_stat28_static_pooled_rf,E_win9_s9_window_stat28_static_pooled_rf::Teacher,Teacher,teacher_hidden_dim_signal,,dwt,window_stat28_static_pooled,db2,1,universal_soft,rf,,win9_s9,non_overlapping,9,9,symmetric,"[1.0, 2.0, 3.0, 4.0, 5.0, 6.0, 7.0, 8.0, 12.0, 16.0]",static,7986x672,652.4413634028751,4795x672,1579x672,1612x672,4795,1579,1612,success,,[],memory
paired_wavelet_v2,qwen3-vl-8b,repope,"popular,random,adversarial",20260506,false,E,E_win9_s9_window_stat28_static_pooled_rf,E_win9_s9_window_stat28_static_pooled_rf::Ours,Ours,ours_semantic_trace_signal,final_broadcast,dwt,window_stat28_static_pooled,db2,1,universal_soft,rf,,win9_s9,non_overlapping,9,9,symmetric,"[1.0, 2.0, 3.0, 4.0, 5.0, 6.0, 7.0, 8.0, 12.0, 16.0]",static,7986x672,67.91804415802471,4795x672,1579x672,1612x672,4795,1579,1612,success,,[],memory
paired_wavelet_v2,qwen3-vl-8b,repope,"popular,random,adversarial",20260506,false,E,E_win9_s9_window_stat28_static_pooled_xgboost,E_win9_s9_window_stat28_static_pooled_xgboost::Teacher,Teacher,teacher_hidden_dim_signal,,dwt,window_stat28_static_pooled,db2,1,universal_soft,xgboost,,win9_s9,non_overlapping,9,9,symmetric,"[1.0, 2.0, 3.0, 4.0, 5.0, 6.0, 7.0, 8.0, 12.0, 16.0]",static,7986x672,652.7527487010229,4795x672,1579x672,1612x672,4795,1579,1612,success,,[],memory
paired_wavelet_v2,qwen3-vl-8b,repope,"popular,random,adversarial",20260506,false,E,E_win9_s9_window_stat28_static_pooled_xgboost,E_win9_s9_window_stat28_static_pooled_xgboost::Ours,Ours,ours_semantic_trace_signal,final_broadcast,dwt,window_stat28_static_pooled,db2,1,universal_soft,xgboost,,win9_s9,non_overlapping,9,9,symmetric,"[1.0, 2.0, 3.0, 4.0, 5.0, 6.0, 7.0, 8.0, 12.0, 16.0]",static,7986x672,65.08961690217257,4795x672,1579x672,1612x672,4795,1579,1612,success,,[],memory
paired_wavelet_v2,qwen3-vl-8b,repope,"popular,random,adversarial",20260506,false,E,E_global_window_stat28_static_pooled_logreg,E_global_window_stat28_static_pooled_logreg::Teacher,Teacher,teacher_hidden_dim_signal,,dwt,window_stat28_static_pooled,db2,1,universal_soft,logreg,,global,full,,,symmetric,"[1.0, 2.0, 3.0, 4.0, 5.0, 6.0, 7.0, 8.0, 12.0, 16.0]",static,7986x168,423.9201179521624,4795x168,1579x168,1612x168,4795,1579,1612,success,,[],memory
paired_wavelet_v2,qwen3-vl-8b,repope,"popular,random,adversarial",20260506,false,E,E_global_window_stat28_static_pooled_logreg,E_global_window_stat28_static_pooled_logreg::Ours,Ours,ours_semantic_trace_signal,final_broadcast,dwt,window_stat28_static_pooled,db2,1,universal_soft,logreg,,global,full,,,symmetric,"[1.0, 2.0, 3.0, 4.0, 5.0, 6.0, 7.0, 8.0, 12.0, 16.0]",static,7986x168,62.599581968039274,4795x168,1579x168,1612x168,4795,1579,1612,success,,[],memory
paired_wavelet_v2,qwen3-vl-8b,repope,"popular,random,adversarial",20260506,false,E,E_global_window_stat28_static_pooled_rf,E_global_window_stat28_static_pooled_rf::Teacher,Teacher,teacher_hidden_dim_signal,,dwt,window_stat28_static_pooled,db2,1,universal_soft,rf,,global,full,,,symmetric,"[1.0, 2.0, 3.0, 4.0, 5.0, 6.0, 7.0, 8.0, 12.0, 16.0]",static,7986x168,423.7129471448716,4795x168,1579x168,1612x168,4795,1579,1612,success,,[],memory
paired_wavelet_v2,qwen3-vl-8b,repope,"popular,random,adversarial",20260506,false,E,E_global_window_stat28_static_pooled_rf,E_global_window_stat28_static_pooled_rf::Ours,Ours,ours_semantic_trace_signal,final_broadcast,dwt,window_stat28_static_pooled,db2,1,universal_soft,rf,,global,full,,,symmetric,"[1.0, 2.0, 3.0, 4.0, 5.0, 6.0, 7.0, 8.0, 12.0, 16.0]",static,7986x168,62.77453762316145,4795x168,1579x168,1612x168,4795,1579,1612,success,,[],memory
paired_wavelet_v2,qwen3-vl-8b,repope,"popular,random,adversarial",20260506,false,E,E_global_window_stat28_static_pooled_xgboost,E_global_window_stat28_static_pooled_xgboost::Teacher,Teacher,teacher_hidden_dim_signal,,dwt,window_stat28_static_pooled,db2,1,universal_soft,xgboost,,global,full,,,symmetric,"[1.0, 2.0, 3.0, 4.0, 5.0, 6.0, 7.0, 8.0, 12.0, 16.0]",static,7986x168,425.07701069815084,4795x168,1579x168,1612x168,4795,1579,1612,success,,[],memory
paired_wavelet_v2,qwen3-vl-8b,repope,"popular,random,adversarial",20260506,false,E,E_global_window_stat28_static_pooled_xgboost,E_global_window_stat28_static_pooled_xgboost::Ours,Ours,ours_semantic_trace_signal,final_broadcast,dwt,window_stat28_static_pooled,db2,1,universal_soft,xgboost,,global,full,,,symmetric,"[1.0, 2.0, 3.0, 4.0, 5.0, 6.0, 7.0, 8.0, 12.0, 16.0]",static,7986x168,61.94479319895618,4795x168,1579x168,1612x168,4795,1579,1612,success,,[],memory
