row_type,model_alias,objective,method,selected_on,frozen_for_test,selection_metric,selection_pr_auc,selection_roc_auc,negative_budget_ratio,negative_budget_seed,metric_status,parameter_name,parameter_value,selected_C,C
selected,llava-onevision-qwen2-7b-ov-hf,proxy_anchor,logistic,repope/cal,True,pr_auc,0.7282630754378057,0.930537634408602,0.5,20260506,passed,C,0.1,0.1,0.1
selected,llava-onevision-qwen2-7b-ov-hf,proxy_anchor,logistic,repope/cal,True,pr_auc,0.6395931724119794,0.9820430107526882,0.5,20260507,passed,C,0.1,0.1,0.1
selected,llava-onevision-qwen2-7b-ov-hf,proxy_anchor,logistic,repope/cal,True,pr_auc,0.6467487475111204,0.9811290322580645,0.5,20260508,passed,C,0.1,0.1,0.1
selected,qwen3-vl-8b,proxy_anchor,logistic,repope/cal,True,pr_auc,0.8993072029206939,0.9933974358974359,0.5,20260506,passed,C,10.0,10.0,10.0
selected,qwen3-vl-8b,proxy_anchor,logistic,repope/cal,True,pr_auc,0.9205651221204139,0.9967948717948718,0.5,20260507,passed,C,10.0,10.0,10.0
selected,qwen3-vl-8b,proxy_anchor,logistic,repope/cal,True,pr_auc,0.8531516599727808,0.9933974358974359,0.5,20260508,passed,C,0.1,0.1,0.1
selected,internvl3.5-8b,proxy_anchor,logistic,repope/cal,True,pr_auc,0.8068129707968995,0.980034189532743,0.5,20260506,passed,C,0.1,0.1,0.1
selected,internvl3.5-8b,proxy_anchor,logistic,repope/cal,True,pr_auc,0.7527313950236101,0.9796835276584553,0.5,20260507,passed,C,0.1,0.1,0.1
selected,internvl3.5-8b,proxy_anchor,logistic,repope/cal,True,pr_auc,0.8165134935712066,0.9818094152713246,0.5,20260508,passed,C,0.1,0.1,0.1
selected,minicpm-v-2_6,proxy_anchor,logistic,repope/cal,True,pr_auc,0.5116335991058556,0.9659974093264249,0.5,20260506,passed,C,10.0,10.0,10.0
selected,minicpm-v-2_6,proxy_anchor,logistic,repope/cal,True,pr_auc,0.4484780978952102,0.9486183074265977,0.5,20260507,passed,C,0.1,0.1,0.1
selected,minicpm-v-2_6,proxy_anchor,logistic,repope/cal,True,pr_auc,0.1220602730609899,0.7955526770293609,0.5,20260508,passed,C,0.1,0.1,0.1
selected,gemma-3-12b-it,proxy_anchor,logistic,repope/cal,True,pr_auc,0.8341524510085152,0.9773625801976765,0.5,20260506,passed,C,0.1,0.1,0.1
selected,gemma-3-12b-it,proxy_anchor,logistic,repope/cal,True,pr_auc,0.8263309947392299,0.9782902722385989,0.5,20260507,passed,C,0.1,0.1,0.1
selected,gemma-3-12b-it,proxy_anchor,logistic,repope/cal,True,pr_auc,0.8309160171352665,0.9768510490723079,0.5,20260508,passed,C,0.1,0.1,0.1
selected,gemma-4-12b-it,proxy_anchor,logistic,repope/cal,True,pr_auc,0.24645359340554515,0.924496644295302,0.5,20260506,passed,C,0.1,0.1,0.1
selected,gemma-4-12b-it,proxy_anchor,logistic,repope/cal,True,pr_auc,0.32989018694338046,0.8988494726749761,0.5,20260507,passed,C,1.0,1.0,1.0
selected,gemma-4-12b-it,proxy_anchor,logistic,repope/cal,True,pr_auc,0.22054517815175206,0.735019175455417,0.5,20260508,passed,C,10.0,10.0,10.0
selected,qwen3.5-4b,proxy_anchor,logistic,repope/cal,True,pr_auc,0.2174100729102223,0.9338358458961473,0.5,20260506,passed,C,0.1,0.1,0.1
selected,qwen3.5-4b,proxy_anchor,logistic,repope/cal,True,pr_auc,0.3400515393205451,0.9747347850362926,0.5,20260507,passed,C,0.1,0.1,0.1
selected,qwen3.5-4b,proxy_anchor,logistic,repope/cal,True,pr_auc,0.2594213785817043,0.9695700725851479,0.5,20260508,passed,C,0.1,0.1,0.1
selected,qwen3.5-9b,proxy_anchor,logistic,repope/cal,True,pr_auc,0.5335182725691558,0.8518565941101152,0.5,20260506,passed,C,0.1,0.1,0.1
selected,qwen3.5-9b,proxy_anchor,logistic,repope/cal,True,pr_auc,0.5696317962406979,0.9835467349551856,0.5,20260507,passed,C,0.1,0.1,0.1
selected,qwen3.5-9b,proxy_anchor,logistic,repope/cal,True,pr_auc,0.5437393935702282,0.9852752880921896,0.5,20260508,passed,C,0.1,0.1,0.1
selected,phi-4-multimodal-instruct,proxy_anchor,logistic,repope/cal,True,pr_auc,0.45019934643166715,0.9147772657450076,0.5,20260506,passed,C,0.1,0.1,0.1
selected,phi-4-multimodal-instruct,proxy_anchor,logistic,repope/cal,True,pr_auc,0.4633832182572899,0.9451920122887865,0.5,20260507,passed,C,0.1,0.1,0.1
selected,phi-4-multimodal-instruct,proxy_anchor,logistic,repope/cal,True,pr_auc,0.5229956607912943,0.9506605222734255,0.5,20260508,passed,C,1.0,1.0,1.0
selected,phi-3.5-vision-instruct,proxy_anchor,logistic,repope/cal,True,pr_auc,0.31732589777604503,0.8104863900044623,0.5,20260506,passed,C,0.1,0.1,0.1
selected,phi-3.5-vision-instruct,proxy_anchor,logistic,repope/cal,True,pr_auc,0.4124315717439511,0.9390450691655511,0.5,20260507,passed,C,0.1,0.1,0.1
selected,phi-3.5-vision-instruct,proxy_anchor,logistic,repope/cal,True,pr_auc,0.4366510135564987,0.828380187416332,0.5,20260508,passed,C,0.1,0.1,0.1
selected,gemma-3-4b-it,proxy_anchor,logistic,repope/cal,True,pr_auc,0.790285854539256,0.9654572380599777,0.5,20260506,passed,C,0.1,0.1,0.1
selected,gemma-3-4b-it,proxy_anchor,logistic,repope/cal,True,pr_auc,0.7101520711272409,0.9510551647537948,0.5,20260507,passed,C,10.0,10.0,10.0
selected,gemma-3-4b-it,proxy_anchor,logistic,repope/cal,True,pr_auc,0.7986303512118816,0.9666419844502037,0.5,20260508,passed,C,0.1,0.1,0.1
selected,molmo-7b-d-0924,proxy_anchor,logistic,repope/cal,True,pr_auc,0.4791281131351491,0.9538019300527001,0.5,20260506,passed,C,0.1,0.1,0.1
selected,molmo-7b-d-0924,proxy_anchor,logistic,repope/cal,True,pr_auc,0.5790814240270633,0.9483608240366848,0.5,20260507,passed,C,1.0,1.0,1.0
selected,molmo-7b-d-0924,proxy_anchor,logistic,repope/cal,True,pr_auc,0.44056357660828466,0.9472657586749709,0.5,20260508,passed,C,0.1,0.1,0.1
selected,minicpm-v-4_5,proxy_anchor,logistic,repope/cal,True,pr_auc,0.5149414217542263,0.9550424448217317,0.5,20260506,passed,C,0.1,0.1,0.1
selected,minicpm-v-4_5,proxy_anchor,logistic,repope/cal,True,pr_auc,0.5338930952005039,0.9788455008488965,0.5,20260507,passed,C,1.0,1.0,1.0
selected,minicpm-v-4_5,proxy_anchor,logistic,repope/cal,True,pr_auc,0.4397279718272031,0.9709337860780985,0.5,20260508,passed,C,1.0,1.0,1.0
selected,llava-v1.5-7b,proxy_anchor,logistic,repope/cal,True,pr_auc,0.5770955975390634,0.9632185752882326,0.5,20260506,passed,C,0.1,0.1,0.1
selected,llava-v1.5-7b,proxy_anchor,logistic,repope/cal,True,pr_auc,0.5822532853733071,0.9520637723029184,0.5,20260507,passed,C,1.0,1.0,1.0
selected,llava-v1.5-7b,proxy_anchor,logistic,repope/cal,True,pr_auc,0.6237990895982864,0.960490062327796,0.5,20260508,passed,C,0.1,0.1,0.1
selected,qwen2.5-vl-7b,proxy_anchor,logistic,repope/cal,True,pr_auc,0.8383424687659462,0.991629251959516,0.5,20260506,passed,C,0.1,0.1,0.1
selected,qwen2.5-vl-7b,proxy_anchor,logistic,repope/cal,True,pr_auc,0.7988015993770669,0.9869872916825203,0.5,20260507,passed,C,1.0,1.0,1.0
selected,qwen2.5-vl-7b,proxy_anchor,logistic,repope/cal,True,pr_auc,0.7423226879151708,0.9883570504527814,0.5,20260508,passed,C,0.1,0.1,0.1
