model_alias,model_name,dataset_family,encoder_family,objective,method,readout,support_family,method_role,eval_split,metric_split,eval_scope,negative_budget_ratio,negative_budget_seed,selected_k,selected_K,selected_rho,selected_C,metric_status,failure_reason,pr_auc,pr_auc_ci_low,pr_auc_ci_high,roc_auc,roc_auc_ci_low,roc_auc_ci_high,average_precision,tpr_at_1pct_fpr,fpr_at_95pct_tpr,num_test,num_test_correct,num_test_hard_hallucination,num_bank_correct,training_dataset_family,num_encoder_train_correct,num_encoder_train_hard_hallucination_available,num_encoder_train_hard_hallucination_used,num_encoder_train,num_encoder_train_hard_hallucination,num_excluded_false_negative,num_excluded_parsed_none
llava-onevision-qwen2-7b-ov-hf,llava-onevision-qwen2-7b-ov-hf,pope,Sphere-Traj-LSTM,proxy_anchor,single_vmf,StageC-single_vmf,single_vmf,support_estimator,test,test,pooled,0.5,20260506,,,,,passed,,0.20593504375563712,0.12885453311832887,0.30461298231359607,0.8666790823274708,0.8129329563961023,0.9151305222558982,0.21385086358589925,0.11320754716981132,0.7495373226403454,1674,1621,53,1653,repope,3833,138,69,3902,69,126,0
llava-onevision-qwen2-7b-ov-hf,llava-onevision-qwen2-7b-ov-hf,pope,Sphere-Traj-LSTM,proxy_anchor,mixture_vmf,StageC-mixture_vmf,mixture_vmf,support_estimator,test,test,pooled,0.5,20260506,,2,,,passed,,0.05472774179406242,0.030280309313101394,0.08857327122171457,0.44062016225716716,0.32503206168783255,0.5575115146123142,0.058695893470968305,0.018867924528301886,0.9981492905613819,1674,1621,53,1653,repope,3833,138,69,3902,69,126,0
llava-onevision-qwen2-7b-ov-hf,llava-onevision-qwen2-7b-ov-hf,pope,Sphere-Traj-LSTM,proxy_anchor,knn,StageC-knn,knn,support_estimator,test,test,pooled,0.5,20260506,16,,,,passed,,0.19857259569639735,0.12663157395262428,0.2962836477157249,0.9046826440701639,0.8834499049223054,0.9256701951216229,0.20611370092395898,0.11320754716981132,0.25848241826033314,1674,1621,53,1653,repope,3833,138,69,3902,69,126,0
llava-onevision-qwen2-7b-ov-hf,llava-onevision-qwen2-7b-ov-hf,pope,Sphere-Traj-LSTM,proxy_anchor,radius_ball,StageC-radius_ball,radius_ball,support_estimator,test,test,pooled,0.5,20260506,,,0.009274823873345717,,passed,,0.5056829650868034,0.4573768586730113,0.5502773222455691,0.8868157321941964,0.8720506712630995,0.9020014354480413,0.12681035482612976,0.0,0.20851326341764342,1674,1621,53,1653,repope,3833,138,69,3902,69,126,0
llava-onevision-qwen2-7b-ov-hf,llava-onevision-qwen2-7b-ov-hf,pope,Sphere-Traj-LSTM,proxy_anchor,logistic,StageC-logistic,supervised_comparator,supervised_comparator,test,test,pooled,0.5,20260506,,,,0.1,passed,,0.18653901571342663,0.11236106812928782,0.281408623459959,0.7903576874279794,0.7076941520874869,0.8622489660357306,0.17777378146275336,0.11320754716981132,0.9814929056138186,1674,1621,53,1653,repope,3833,138,69,3902,69,126,0
llava-onevision-qwen2-7b-ov-hf,llava-onevision-qwen2-7b-ov-hf,pope,Sphere-Traj-LSTM,proxy_anchor,single_vmf,StageC-single_vmf,single_vmf,support_estimator,test,test,pooled,0.5,20260507,,,,,passed,,0.2149795866765723,0.13699490620990235,0.3147643376253336,0.9024478251254177,0.855826390954455,0.9358721556442937,0.22310962119116318,0.07547169811320754,0.6637877853177051,1674,1621,53,1653,repope,3833,138,69,3902,69,126,0
llava-onevision-qwen2-7b-ov-hf,llava-onevision-qwen2-7b-ov-hf,pope,Sphere-Traj-LSTM,proxy_anchor,mixture_vmf,StageC-mixture_vmf,mixture_vmf,support_estimator,test,test,pooled,0.5,20260507,,2,,,passed,,0.016769059997162262,0.01243131351736034,0.021729677622020677,0.07322523948645723,0.0562070750261502,0.0929780776085294,0.017247291834535626,0.0,0.9981492905613819,1674,1621,53,1653,repope,3833,138,69,3902,69,126,0
llava-onevision-qwen2-7b-ov-hf,llava-onevision-qwen2-7b-ov-hf,pope,Sphere-Traj-LSTM,proxy_anchor,knn,StageC-knn,knn,support_estimator,test,test,pooled,0.5,20260507,32,,,,passed,,0.1988671874324492,0.12513844696604695,0.29912502173197,0.9057069360865062,0.8778862935260311,0.9286157709900937,0.20676964645303947,0.07547169811320754,0.3775447254780999,1674,1621,53,1653,repope,3833,138,69,3902,69,126,0
llava-onevision-qwen2-7b-ov-hf,llava-onevision-qwen2-7b-ov-hf,pope,Sphere-Traj-LSTM,proxy_anchor,radius_ball,StageC-radius_ball,radius_ball,support_estimator,test,test,pooled,0.5,20260507,,,0.005555495945128048,,passed,,0.5340179717586649,0.5255750888124956,0.5438962209107197,0.7760641579272055,0.764067963767594,0.7872669287828558,0.06803594351732992,0.0,0.44787168414558914,1674,1621,53,1653,repope,3833,138,69,3902,69,126,0
llava-onevision-qwen2-7b-ov-hf,llava-onevision-qwen2-7b-ov-hf,pope,Sphere-Traj-LSTM,proxy_anchor,logistic,StageC-logistic,supervised_comparator,supervised_comparator,test,test,pooled,0.5,20260507,,,,0.1,passed,,0.2254437823490856,0.145531713223245,0.32389047740098054,0.9254361970830958,0.9057654976950199,0.9427630617795789,0.2164339575761714,0.07547169811320754,0.24429364589759409,1674,1621,53,1653,repope,3833,138,69,3902,69,126,0
llava-onevision-qwen2-7b-ov-hf,llava-onevision-qwen2-7b-ov-hf,pope,Sphere-Traj-LSTM,proxy_anchor,single_vmf,StageC-single_vmf,single_vmf,support_estimator,test,test,pooled,0.5,20260508,,,,,passed,,0.17259105407993366,0.11585043270711698,0.2506007476773859,0.8802393118619999,0.8285352256048221,0.9212132200401548,0.18229357265733015,0.09433962264150944,0.6841455891425047,1674,1621,53,1653,repope,3833,138,69,3902,69,126,0
llava-onevision-qwen2-7b-ov-hf,llava-onevision-qwen2-7b-ov-hf,pope,Sphere-Traj-LSTM,proxy_anchor,mixture_vmf,StageC-mixture_vmf,mixture_vmf,support_estimator,test,test,pooled,0.5,20260508,,2,,,passed,,0.17259105407993366,0.11585043270711698,0.2506007476773859,0.8802393118619999,0.8285352256048221,0.9212132200401548,0.18229357265733015,0.09433962264150944,0.6841455891425047,1674,1621,53,1653,repope,3833,138,69,3902,69,126,0
llava-onevision-qwen2-7b-ov-hf,llava-onevision-qwen2-7b-ov-hf,pope,Sphere-Traj-LSTM,proxy_anchor,knn,StageC-knn,knn,support_estimator,test,test,pooled,0.5,20260508,16,,,,passed,,0.14656305122310787,0.0967940029229475,0.21675588425591227,0.8784468008334012,0.8486572538292715,0.9060605997876112,0.15576171807520642,0.09433962264150944,0.34855027760641577,1674,1621,53,1653,repope,3833,138,69,3902,69,126,0
llava-onevision-qwen2-7b-ov-hf,llava-onevision-qwen2-7b-ov-hf,pope,Sphere-Traj-LSTM,proxy_anchor,radius_ball,StageC-radius_ball,radius_ball,support_estimator,test,test,pooled,0.5,20260508,,,0.007315083619536806,,passed,,0.5344848990565055,0.509849491749195,0.551570214385758,0.8264814405270449,0.8117730387145489,0.8393846153846154,0.08631185627199446,0.0,0.33806292412091304,1674,1621,53,1653,repope,3833,138,69,3902,69,126,0
llava-onevision-qwen2-7b-ov-hf,llava-onevision-qwen2-7b-ov-hf,pope,Sphere-Traj-LSTM,proxy_anchor,logistic,StageC-logistic,supervised_comparator,supervised_comparator,test,test,pooled,0.5,20260508,,,,0.1,passed,,0.1904261222901817,0.12743592827419187,0.2670928027550041,0.9199539068592646,0.900345429087704,0.9371909827902158,0.1897936299159824,0.09433962264150944,0.2338062924120913,1674,1621,53,1653,repope,3833,138,69,3902,69,126,0
qwen3-vl-8b,qwen3-vl-8b,pope,Sphere-Traj-LSTM,proxy_anchor,single_vmf,StageC-single_vmf,single_vmf,support_estimator,test,test,pooled,0.5,20260506,,,,,passed,,0.28337410398895324,0.20113325652515995,0.3964637515184667,0.9351565519907229,0.9042856280418702,0.960707873974598,0.2953641848551563,0.15384615384615385,0.43404522613065327,1644,1592,52,1609,repope,3812,168,84,3896,84,156,0
qwen3-vl-8b,qwen3-vl-8b,pope,Sphere-Traj-LSTM,proxy_anchor,mixture_vmf,StageC-mixture_vmf,mixture_vmf,support_estimator,test,test,pooled,0.5,20260506,,2,,,passed,,0.28337410398895324,0.20113325652515995,0.3964637515184667,0.9351565519907229,0.9042856280418702,0.960707873974598,0.2953641848551563,0.15384615384615385,0.43404522613065327,1644,1592,52,1609,repope,3812,168,84,3896,84,156,0
qwen3-vl-8b,qwen3-vl-8b,pope,Sphere-Traj-LSTM,proxy_anchor,knn,StageC-knn,knn,support_estimator,test,test,pooled,0.5,20260506,32,,,,passed,,0.16915203920115418,0.10814648849999975,0.2622520804486368,0.8883359103208349,0.8636809282594857,0.9128104522491004,0.17905328741589313,0.15384615384615385,0.2594221105527638,1644,1592,52,1609,repope,3812,168,84,3896,84,156,0
qwen3-vl-8b,qwen3-vl-8b,pope,Sphere-Traj-LSTM,proxy_anchor,radius_ball,StageC-radius_ball,radius_ball,support_estimator,test,test,pooled,0.5,20260506,,,0.00751669285605182,,passed,,0.4280280262628258,0.3569371492969671,0.4910474871959868,0.8368283726323927,0.7976596684436954,0.8706667150270011,0.1026747728211056,0.0,0.4277638190954774,1644,1592,52,1609,repope,3812,168,84,3896,84,156,0
qwen3-vl-8b,qwen3-vl-8b,pope,Sphere-Traj-LSTM,proxy_anchor,logistic,StageC-logistic,supervised_comparator,supervised_comparator,test,test,pooled,0.5,20260506,,,,10.0,passed,,0.23952333717287752,0.16904219809452745,0.33702117552197874,0.9321970429068419,0.9115745859239442,0.9528342674269882,0.2548422253518689,0.15384615384615385,0.16645728643216082,1644,1592,52,1609,repope,3812,168,84,3896,84,156,0
qwen3-vl-8b,qwen3-vl-8b,pope,Sphere-Traj-LSTM,proxy_anchor,single_vmf,StageC-single_vmf,single_vmf,support_estimator,test,test,pooled,0.5,20260507,,,,,passed,,0.0220756959500294,0.016122126943188334,0.02885240099899345,0.3547062234248164,0.29944708444487805,0.4112719887322395,0.022860106416714456,0.0,0.8668341708542714,1644,1592,52,1609,repope,3812,168,84,3896,84,156,0
qwen3-vl-8b,qwen3-vl-8b,pope,Sphere-Traj-LSTM,proxy_anchor,mixture_vmf,StageC-mixture_vmf,mixture_vmf,support_estimator,test,test,pooled,0.5,20260507,,2,,,passed,,0.0220756959500294,0.016122126943188334,0.02885240099899345,0.3547062234248164,0.29944708444487805,0.41127198873223947,0.022860106416714456,0.0,0.8668341708542714,1644,1592,52,1609,repope,3812,168,84,3896,84,156,0
qwen3-vl-8b,qwen3-vl-8b,pope,Sphere-Traj-LSTM,proxy_anchor,knn,StageC-knn,knn,support_estimator,test,test,pooled,0.5,20260507,4,,,,passed,,0.0814110913548865,0.05238953538768287,0.12419870415115877,0.7439360262852726,0.6757098098624673,0.812871311089584,0.08638046518776386,0.019230769230769232,1.0,1644,1592,52,1609,repope,3812,168,84,3896,84,156,0
qwen3-vl-8b,qwen3-vl-8b,pope,Sphere-Traj-LSTM,proxy_anchor,radius_ball,StageC-radius_ball,radius_ball,support_estimator,test,test,pooled,0.5,20260507,,,0.0046911122675140976,,passed,,0.35499628336488054,0.2861658636971908,0.4244337227434376,0.703245796289138,0.6462468441577913,0.7651883343998873,0.05817385885225177,0.0,0.7763819095477387,1644,1592,52,1609,repope,3812,168,84,3896,84,156,0
qwen3-vl-8b,qwen3-vl-8b,pope,Sphere-Traj-LSTM,proxy_anchor,logistic,StageC-logistic,supervised_comparator,supervised_comparator,test,test,pooled,0.5,20260507,,,,10.0,passed,,0.2554424086396565,0.16184605256291862,0.3696912324042822,0.928995941244685,0.9103155416268206,0.946289416758238,0.2631354805866576,0.11538461538461539,0.17964824120603015,1644,1592,52,1609,repope,3812,168,84,3896,84,156,0
qwen3-vl-8b,qwen3-vl-8b,pope,Sphere-Traj-LSTM,proxy_anchor,single_vmf,StageC-single_vmf,single_vmf,support_estimator,test,test,pooled,0.5,20260508,,,,,passed,,0.32303047358785475,0.21888519656561642,0.44120345690678325,0.9349511982991883,0.896419936668948,0.9619670426932444,0.3328909007575065,0.23076923076923078,0.14698492462311558,1644,1592,52,1609,repope,3812,168,84,3896,84,156,0
qwen3-vl-8b,qwen3-vl-8b,pope,Sphere-Traj-LSTM,proxy_anchor,mixture_vmf,StageC-mixture_vmf,mixture_vmf,support_estimator,test,test,pooled,0.5,20260508,,2,,,passed,,0.32303047358785475,0.21888519656561642,0.44120345690678325,0.9349511982991883,0.896419936668948,0.9619670426932444,0.3328909007575065,0.23076923076923078,0.14698492462311558,1644,1592,52,1609,repope,3812,168,84,3896,84,156,0
qwen3-vl-8b,qwen3-vl-8b,pope,Sphere-Traj-LSTM,proxy_anchor,knn,StageC-knn,knn,support_estimator,test,test,pooled,0.5,20260508,32,,,,passed,,0.2916089868862588,0.18984727730178488,0.40857925450579924,0.9264592191727871,0.9035836366245158,0.9480139774302895,0.3008495397347454,0.23076923076923078,0.19597989949748743,1644,1592,52,1609,repope,3812,168,84,3896,84,156,0
qwen3-vl-8b,qwen3-vl-8b,pope,Sphere-Traj-LSTM,proxy_anchor,radius_ball,StageC-radius_ball,radius_ball,support_estimator,test,test,pooled,0.5,20260508,,,0.015686477413006203,,passed,,0.21192978116421926,0.1337813911704988,0.2965925309948089,0.893336876691148,0.8685612412070877,0.916377526861805,0.14766396404072424,0.0,0.25690954773869346,1644,1592,52,1609,repope,3812,168,84,3896,84,156,0
qwen3-vl-8b,qwen3-vl-8b,pope,Sphere-Traj-LSTM,proxy_anchor,logistic,StageC-logistic,supervised_comparator,supervised_comparator,test,test,pooled,0.5,20260508,,,,0.1,passed,,0.31206149527052846,0.21630268215604362,0.42793511485274494,0.9464993235407808,0.9285342574824762,0.9623831040566483,0.3074708286072216,0.25,0.15326633165829145,1644,1592,52,1609,repope,3812,168,84,3896,84,156,0
internvl3.5-8b,internvl3.5-8b,pope,Sphere-Traj-LSTM,proxy_anchor,single_vmf,StageC-single_vmf,single_vmf,support_estimator,test,test,pooled,0.5,20260506,,,,,passed,,0.476808293328178,0.3947015368453082,0.5605612569731838,0.9093533220642706,0.8857059311464626,0.9311399308859598,0.4812669042374366,0.18840579710144928,0.42447418738049714,1707,1569,138,1620,repope,3689,352,176,3865,176,93,0
internvl3.5-8b,internvl3.5-8b,pope,Sphere-Traj-LSTM,proxy_anchor,mixture_vmf,StageC-mixture_vmf,mixture_vmf,support_estimator,test,test,pooled,0.5,20260506,,2,,,passed,,0.476808293328178,0.3947015368453082,0.5605612569731838,0.9093533220642706,0.8857059311464626,0.9311399308859598,0.4812669042374366,0.18840579710144928,0.42447418738049714,1707,1569,138,1620,repope,3689,352,176,3865,176,93,0
internvl3.5-8b,internvl3.5-8b,pope,Sphere-Traj-LSTM,proxy_anchor,knn,StageC-knn,knn,support_estimator,test,test,pooled,0.5,20260506,32,,,,passed,,0.4505340589244724,0.36856854310442533,0.531664708714355,0.8868059596715345,0.8586106540696304,0.9138365508806485,0.4549028765736297,0.14492753623188406,0.532823454429573,1707,1569,138,1620,repope,3689,352,176,3865,176,93,0
internvl3.5-8b,internvl3.5-8b,pope,Sphere-Traj-LSTM,proxy_anchor,radius_ball,StageC-radius_ball,radius_ball,support_estimator,test,test,pooled,0.5,20260506,,,0.015126563937934564,,passed,,0.3584909692979491,0.2870105922853485,0.4310350763607645,0.8663115064520002,0.8367812678216037,0.8921585614111085,0.3173729181676797,0.0,0.5181644359464627,1707,1569,138,1620,repope,3689,352,176,3865,176,93,0
internvl3.5-8b,internvl3.5-8b,pope,Sphere-Traj-LSTM,proxy_anchor,logistic,StageC-logistic,supervised_comparator,supervised_comparator,test,test,pooled,0.5,20260506,,,,0.1,passed,,0.48771687401113356,0.407079665845067,0.5691724936696164,0.9344085127608279,0.9209198514794016,0.9476699266809915,0.47866774424199304,0.2028985507246377,0.18036966220522627,1707,1569,138,1620,repope,3689,352,176,3865,176,93,0
internvl3.5-8b,internvl3.5-8b,pope,Sphere-Traj-LSTM,proxy_anchor,single_vmf,StageC-single_vmf,single_vmf,support_estimator,test,test,pooled,0.5,20260507,,,,,passed,,0.39267077977312864,0.32122044164331304,0.47337026903916807,0.8855174070071401,0.8520054210453475,0.9128527727699874,0.3970624723082625,0.06521739130434782,0.6347992351816444,1707,1569,138,1620,repope,3689,352,176,3865,176,93,0
internvl3.5-8b,internvl3.5-8b,pope,Sphere-Traj-LSTM,proxy_anchor,mixture_vmf,StageC-mixture_vmf,mixture_vmf,support_estimator,test,test,pooled,0.5,20260507,,2,,,passed,,0.04371894413774465,0.036926358679779565,0.051576674908075465,0.08606515735121605,0.07015969207136809,0.10227292228700137,0.044220624713996924,0.0,0.9904397705544933,1707,1569,138,1620,repope,3689,352,176,3865,176,93,0
internvl3.5-8b,internvl3.5-8b,pope,Sphere-Traj-LSTM,proxy_anchor,knn,StageC-knn,knn,support_estimator,test,test,pooled,0.5,20260507,32,,,,passed,,0.38317809343365816,0.3099488016344801,0.4620008747957076,0.903400116385402,0.884492902436072,0.9197572038925695,0.38754735378180244,0.06521739130434782,0.3352453792224347,1707,1569,138,1620,repope,3689,352,176,3865,176,93,0
internvl3.5-8b,internvl3.5-8b,pope,Sphere-Traj-LSTM,proxy_anchor,radius_ball,StageC-radius_ball,radius_ball,support_estimator,test,test,pooled,0.5,20260507,,,0.01814310545981271,,passed,,0.38654167974128784,0.32272433014938334,0.45572215582771053,0.8855843747979419,0.865379840244595,0.9037105376479969,0.3221446582479087,0.0,0.4047163798597833,1707,1569,138,1620,repope,3689,352,176,3865,176,93,0
internvl3.5-8b,internvl3.5-8b,pope,Sphere-Traj-LSTM,proxy_anchor,logistic,StageC-logistic,supervised_comparator,supervised_comparator,test,test,pooled,0.5,20260507,,,,0.1,passed,,0.41052978088371156,0.3406821577883552,0.49425333727065085,0.9201328271492042,0.9047830594316663,0.9353499481616604,0.40208767152343666,0.10144927536231885,0.20777565328234543,1707,1569,138,1620,repope,3689,352,176,3865,176,93,0
internvl3.5-8b,internvl3.5-8b,pope,Sphere-Traj-LSTM,proxy_anchor,single_vmf,StageC-single_vmf,single_vmf,support_estimator,test,test,pooled,0.5,20260508,,,,,passed,,0.38079934782288716,0.30631010492769445,0.45529518590860085,0.8671266661124505,0.8338210696464965,0.8976094807917903,0.38556985827536827,0.12318840579710146,0.6150414276609305,1707,1569,138,1620,repope,3689,352,176,3865,176,93,0
internvl3.5-8b,internvl3.5-8b,pope,Sphere-Traj-LSTM,proxy_anchor,mixture_vmf,StageC-mixture_vmf,mixture_vmf,support_estimator,test,test,pooled,0.5,20260508,,4,,,passed,,0.38079934782288716,0.30631010492769445,0.45529518590860085,0.8671266661124505,0.8338210696464965,0.8976094807917903,0.38556985827536827,0.12318840579710146,0.6150414276609305,1707,1569,138,1620,repope,3689,352,176,3865,176,93,0
internvl3.5-8b,internvl3.5-8b,pope,Sphere-Traj-LSTM,proxy_anchor,knn,StageC-knn,knn,support_estimator,test,test,pooled,0.5,20260508,32,,,,passed,,0.31912824899831926,0.2506023548667058,0.38971115723627525,0.8623696437313528,0.8383229312191439,0.8842850271841141,0.323606311542536,0.08695652173913043,0.33397068196303376,1707,1569,138,1620,repope,3689,352,176,3865,176,93,0
internvl3.5-8b,internvl3.5-8b,pope,Sphere-Traj-LSTM,proxy_anchor,radius_ball,StageC-radius_ball,radius_ball,support_estimator,test,test,pooled,0.5,20260508,,,0.017936525230252572,,passed,,0.29937990366582135,0.23996227344890586,0.3614611090492985,0.8521905395294704,0.8271573616064815,0.8757485745416298,0.2587820105753311,0.0,0.3792224346717655,1707,1569,138,1620,repope,3689,352,176,3865,176,93,0
internvl3.5-8b,internvl3.5-8b,pope,Sphere-Traj-LSTM,proxy_anchor,logistic,StageC-logistic,supervised_comparator,supervised_comparator,test,test,pooled,0.5,20260508,,,,0.1,passed,,0.42735079570682494,0.35048447394853177,0.5002336202131842,0.9153111462114705,0.8978548930892203,0.9307142649513437,0.39710701595350995,0.0,0.2390057361376673,1707,1569,138,1620,repope,3689,352,176,3865,176,93,0
minicpm-v-2_6,minicpm-v-2_6,pope,Sphere-Traj-LSTM,proxy_anchor,single_vmf,StageC-single_vmf,single_vmf,support_estimator,test,test,pooled,0.5,20260506,,,,,passed,,0.031159566352727527,0.013206070656755749,0.08742249559733432,0.835129993658846,0.7606006998351638,0.9040102665937225,0.03971008512527083,0.07692307692307693,0.4438807863031072,1590,1577,13,1582,repope,3776,80,40,3816,40,210,0
minicpm-v-2_6,minicpm-v-2_6,pope,Sphere-Traj-LSTM,proxy_anchor,mixture_vmf,StageC-mixture_vmf,mixture_vmf,support_estimator,test,test,pooled,0.5,20260506,,2,,,passed,,0.031159566352727527,0.013206070656755749,0.08742249559733432,0.835129993658846,0.7606006998351638,0.9040102665937225,0.03971008512527083,0.07692307692307693,0.4438807863031072,1590,1577,13,1582,repope,3776,80,40,3816,40,210,0
minicpm-v-2_6,minicpm-v-2_6,pope,Sphere-Traj-LSTM,proxy_anchor,knn,StageC-knn,knn,support_estimator,test,test,pooled,0.5,20260506,16,,,,passed,,0.005129993981197303,0.002651384745330505,0.008875798848101538,0.2814496853812009,0.13105720704543045,0.450329241286568,0.0057756603651969735,0.0,0.9917564996829423,1590,1577,13,1582,repope,3776,80,40,3816,40,210,0
minicpm-v-2_6,minicpm-v-2_6,pope,Sphere-Traj-LSTM,proxy_anchor,radius_ball,StageC-radius_ball,radius_ball,support_estimator,test,test,pooled,0.5,20260506,,,0.015450013581692538,,passed,,0.04502100708767552,0.003045299229608477,0.1386897127350146,0.3850543875908492,0.2426831591255287,0.5503502307259478,0.007835503396536287,0.0,0.8922003804692454,1590,1577,13,1582,repope,3776,80,40,3816,40,210,0
minicpm-v-2_6,minicpm-v-2_6,pope,Sphere-Traj-LSTM,proxy_anchor,logistic,StageC-logistic,supervised_comparator,supervised_comparator,test,test,pooled,0.5,20260506,,,,10.0,passed,,0.048026976773059386,0.021229600610490396,0.09849895565700803,0.8975659723915906,0.8384470281154307,0.9457252567941539,0.05672616672473549,0.07692307692307693,0.30120481927710846,1590,1577,13,1582,repope,3776,80,40,3816,40,210,0
minicpm-v-2_6,minicpm-v-2_6,pope,Sphere-Traj-LSTM,proxy_anchor,single_vmf,StageC-single_vmf,single_vmf,support_estimator,test,test,pooled,0.5,20260507,,,,,passed,,0.1222850596952057,0.01597944056838167,0.32336609416182527,0.8689332227696209,0.8044899237430007,0.9339937573383944,0.12860682601512702,0.15384615384615385,0.33100824350031705,1590,1577,13,1582,repope,3776,80,40,3816,40,210,0
minicpm-v-2_6,minicpm-v-2_6,pope,Sphere-Traj-LSTM,proxy_anchor,mixture_vmf,StageC-mixture_vmf,mixture_vmf,support_estimator,test,test,pooled,0.5,20260507,,2,,,passed,,0.1222850596952057,0.01597944056838167,0.32336609416182527,0.8689332227696209,0.8044899237430007,0.9339937573383944,0.12860682601512702,0.15384615384615385,0.33100824350031705,1590,1577,13,1582,repope,3776,80,40,3816,40,210,0
minicpm-v-2_6,minicpm-v-2_6,pope,Sphere-Traj-LSTM,proxy_anchor,knn,StageC-knn,knn,support_estimator,test,test,pooled,0.5,20260507,32,,,,passed,,0.038806435775988996,0.007990526422875939,0.15365290435239592,0.7134773913467636,0.5935161069658395,0.8453623328251433,0.053842167367026,0.15384615384615385,0.673430564362714,1590,1577,13,1582,repope,3776,80,40,3816,40,210,0
minicpm-v-2_6,minicpm-v-2_6,pope,Sphere-Traj-LSTM,proxy_anchor,radius_ball,StageC-radius_ball,radius_ball,support_estimator,test,test,pooled,0.5,20260507,,,0.007575214267842335,,passed,,0.317929671053179,0.17380826116905626,0.4613408031375532,0.6974050046339203,0.5537250859141165,0.8268689231509048,0.01579262312483429,0.0,0.8008877615726062,1590,1577,13,1582,repope,3776,80,40,3816,40,210,0
minicpm-v-2_6,minicpm-v-2_6,pope,Sphere-Traj-LSTM,proxy_anchor,logistic,StageC-logistic,supervised_comparator,supervised_comparator,test,test,pooled,0.5,20260507,,,,0.1,passed,,0.16206883056157906,0.03366195441164119,0.3838802144065911,0.9452221842836934,0.9234663573617111,0.9677674874945716,0.17334729490335138,0.15384615384615385,0.11033608116677235,1590,1577,13,1582,repope,3776,80,40,3816,40,210,0
minicpm-v-2_6,minicpm-v-2_6,pope,Sphere-Traj-LSTM,proxy_anchor,single_vmf,StageC-single_vmf,single_vmf,support_estimator,test,test,pooled,0.5,20260508,,,,,passed,,0.181197107358839,0.012736964010028159,0.39376942568326745,0.776254816838203,0.605798878724483,0.9270423006503272,0.18426442108037377,0.15384615384615385,0.9613189600507293,1590,1577,13,1582,repope,3776,80,40,3816,40,210,0
minicpm-v-2_6,minicpm-v-2_6,pope,Sphere-Traj-LSTM,proxy_anchor,mixture_vmf,StageC-mixture_vmf,mixture_vmf,support_estimator,test,test,pooled,0.5,20260508,,2,,,passed,,0.00441398507911003,0.002136988244001772,0.006782373816437019,0.12614018828349835,0.06672564919333202,0.19457918598227364,0.004833898901159203,0.0,1.0,1590,1577,13,1582,repope,3776,80,40,3816,40,210,0
minicpm-v-2_6,minicpm-v-2_6,pope,Sphere-Traj-LSTM,proxy_anchor,knn,StageC-knn,knn,support_estimator,test,test,pooled,0.5,20260508,4,,,,passed,,0.05321673993603537,0.007651620102221054,0.260610732780876,0.7572801326764549,0.6790497728720938,0.8348327036433499,0.0787509648231184,0.15384615384615385,0.424857324032974,1590,1577,13,1582,repope,3776,80,40,3816,40,210,0
minicpm-v-2_6,minicpm-v-2_6,pope,Sphere-Traj-LSTM,proxy_anchor,radius_ball,StageC-radius_ball,radius_ball,support_estimator,test,test,pooled,0.5,20260508,,,0.00906405868349422,,passed,,0.3956924062817157,0.25944741137924254,0.5084320592725946,0.7754987561582362,0.7234723157726333,0.8183008497995718,0.0181821116498872,0.0,0.37666455294863666,1590,1577,13,1582,repope,3776,80,40,3816,40,210,0
minicpm-v-2_6,minicpm-v-2_6,pope,Sphere-Traj-LSTM,proxy_anchor,logistic,StageC-logistic,supervised_comparator,supervised_comparator,test,test,pooled,0.5,20260508,,,,0.1,passed,,0.18141360579239887,0.012802703175276283,0.3933779149352494,0.7902541339446856,0.6327816455696202,0.9246231864117473,0.1845148141688458,0.15384615384615385,0.8871274571972099,1590,1577,13,1582,repope,3776,80,40,3816,40,210,0
gemma-3-12b-it,gemma-3-12b-it,pope,Sphere-Traj-LSTM,proxy_anchor,single_vmf,StageC-single_vmf,single_vmf,support_estimator,test,test,pooled,0.5,20260506,,,,,passed,,0.6255300069475409,0.5536586312592633,0.704153670473896,0.9396211365902294,0.9237538191925947,0.9551929343761005,0.6281481530129878,0.10160427807486631,0.27322033898305087,1662,1475,187,1543,repope,3553,425,212,3765,212,138,0
gemma-3-12b-it,gemma-3-12b-it,pope,Sphere-Traj-LSTM,proxy_anchor,mixture_vmf,StageC-mixture_vmf,mixture_vmf,support_estimator,test,test,pooled,0.5,20260506,,8,,,passed,,0.6255300069475409,0.5536586312592633,0.704153670473896,0.9396211365902294,0.9237538191925947,0.9551929343761005,0.6281481530129878,0.10160427807486631,0.27322033898305087,1662,1475,187,1543,repope,3553,425,212,3765,212,138,0
gemma-3-12b-it,gemma-3-12b-it,pope,Sphere-Traj-LSTM,proxy_anchor,knn,StageC-knn,knn,support_estimator,test,test,pooled,0.5,20260506,32,,,,passed,,0.5235250445428076,0.4558347875633258,0.5997075954672815,0.9145146379044684,0.8994604306169767,0.9282034671262471,0.5262184826498817,0.10160427807486631,0.24135593220338983,1662,1475,187,1543,repope,3553,425,212,3765,212,138,0
gemma-3-12b-it,gemma-3-12b-it,pope,Sphere-Traj-LSTM,proxy_anchor,radius_ball,StageC-radius_ball,radius_ball,support_estimator,test,test,pooled,0.5,20260506,,,0.01482555265630899,,passed,,0.5185660901339267,0.4577805663538659,0.581700678569522,0.8980748663101603,0.8813852734135819,0.9130291080358672,0.42917313108441973,0.0,0.24338983050847457,1662,1475,187,1543,repope,3553,425,212,3765,212,138,0
gemma-3-12b-it,gemma-3-12b-it,pope,Sphere-Traj-LSTM,proxy_anchor,logistic,StageC-logistic,supervised_comparator,supervised_comparator,test,test,pooled,0.5,20260506,,,,0.1,passed,,0.6320304828528263,0.5612264391129539,0.7079722421407013,0.9528215353938186,0.9430628507556801,0.962337790015675,0.6153017510934765,0.09090909090909091,0.16135593220338984,1662,1475,187,1543,repope,3553,425,212,3765,212,138,0
gemma-3-12b-it,gemma-3-12b-it,pope,Sphere-Traj-LSTM,proxy_anchor,single_vmf,StageC-single_vmf,single_vmf,support_estimator,test,test,pooled,0.5,20260507,,,,,passed,,0.6168023282371806,0.5401780736934391,0.6844166186154584,0.9238212634822804,0.9002664527601436,0.9458514821866698,0.619100183579044,0.12834224598930483,0.3694915254237288,1662,1475,187,1543,repope,3553,425,212,3765,212,138,0
gemma-3-12b-it,gemma-3-12b-it,pope,Sphere-Traj-LSTM,proxy_anchor,mixture_vmf,StageC-mixture_vmf,mixture_vmf,support_estimator,test,test,pooled,0.5,20260507,,2,,,passed,,0.6168023282371806,0.5401780736934391,0.6844166186154584,0.9238212634822804,0.9002664527601436,0.9458514821866698,0.619100183579044,0.12834224598930483,0.3694915254237288,1662,1475,187,1543,repope,3553,425,212,3765,212,138,0
gemma-3-12b-it,gemma-3-12b-it,pope,Sphere-Traj-LSTM,proxy_anchor,knn,StageC-knn,knn,support_estimator,test,test,pooled,0.5,20260507,32,,,,passed,,0.5485661594465692,0.47770446103617614,0.6187892227417853,0.923426085380223,0.9087383708118012,0.9377332656234986,0.5509517470291035,0.12834224598930483,0.2122033898305085,1662,1475,187,1543,repope,3553,425,212,3765,212,138,0
gemma-3-12b-it,gemma-3-12b-it,pope,Sphere-Traj-LSTM,proxy_anchor,radius_ball,StageC-radius_ball,radius_ball,support_estimator,test,test,pooled,0.5,20260507,,,0.008543779056727218,,passed,,0.6296826527233575,0.5923446235547568,0.6657773209459527,0.8864189250430526,0.8713260029681006,0.9007386181093671,0.3696541693946422,0.0,0.3369491525423729,1662,1475,187,1543,repope,3553,425,212,3765,212,138,0
gemma-3-12b-it,gemma-3-12b-it,pope,Sphere-Traj-LSTM,proxy_anchor,logistic,StageC-logistic,supervised_comparator,supervised_comparator,test,test,pooled,0.5,20260507,,,,0.1,passed,,0.635171704124612,0.5627690173934209,0.6994130606604543,0.9479724462974712,0.9360729346921008,0.9590672325113571,0.6063614093370155,0.0,0.13898305084745763,1662,1475,187,1543,repope,3553,425,212,3765,212,138,0
gemma-3-12b-it,gemma-3-12b-it,pope,Sphere-Traj-LSTM,proxy_anchor,single_vmf,StageC-single_vmf,single_vmf,support_estimator,test,test,pooled,0.5,20260508,,,,,passed,,0.6484926606684306,0.5777412402947278,0.7173964503017918,0.9432248708420194,0.9280590639070926,0.956570352101703,0.6505447269700203,0.17647058823529413,0.19796610169491524,1662,1475,187,1543,repope,3553,425,212,3765,212,138,0
gemma-3-12b-it,gemma-3-12b-it,pope,Sphere-Traj-LSTM,proxy_anchor,mixture_vmf,StageC-mixture_vmf,mixture_vmf,support_estimator,test,test,pooled,0.5,20260508,,4,,,passed,,0.6484945943978175,0.5777412402947278,0.7173965924620016,0.9432266835856068,0.9280629900394294,0.9565704419015213,0.6505447269700203,0.17647058823529413,0.19796610169491524,1662,1475,187,1543,repope,3553,425,212,3765,212,138,0
gemma-3-12b-it,gemma-3-12b-it,pope,Sphere-Traj-LSTM,proxy_anchor,knn,StageC-knn,knn,support_estimator,test,test,pooled,0.5,20260508,32,,,,passed,,0.5471564758714924,0.4765293163896653,0.6147430521458584,0.9145581437505664,0.8985729738683635,0.9302020899488609,0.5493260622065814,0.1925133689839572,0.29152542372881357,1662,1475,187,1543,repope,3553,425,212,3765,212,138,0
gemma-3-12b-it,gemma-3-12b-it,pope,Sphere-Traj-LSTM,proxy_anchor,radius_ball,StageC-radius_ball,radius_ball,support_estimator,test,test,pooled,0.5,20260508,,,0.007050916620418831,,passed,,0.5818569003564122,0.5415038411134206,0.6204975047610665,0.8674159340161335,0.8512423846477581,0.8838660786499429,0.3301180618388239,0.0,0.34711864406779663,1662,1475,187,1543,repope,3553,425,212,3765,212,138,0
gemma-3-12b-it,gemma-3-12b-it,pope,Sphere-Traj-LSTM,proxy_anchor,logistic,StageC-logistic,supervised_comparator,supervised_comparator,test,test,pooled,0.5,20260508,,,,0.1,passed,,0.653433026301439,0.5852740334465267,0.7215330000436698,0.9523284691380405,0.9423454354825241,0.9616347034474885,0.6231147186361412,0.0,0.14440677966101695,1662,1475,187,1543,repope,3553,425,212,3765,212,138,0
gemma-4-12b-it,gemma-4-12b-it,pope,Sphere-Traj-LSTM,proxy_anchor,single_vmf,StageC-single_vmf,single_vmf,support_estimator,test,test,pooled,0.5,20260506,,,,,passed,,0.16901448324820242,0.08925275741797131,0.27013190038694124,0.8115063728021306,0.7050596375604649,0.9017311646736056,0.18451184187991743,0.0,0.8786857624262847,1218,1187,31,1180,repope,2926,64,32,2958,32,117,465
gemma-4-12b-it,gemma-4-12b-it,pope,Sphere-Traj-LSTM,proxy_anchor,mixture_vmf,StageC-mixture_vmf,mixture_vmf,support_estimator,test,test,pooled,0.5,20260506,,2,,,passed,,0.16901448324820242,0.08925275741797133,0.27013190038694124,0.8115063728021306,0.7050596375604649,0.9017311646736058,0.18451184187991743,0.0,0.8786857624262847,1218,1187,31,1180,repope,2926,64,32,2958,32,117,465
gemma-4-12b-it,gemma-4-12b-it,pope,Sphere-Traj-LSTM,proxy_anchor,knn,StageC-knn,knn,support_estimator,test,test,pooled,0.5,20260506,8,,,,passed,,0.17060282095151777,0.09441493275871926,0.2928784881461075,0.9026279316248607,0.8676586213635991,0.9330313394469829,0.19747400949180835,0.22580645161290322,0.3159224936815501,1218,1187,31,1180,repope,2926,64,32,2958,32,117,465
gemma-4-12b-it,gemma-4-12b-it,pope,Sphere-Traj-LSTM,proxy_anchor,radius_ball,StageC-radius_ball,radius_ball,support_estimator,test,test,pooled,0.5,20260506,,,0.012223404758435247,,passed,,0.39136674376688935,0.2917511383216664,0.48354401874846437,0.8786449982335516,0.8472237675497585,0.9072207796113106,0.10142920918503734,0.0,0.36057287278854255,1218,1187,31,1180,repope,2926,64,32,2958,32,117,465
gemma-4-12b-it,gemma-4-12b-it,pope,Sphere-Traj-LSTM,proxy_anchor,logistic,StageC-logistic,supervised_comparator,supervised_comparator,test,test,pooled,0.5,20260506,,,,0.1,passed,,0.16766704276705716,0.09217480395523213,0.2614637125823545,0.8867298964589505,0.8404130264984477,0.9288933084372226,0.1825740098204543,0.0,0.38079191238416177,1218,1187,31,1180,repope,2926,64,32,2958,32,117,465
gemma-4-12b-it,gemma-4-12b-it,pope,Sphere-Traj-LSTM,proxy_anchor,single_vmf,StageC-single_vmf,single_vmf,support_estimator,test,test,pooled,0.5,20260507,,,,,passed,,0.17034142050068066,0.09569590954947932,0.2738978331811511,0.8443894882735006,0.7679050955825368,0.9207013100154878,0.18522463067278255,0.03225806451612903,0.7228306655433867,1218,1187,31,1180,repope,2926,64,32,2958,32,117,465
gemma-4-12b-it,gemma-4-12b-it,pope,Sphere-Traj-LSTM,proxy_anchor,mixture_vmf,StageC-mixture_vmf,mixture_vmf,support_estimator,test,test,pooled,0.5,20260507,,2,,,passed,,0.17034142050068066,0.09569590954947932,0.2738978331811511,0.8443894882735006,0.7679050955825368,0.9207013100154878,0.18522463067278255,0.03225806451612903,0.7228306655433867,1218,1187,31,1180,repope,2926,64,32,2958,32,117,465
gemma-4-12b-it,gemma-4-12b-it,pope,Sphere-Traj-LSTM,proxy_anchor,knn,StageC-knn,knn,support_estimator,test,test,pooled,0.5,20260507,1,,,,passed,,0.04861140674523998,0.02912713492873556,0.07573157952704156,0.7187270701415877,0.6432543717733046,0.7889276630092013,0.05199909103895364,0.0,1.0,1218,1187,31,1180,repope,2926,64,32,2958,32,117,465
gemma-4-12b-it,gemma-4-12b-it,pope,Sphere-Traj-LSTM,proxy_anchor,radius_ball,StageC-radius_ball,radius_ball,support_estimator,test,test,pooled,0.5,20260507,,,0.00785452629462825,,passed,,0.27964225697981065,0.18279998440431175,0.3720639745010635,0.7522352365681985,0.7029876660515758,0.8011232408217226,0.05088163841467552,0.0,0.5214827295703454,1218,1187,31,1180,repope,2926,64,32,2958,32,117,465
gemma-4-12b-it,gemma-4-12b-it,pope,Sphere-Traj-LSTM,proxy_anchor,logistic,StageC-logistic,supervised_comparator,supervised_comparator,test,test,pooled,0.5,20260507,,,,1.0,passed,,0.16635478991125968,0.09758472203687821,0.2545248841800691,0.9012419490719352,0.8627699462984273,0.9390446126738786,0.17821976010106438,0.0,0.35299073294018535,1218,1187,31,1180,repope,2926,64,32,2958,32,117,465
gemma-4-12b-it,gemma-4-12b-it,pope,Sphere-Traj-LSTM,proxy_anchor,single_vmf,StageC-single_vmf,single_vmf,support_estimator,test,test,pooled,0.5,20260508,,,,,passed,,0.23407477839054694,0.1344380262869386,0.3568607649246528,0.8675163736174145,0.7634389646041656,0.9572336434573829,0.24790692548181262,0.0,0.9654591406908172,1218,1187,31,1180,repope,2926,64,32,2958,32,117,465
gemma-4-12b-it,gemma-4-12b-it,pope,Sphere-Traj-LSTM,proxy_anchor,mixture_vmf,StageC-mixture_vmf,mixture_vmf,support_estimator,test,test,pooled,0.5,20260508,,2,,,passed,,0.23407477839054697,0.1344380262869386,0.3568607649246528,0.8675163736174145,0.7634389646041656,0.9572336434573829,0.24790692548181265,0.0,0.9654591406908172,1218,1187,31,1180,repope,2926,64,32,2958,32,117,465
gemma-4-12b-it,gemma-4-12b-it,pope,Sphere-Traj-LSTM,proxy_anchor,knn,StageC-knn,knn,support_estimator,test,test,pooled,0.5,20260508,32,,,,passed,,0.16938366468979907,0.10466346472610175,0.25078443544067464,0.9264070440525043,0.8996421772869153,0.949107757495355,0.18235532030271678,0.0,0.17607413647851727,1218,1187,31,1180,repope,2926,64,32,2958,32,117,465
gemma-4-12b-it,gemma-4-12b-it,pope,Sphere-Traj-LSTM,proxy_anchor,radius_ball,StageC-radius_ball,radius_ball,support_estimator,test,test,pooled,0.5,20260508,,,0.003669485013849859,,passed,,0.4633663548479079,0.39143453206511825,0.5233890499389648,0.8396880180449493,0.8110162820015238,0.8669601732743047,0.0760414654561844,0.0,0.36562763268744736,1218,1187,31,1180,repope,2926,64,32,2958,32,117,465
gemma-4-12b-it,gemma-4-12b-it,pope,Sphere-Traj-LSTM,proxy_anchor,logistic,StageC-logistic,supervised_comparator,supervised_comparator,test,test,pooled,0.5,20260508,,,,10.0,passed,,0.07743742833169479,0.03439628071719236,0.1440422841286495,0.5662689893197815,0.42288416287910885,0.6988218429459787,0.08849587615747326,0.0,0.9797809604043808,1218,1187,31,1180,repope,2926,64,32,2958,32,117,465
qwen3.5-4b,qwen3.5-4b,pope,Sphere-Traj-LSTM,proxy_anchor,single_vmf,StageC-single_vmf,single_vmf,support_estimator,test,test,pooled,0.5,20260506,,,,,passed,,0.2690073398398589,0.17284640522154932,0.39994463665877233,0.9553781648121271,0.9388463540922346,0.968975346778004,0.28492702972032224,0.2564102564102564,0.15283018867924528,1629,1590,39,1622,repope,3852,84,42,3894,42,171,0
qwen3.5-4b,qwen3.5-4b,pope,Sphere-Traj-LSTM,proxy_anchor,mixture_vmf,StageC-mixture_vmf,mixture_vmf,support_estimator,test,test,pooled,0.5,20260506,,4,,,passed,,0.2690073398398589,0.17284640522154932,0.3999446366587724,0.9553781648121271,0.9388463540922346,0.968975346778004,0.28492702972032224,0.2564102564102564,0.15283018867924528,1629,1590,39,1622,repope,3852,84,42,3894,42,171,0
qwen3.5-4b,qwen3.5-4b,pope,Sphere-Traj-LSTM,proxy_anchor,knn,StageC-knn,knn,support_estimator,test,test,pooled,0.5,20260506,32,,,,passed,,0.17676983353879394,0.10379488110143666,0.286027182046174,0.8885018545395904,0.8475372433973637,0.9241489840959181,0.18946617421224327,0.15384615384615385,0.38238993710691827,1629,1590,39,1622,repope,3852,84,42,3894,42,171,0
qwen3.5-4b,qwen3.5-4b,pope,Sphere-Traj-LSTM,proxy_anchor,radius_ball,StageC-radius_ball,radius_ball,support_estimator,test,test,pooled,0.5,20260506,,,0.00637488285998241,,passed,,0.4505635192570869,0.3852643625421552,0.504862419607014,0.7531930333817126,0.7137887429200754,0.7877693469065872,0.04817677592535696,0.0,0.5559748427672956,1629,1590,39,1622,repope,3852,84,42,3894,42,171,0
qwen3.5-4b,qwen3.5-4b,pope,Sphere-Traj-LSTM,proxy_anchor,logistic,StageC-logistic,supervised_comparator,supervised_comparator,test,test,pooled,0.5,20260506,,,,0.1,passed,,0.2655989367312565,0.1676664301123084,0.3984960144063464,0.9454281567489115,0.91942665438576,0.9657119028838199,0.28144729924338685,0.3076923076923077,0.2723270440251572,1629,1590,39,1622,repope,3852,84,42,3894,42,171,0
qwen3.5-4b,qwen3.5-4b,pope,Sphere-Traj-LSTM,proxy_anchor,single_vmf,StageC-single_vmf,single_vmf,support_estimator,test,test,pooled,0.5,20260507,,,,,passed,,0.2523226445615029,0.1616429823811367,0.3636431440462686,0.9568456700532172,0.9426306246368211,0.9693176234964441,0.26259487493260103,0.07692307692307693,0.12264150943396226,1629,1590,39,1622,repope,3852,84,42,3894,42,171,0
qwen3.5-4b,qwen3.5-4b,pope,Sphere-Traj-LSTM,proxy_anchor,mixture_vmf,StageC-mixture_vmf,mixture_vmf,support_estimator,test,test,pooled,0.5,20260507,,2,,,passed,,0.2523226445615029,0.1616429823811367,0.3636431440462686,0.9568456700532172,0.9426306246368211,0.9693176234964441,0.26259487493260103,0.07692307692307693,0.12264150943396226,1629,1590,39,1622,repope,3852,84,42,3894,42,171,0
qwen3.5-4b,qwen3.5-4b,pope,Sphere-Traj-LSTM,proxy_anchor,knn,StageC-knn,knn,support_estimator,test,test,pooled,0.5,20260507,32,,,,passed,,0.1882957307556609,0.10817083920216077,0.2913210360158161,0.8905821641670698,0.8534745914605828,0.9237891076031276,0.19733752565805898,0.05128205128205128,0.2968553459119497,1629,1590,39,1622,repope,3852,84,42,3894,42,171,0
qwen3.5-4b,qwen3.5-4b,pope,Sphere-Traj-LSTM,proxy_anchor,radius_ball,StageC-radius_ball,radius_ball,support_estimator,test,test,pooled,0.5,20260507,,,0.006548727216977208,,passed,,0.45084871013726596,0.3842171022901431,0.5122814304886459,0.8285034671827124,0.7933767947429471,0.8603505279777265,0.0700583093232433,0.0,0.4459119496855346,1629,1590,39,1622,repope,3852,84,42,3894,42,171,0
qwen3.5-4b,qwen3.5-4b,pope,Sphere-Traj-LSTM,proxy_anchor,logistic,StageC-logistic,supervised_comparator,supervised_comparator,test,test,pooled,0.5,20260507,,,,0.1,passed,,0.2524863734234024,0.16070943687602168,0.36299871213243573,0.9567005321722303,0.9424576055415188,0.9694180576933284,0.2627915747859461,0.07692307692307693,0.12452830188679245,1629,1590,39,1622,repope,3852,84,42,3894,42,171,0
qwen3.5-4b,qwen3.5-4b,pope,Sphere-Traj-LSTM,proxy_anchor,single_vmf,StageC-single_vmf,single_vmf,support_estimator,test,test,pooled,0.5,20260508,,,,,passed,,0.20104512317897547,0.12353346222678896,0.2966946466290505,0.9178680857926141,0.8702053655291171,0.9592266256140909,0.2125132527222856,0.07692307692307693,0.5314465408805031,1629,1590,39,1622,repope,3852,84,42,3894,42,171,0
qwen3.5-4b,qwen3.5-4b,pope,Sphere-Traj-LSTM,proxy_anchor,mixture_vmf,StageC-mixture_vmf,mixture_vmf,support_estimator,test,test,pooled,0.5,20260508,,2,,,passed,,0.20104512317897547,0.12353346222678896,0.2966946466290505,0.9178680857926141,0.8702053655291171,0.9592266256140909,0.2125132527222856,0.07692307692307693,0.5314465408805031,1629,1590,39,1622,repope,3852,84,42,3894,42,171,0
qwen3.5-4b,qwen3.5-4b,pope,Sphere-Traj-LSTM,proxy_anchor,knn,StageC-knn,knn,support_estimator,test,test,pooled,0.5,20260508,2,,,,passed,,0.1628850503498167,0.09358518122020788,0.25991184141768986,0.9091598129333979,0.8800980241034437,0.9356567107831826,0.17147878390174798,0.05128205128205128,0.21320754716981133,1629,1590,39,1622,repope,3852,84,42,3894,42,171,0
qwen3.5-4b,qwen3.5-4b,pope,Sphere-Traj-LSTM,proxy_anchor,radius_ball,StageC-radius_ball,radius_ball,support_estimator,test,test,pooled,0.5,20260508,,,0.005997844922609379,,passed,,0.516284511351809,0.48454670117715193,0.5357142857142857,0.7957023060796646,0.7747016110865438,0.81356131949845,0.05688258380192034,0.0,0.3937106918238994,1629,1590,39,1622,repope,3852,84,42,3894,42,171,0
qwen3.5-4b,qwen3.5-4b,pope,Sphere-Traj-LSTM,proxy_anchor,logistic,StageC-logistic,supervised_comparator,supervised_comparator,test,test,pooled,0.5,20260508,,,,0.1,passed,,0.1991479289114422,0.12422435920917024,0.2935409891045625,0.9337687469762941,0.9061859886625856,0.9567912784391533,0.21077557667904553,0.07692307692307693,0.2811320754716981,1629,1590,39,1622,repope,3852,84,42,3894,42,171,0
qwen3.5-9b,qwen3.5-9b,pope,Sphere-Traj-LSTM,proxy_anchor,single_vmf,StageC-single_vmf,single_vmf,support_estimator,test,test,pooled,0.5,20260506,,,,,passed,,0.27019108249749196,0.17642121924033075,0.38430914220796125,0.9341020265548567,0.892424480928827,0.9618389480299642,0.28027271910420026,0.17777777777777778,0.12264150943396226,1635,1590,45,1642,repope,3885,114,57,3942,57,165,0
qwen3.5-9b,qwen3.5-9b,pope,Sphere-Traj-LSTM,proxy_anchor,mixture_vmf,StageC-mixture_vmf,mixture_vmf,support_estimator,test,test,pooled,0.5,20260506,,8,,,passed,,0.014288981463789001,0.010034523657623017,0.01810956218760113,0.05587700908455624,0.037294318465401995,0.07792630968105085,0.014732721404928846,0.0,0.9943396226415094,1635,1590,45,1642,repope,3885,114,57,3942,57,165,0
qwen3.5-9b,qwen3.5-9b,pope,Sphere-Traj-LSTM,proxy_anchor,knn,StageC-knn,knn,support_estimator,test,test,pooled,0.5,20260506,1,,,,passed,,0.1875605866135261,0.12348609289581182,0.26466714950788867,0.919874213836478,0.893668726444817,0.9426239873453403,0.19619023745030587,0.044444444444444446,0.23647798742138365,1635,1590,45,1642,repope,3885,114,57,3942,57,165,0
qwen3.5-9b,qwen3.5-9b,pope,Sphere-Traj-LSTM,proxy_anchor,radius_ball,StageC-radius_ball,radius_ball,support_estimator,test,test,pooled,0.5,20260506,,,0.01632956357765619,,passed,,0.4162172402733981,0.3189542381966772,0.5000541823733474,0.9306359189378057,0.9120675089610638,0.9478569213351086,0.1853747908575064,0.0,0.15157232704402515,1635,1590,45,1642,repope,3885,114,57,3942,57,165,0
qwen3.5-9b,qwen3.5-9b,pope,Sphere-Traj-LSTM,proxy_anchor,logistic,StageC-logistic,supervised_comparator,supervised_comparator,test,test,pooled,0.5,20260506,,,,0.1,passed,,0.23900575841001345,0.14714834839001215,0.35205479860661315,0.8170090845562544,0.7200290340454011,0.8991622811815992,0.23026619129123924,0.17777777777777778,0.8333333333333334,1635,1590,45,1642,repope,3885,114,57,3942,57,165,0
qwen3.5-9b,qwen3.5-9b,pope,Sphere-Traj-LSTM,proxy_anchor,single_vmf,StageC-single_vmf,single_vmf,support_estimator,test,test,pooled,0.5,20260507,,,,,passed,,0.23879598251900883,0.14288260972837022,0.35587654562891363,0.9155835080363383,0.8841658185600508,0.9432611762021849,0.2484622684937102,0.1111111111111111,0.25345911949685535,1635,1590,45,1642,repope,3885,114,57,3942,57,165,0
qwen3.5-9b,qwen3.5-9b,pope,Sphere-Traj-LSTM,proxy_anchor,mixture_vmf,StageC-mixture_vmf,mixture_vmf,support_estimator,test,test,pooled,0.5,20260507,,2,,,passed,,0.23879598251900883,0.14288260972837022,0.35587654562891363,0.9155835080363383,0.8841658185600508,0.9432611762021849,0.2484622684937102,0.1111111111111111,0.25345911949685535,1635,1590,45,1642,repope,3885,114,57,3942,57,165,0
qwen3.5-9b,qwen3.5-9b,pope,Sphere-Traj-LSTM,proxy_anchor,knn,StageC-knn,knn,support_estimator,test,test,pooled,0.5,20260507,32,,,,passed,,0.09541348291090733,0.036418667902185814,0.19701270129526133,0.666554856743536,0.5979941809095337,0.7319739940993716,0.10098366539260134,0.08888888888888889,0.6465408805031446,1635,1590,45,1642,repope,3885,114,57,3942,57,165,0
qwen3.5-9b,qwen3.5-9b,pope,Sphere-Traj-LSTM,proxy_anchor,radius_ball,StageC-radius_ball,radius_ball,support_estimator,test,test,pooled,0.5,20260507,,,0.007057172805022567,,passed,,0.25438288123151226,0.1794272271695834,0.32986927313877157,0.653696715583508,0.5849227441267826,0.7224649830006856,0.044308337469708324,0.0,0.7981132075471699,1635,1590,45,1642,repope,3885,114,57,3942,57,165,0
qwen3.5-9b,qwen3.5-9b,pope,Sphere-Traj-LSTM,proxy_anchor,logistic,StageC-logistic,supervised_comparator,supervised_comparator,test,test,pooled,0.5,20260507,,,,0.1,passed,,0.2565066925895117,0.15836092292527537,0.37546582277063245,0.9426554856743536,0.9258452363956788,0.9579405738218468,0.26639128014911806,0.13333333333333333,0.12830188679245283,1635,1590,45,1642,repope,3885,114,57,3942,57,165,0
qwen3.5-9b,qwen3.5-9b,pope,Sphere-Traj-LSTM,proxy_anchor,single_vmf,StageC-single_vmf,single_vmf,support_estimator,test,test,pooled,0.5,20260508,,,,,passed,,0.2578577485300339,0.16352084643526138,0.36105108342853226,0.9361844863731656,0.9013238784575316,0.9603458528025867,0.26883852354260895,0.08888888888888889,0.11886792452830189,1635,1590,45,1642,repope,3885,114,57,3942,57,165,0
qwen3.5-9b,qwen3.5-9b,pope,Sphere-Traj-LSTM,proxy_anchor,mixture_vmf,StageC-mixture_vmf,mixture_vmf,support_estimator,test,test,pooled,0.5,20260508,,2,,,passed,,0.01429865141515657,0.010443671880733944,0.018824658006624233,0.04936408106219426,0.03651629808447765,0.06603290746865795,0.01473618292946753,0.0,0.9962264150943396,1635,1590,45,1642,repope,3885,114,57,3942,57,165,0
qwen3.5-9b,qwen3.5-9b,pope,Sphere-Traj-LSTM,proxy_anchor,knn,StageC-knn,knn,support_estimator,test,test,pooled,0.5,20260508,32,,,,passed,,0.2356890510120647,0.14544186642202278,0.3341327495130135,0.9396505939902166,0.9199072669261333,0.9566790224415274,0.24668799063089406,0.08888888888888889,0.1490566037735849,1635,1590,45,1642,repope,3885,114,57,3942,57,165,0
qwen3.5-9b,qwen3.5-9b,pope,Sphere-Traj-LSTM,proxy_anchor,radius_ball,StageC-radius_ball,radius_ball,support_estimator,test,test,pooled,0.5,20260508,,,0.005549295555194952,,passed,,0.5317796610169492,0.5231919050922023,0.5416666666666666,0.7915094339622641,0.7794205593605383,0.8030878306037439,0.0635593220338983,0.0,0.4169811320754717,1635,1590,45,1642,repope,3885,114,57,3942,57,165,0
qwen3.5-9b,qwen3.5-9b,pope,Sphere-Traj-LSTM,proxy_anchor,logistic,StageC-logistic,supervised_comparator,supervised_comparator,test,test,pooled,0.5,20260508,,,,0.1,passed,,0.24923620087804274,0.1622301057943927,0.3483824430314482,0.9435639412997904,0.9171587473112298,0.9611808109013857,0.2506942152617834,0.08888888888888889,0.11886792452830189,1635,1590,45,1642,repope,3885,114,57,3942,57,165,0
phi-4-multimodal-instruct,phi-4-multimodal-instruct,pope,Sphere-Traj-LSTM,proxy_anchor,single_vmf,StageC-single_vmf,single_vmf,support_estimator,test,test,pooled,0.5,20260506,,,,,passed,,0.24767757998595125,0.1678020898441372,0.355234198453934,0.8865771735274258,0.8297479779990194,0.9307538818501192,0.2615517141142727,0.14035087719298245,0.36921069797782124,1590,1533,57,1572,repope,3719,197,98,3817,98,210,0
phi-4-multimodal-instruct,phi-4-multimodal-instruct,pope,Sphere-Traj-LSTM,proxy_anchor,mixture_vmf,StageC-mixture_vmf,mixture_vmf,support_estimator,test,test,pooled,0.5,20260506,,2,,,passed,,0.018897907182015134,0.014491435302868451,0.024242790477065353,0.07930785868781544,0.05762916080521043,0.10540419026826842,0.019420257789240954,0.0,1.0,1590,1533,57,1572,repope,3719,197,98,3817,98,210,0
phi-4-multimodal-instruct,phi-4-multimodal-instruct,pope,Sphere-Traj-LSTM,proxy_anchor,knn,StageC-knn,knn,support_estimator,test,test,pooled,0.5,20260506,4,,,,passed,,0.18341297469480283,0.10558937684062503,0.29130109652098873,0.8444169785193577,0.8054378541958516,0.8818338293516496,0.1960377927973223,0.12280701754385964,0.4390084801043705,1590,1533,57,1572,repope,3719,197,98,3817,98,210,0
phi-4-multimodal-instruct,phi-4-multimodal-instruct,pope,Sphere-Traj-LSTM,proxy_anchor,radius_ball,StageC-radius_ball,radius_ball,support_estimator,test,test,pooled,0.5,20260506,,,0.010536207423065968,,passed,,0.45419150762331745,0.39178861911982393,0.5022306749741948,0.7970153694739132,0.7657773433617094,0.8225259248363692,0.08544428640140896,0.0,0.5035877364644488,1590,1533,57,1572,repope,3719,197,98,3817,98,210,0
phi-4-multimodal-instruct,phi-4-multimodal-instruct,pope,Sphere-Traj-LSTM,proxy_anchor,logistic,StageC-logistic,supervised_comparator,supervised_comparator,test,test,pooled,0.5,20260506,,,,0.1,passed,,0.23656497560919862,0.16082913052924636,0.34359647620190253,0.8804087845183736,0.822405969960181,0.9251250100479667,0.25023139623211615,0.12280701754385964,0.41617742987606,1590,1533,57,1572,repope,3719,197,98,3817,98,210,0
phi-4-multimodal-instruct,phi-4-multimodal-instruct,pope,Sphere-Traj-LSTM,proxy_anchor,single_vmf,StageC-single_vmf,single_vmf,support_estimator,test,test,pooled,0.5,20260507,,,,,passed,,0.2019168935398588,0.13050463451161937,0.2998668614281101,0.8307870131950882,0.7724546274694389,0.8861202815546037,0.21323866927276514,0.15789473684210525,0.7136333985649054,1590,1533,57,1572,repope,3719,197,98,3817,98,210,0
phi-4-multimodal-instruct,phi-4-multimodal-instruct,pope,Sphere-Traj-LSTM,proxy_anchor,mixture_vmf,StageC-mixture_vmf,mixture_vmf,support_estimator,test,test,pooled,0.5,20260507,,2,,,passed,,0.2019168935398588,0.13050463451161937,0.2998668614281101,0.8307870131950882,0.7724546274694389,0.8861202815546037,0.21323866927276514,0.15789473684210525,0.7136333985649054,1590,1533,57,1572,repope,3719,197,98,3817,98,210,0
phi-4-multimodal-instruct,phi-4-multimodal-instruct,pope,Sphere-Traj-LSTM,proxy_anchor,knn,StageC-knn,knn,support_estimator,test,test,pooled,0.5,20260507,8,,,,passed,,0.2765169309304014,0.1741425237449222,0.3936187830297433,0.8774333093006489,0.8471729522833604,0.909631702148109,0.2828359743927121,0.15789473684210525,0.3868232224396608,1590,1533,57,1572,repope,3719,197,98,3817,98,210,0
phi-4-multimodal-instruct,phi-4-multimodal-instruct,pope,Sphere-Traj-LSTM,proxy_anchor,radius_ball,StageC-radius_ball,radius_ball,support_estimator,test,test,pooled,0.5,20260507,,,0.011085827296444634,,passed,,0.30583694113208515,0.21890484610469457,0.4006425764446991,0.8775363065197239,0.8455610271123655,0.9094531265117239,0.17997666072463192,0.0,0.350293542074364,1590,1533,57,1572,repope,3719,197,98,3817,98,210,0
phi-4-multimodal-instruct,phi-4-multimodal-instruct,pope,Sphere-Traj-LSTM,proxy_anchor,logistic,StageC-logistic,supervised_comparator,supervised_comparator,test,test,pooled,0.5,20260507,,,,0.1,passed,,0.24704576566767358,0.1616629707425881,0.3552340638531465,0.8736224121948708,0.8239477199165707,0.9189601502683089,0.22882665548559294,0.15789473684210525,0.44487932159165033,1590,1533,57,1572,repope,3719,197,98,3817,98,210,0
phi-4-multimodal-instruct,phi-4-multimodal-instruct,pope,Sphere-Traj-LSTM,proxy_anchor,single_vmf,StageC-single_vmf,single_vmf,support_estimator,test,test,pooled,0.5,20260508,,,,,passed,,0.21509479445784635,0.1343422021133165,0.3181778308245498,0.8314736613222554,0.7674770294458932,0.885518537417066,0.22671711120669266,0.12280701754385964,0.5714285714285714,1590,1533,57,1572,repope,3719,197,98,3817,98,210,0
phi-4-multimodal-instruct,phi-4-multimodal-instruct,pope,Sphere-Traj-LSTM,proxy_anchor,mixture_vmf,StageC-mixture_vmf,mixture_vmf,support_estimator,test,test,pooled,0.5,20260508,,2,,,passed,,0.01916404234889305,0.014847206945810432,0.024467094561831295,0.09463155605909752,0.07407918216693796,0.11835686484620996,0.019693966548930308,0.0,0.9980430528375733,1590,1533,57,1572,repope,3719,197,98,3817,98,210,0
phi-4-multimodal-instruct,phi-4-multimodal-instruct,pope,Sphere-Traj-LSTM,proxy_anchor,knn,StageC-knn,knn,support_estimator,test,test,pooled,0.5,20260508,32,,,,passed,,0.22657002331771098,0.1447670055400126,0.3242172667147936,0.8955379315869583,0.8652222381675724,0.92016941131169,0.2382989438932797,0.12280701754385964,0.21135029354207435,1590,1533,57,1572,repope,3719,197,98,3817,98,210,0
phi-4-multimodal-instruct,phi-4-multimodal-instruct,pope,Sphere-Traj-LSTM,proxy_anchor,radius_ball,StageC-radius_ball,radius_ball,support_estimator,test,test,pooled,0.5,20260508,,,0.00474060353489238,,passed,,0.5206750862043152,0.4850272786490752,0.5467300623680206,0.8086654993648505,0.7837930121341486,0.8265283987657468,0.09005064122771311,0.0,0.3685583822570124,1590,1533,57,1572,repope,3719,197,98,3817,98,210,0
phi-4-multimodal-instruct,phi-4-multimodal-instruct,pope,Sphere-Traj-LSTM,proxy_anchor,logistic,StageC-logistic,supervised_comparator,supervised_comparator,test,test,pooled,0.5,20260508,,,,1.0,passed,,0.2736719078020989,0.1754066896793959,0.37895676387400035,0.9024845218068,0.8733041538770043,0.925811820731633,0.24494419993703598,0.12280701754385964,0.21526418786692758,1590,1533,57,1572,repope,3719,197,98,3817,98,210,0
phi-3.5-vision-instruct,phi-3.5-vision-instruct,pope,Sphere-Traj-LSTM,proxy_anchor,single_vmf,StageC-single_vmf,single_vmf,support_estimator,test,test,pooled,0.5,20260506,,,,,passed,,0.18499051724353613,0.11510633801904191,0.28723555654578364,0.8773055332798717,0.8143681786300225,0.9292450859022423,0.19552192389137008,0.046511627906976744,0.5722811671087533,1551,1508,43,1545,repope,3648,116,58,3706,58,249,0
phi-3.5-vision-instruct,phi-3.5-vision-instruct,pope,Sphere-Traj-LSTM,proxy_anchor,mixture_vmf,StageC-mixture_vmf,mixture_vmf,support_estimator,test,test,pooled,0.5,20260506,,2,,,passed,,0.014603247251808052,0.010414326874274885,0.019144904963420778,0.07965270495342668,0.05569288914582273,0.10706412607259422,0.015074657645930474,0.0,0.9913793103448276,1551,1508,43,1545,repope,3648,116,58,3706,58,249,0
phi-3.5-vision-instruct,phi-3.5-vision-instruct,pope,Sphere-Traj-LSTM,proxy_anchor,knn,StageC-knn,knn,support_estimator,test,test,pooled,0.5,20260506,16,,,,passed,,0.16112573914482037,0.10054436328824519,0.25450300164875495,0.8896274134846709,0.851337987030893,0.9249976601853319,0.17174274938902837,0.06976744186046512,0.3779840848806366,1551,1508,43,1545,repope,3648,116,58,3706,58,249,0
phi-3.5-vision-instruct,phi-3.5-vision-instruct,pope,Sphere-Traj-LSTM,proxy_anchor,radius_ball,StageC-radius_ball,radius_ball,support_estimator,test,test,pooled,0.5,20260506,,,0.0045445769844614245,,passed,,0.516604336247301,0.48807731630286505,0.533939319345809,0.7557599777928566,0.7337246952849809,0.772158374127082,0.055264555015600715,0.0,0.47480106100795755,1551,1508,43,1545,repope,3648,116,58,3706,58,249,0
phi-3.5-vision-instruct,phi-3.5-vision-instruct,pope,Sphere-Traj-LSTM,proxy_anchor,logistic,StageC-logistic,supervised_comparator,supervised_comparator,test,test,pooled,0.5,20260506,,,,0.1,passed,,0.1533666127223847,0.08495334860807542,0.2539500856184763,0.73757016840417,0.6321117534702962,0.8335737179487179,0.16326756017848898,0.046511627906976744,0.8720159151193634,1551,1508,43,1545,repope,3648,116,58,3706,58,249,0
phi-3.5-vision-instruct,phi-3.5-vision-instruct,pope,Sphere-Traj-LSTM,proxy_anchor,single_vmf,StageC-single_vmf,single_vmf,support_estimator,test,test,pooled,0.5,20260507,,,,,passed,,0.25302920048022587,0.14866917004902308,0.3812943538680625,0.896813891801863,0.8435718914720387,0.9421717277820729,0.26388277266197263,0.13953488372093023,0.623342175066313,1551,1508,43,1545,repope,3648,116,58,3706,58,249,0
phi-3.5-vision-instruct,phi-3.5-vision-instruct,pope,Sphere-Traj-LSTM,proxy_anchor,mixture_vmf,StageC-mixture_vmf,mixture_vmf,support_estimator,test,test,pooled,0.5,20260507,,2,,,passed,,0.2530292004802259,0.14866917004902308,0.3812943538680625,0.8968138918018629,0.8435718914720386,0.9421717277820728,0.26388277266197263,0.13953488372093023,0.623342175066313,1551,1508,43,1545,repope,3648,116,58,3706,58,249,0
phi-3.5-vision-instruct,phi-3.5-vision-instruct,pope,Sphere-Traj-LSTM,proxy_anchor,knn,StageC-knn,knn,support_estimator,test,test,pooled,0.5,20260507,16,,,,passed,,0.20408715257334664,0.11070774487793134,0.31906657484434875,0.8800351613102214,0.8431811990849815,0.9181625880918726,0.2137710358524029,0.20930232558139536,0.3448275862068966,1551,1508,43,1545,repope,3648,116,58,3706,58,249,0
phi-3.5-vision-instruct,phi-3.5-vision-instruct,pope,Sphere-Traj-LSTM,proxy_anchor,radius_ball,StageC-radius_ball,radius_ball,support_estimator,test,test,pooled,0.5,20260507,,,0.0046471937989704445,,passed,,0.5304532577903682,0.5221546530907683,0.5400298148946405,0.7801724137931035,0.7686133371694829,0.7919151756129887,0.060906515580736544,0.0,0.4396551724137931,1551,1508,43,1545,repope,3648,116,58,3706,58,249,0
phi-3.5-vision-instruct,phi-3.5-vision-instruct,pope,Sphere-Traj-LSTM,proxy_anchor,logistic,StageC-logistic,supervised_comparator,supervised_comparator,test,test,pooled,0.5,20260507,,,,0.1,passed,,0.25198986623500264,0.15627742363204616,0.3781593355174563,0.9301477391894393,0.9048466493395687,0.9533586990212356,0.25420909819278853,0.13953488372093023,0.28580901856763924,1551,1508,43,1545,repope,3648,116,58,3706,58,249,0
phi-3.5-vision-instruct,phi-3.5-vision-instruct,pope,Sphere-Traj-LSTM,proxy_anchor,single_vmf,StageC-single_vmf,single_vmf,support_estimator,test,test,pooled,0.5,20260508,,,,,passed,,0.1800053834206612,0.11208663898524605,0.26860156404387026,0.8776756523348344,0.8129820012369997,0.9280997777446112,0.1921165168161617,0.09302325581395349,0.6087533156498673,1551,1508,43,1545,repope,3648,116,58,3706,58,249,0
phi-3.5-vision-instruct,phi-3.5-vision-instruct,pope,Sphere-Traj-LSTM,proxy_anchor,mixture_vmf,StageC-mixture_vmf,mixture_vmf,support_estimator,test,test,pooled,0.5,20260508,,8,,,passed,,0.0747257910764633,0.04242333757294503,0.12902771485969552,0.6287705878724322,0.5036945361202787,0.752935609770396,0.08209223025524834,0.023255813953488372,0.9940318302387268,1551,1508,43,1545,repope,3648,116,58,3706,58,249,0
phi-3.5-vision-instruct,phi-3.5-vision-instruct,pope,Sphere-Traj-LSTM,proxy_anchor,knn,StageC-knn,knn,support_estimator,test,test,pooled,0.5,20260508,16,,,,passed,,0.19006134062143315,0.1200123073012695,0.2881054077076551,0.9112793781999877,0.8813104468434305,0.9379803918626219,0.20189782200184236,0.09302325581395349,0.246684350132626,1551,1508,43,1545,repope,3648,116,58,3706,58,249,0
phi-3.5-vision-instruct,phi-3.5-vision-instruct,pope,Sphere-Traj-LSTM,proxy_anchor,radius_ball,StageC-radius_ball,radius_ball,support_estimator,test,test,pooled,0.5,20260508,,,0.004644788319728706,,passed,,0.517095707306025,0.4876858908150199,0.5350575713441404,0.7601705631978286,0.7401250814135493,0.7759081722666947,0.05621552089082658,0.0,0.4661803713527852,1551,1508,43,1545,repope,3648,116,58,3706,58,249,0
phi-3.5-vision-instruct,phi-3.5-vision-instruct,pope,Sphere-Traj-LSTM,proxy_anchor,logistic,StageC-logistic,supervised_comparator,supervised_comparator,test,test,pooled,0.5,20260508,,,,0.1,passed,,0.17643509788502648,0.09892006437441753,0.278696237270344,0.806882672259577,0.7225270897946346,0.877013461282668,0.17673683597901566,0.09302325581395349,0.6783819628647215,1551,1508,43,1545,repope,3648,116,58,3706,58,249,0
gemma-3-4b-it,gemma-3-4b-it,pope,Sphere-Traj-LSTM,proxy_anchor,single_vmf,StageC-single_vmf,single_vmf,support_estimator,test,test,pooled,0.5,20260506,,,,,passed,,0.41820953573545905,0.3494225596624806,0.4979430909386741,0.8735746683057097,0.8435135353031566,0.9020292646208921,0.422565964808334,0.08387096774193549,0.5400788436268068,1677,1522,155,1538,repope,3507,407,203,3710,203,123,0
gemma-3-4b-it,gemma-3-4b-it,pope,Sphere-Traj-LSTM,proxy_anchor,mixture_vmf,StageC-mixture_vmf,mixture_vmf,support_estimator,test,test,pooled,0.5,20260506,,4,,,passed,,0.41820953573545905,0.3494225596624806,0.4979430909386741,0.8735746683057097,0.8435135353031566,0.9020292646208921,0.422565964808334,0.08387096774193549,0.5400788436268068,1677,1522,155,1538,repope,3507,407,203,3710,203,123,0
gemma-3-4b-it,gemma-3-4b-it,pope,Sphere-Traj-LSTM,proxy_anchor,knn,StageC-knn,knn,support_estimator,test,test,pooled,0.5,20260506,32,,,,passed,,0.28749646713321786,0.22897869219895936,0.3558279766908399,0.8200415412657369,0.7935938837595787,0.8467723676536884,0.2916106554872946,0.08387096774193549,0.4454664914586071,1677,1522,155,1538,repope,3507,407,203,3710,203,123,0
gemma-3-4b-it,gemma-3-4b-it,pope,Sphere-Traj-LSTM,proxy_anchor,radius_ball,StageC-radius_ball,radius_ball,support_estimator,test,test,pooled,0.5,20260506,,,0.003465976237625795,,passed,,0.48165140186376065,0.4319067715028101,0.5247904358507489,0.7937158238311219,0.7670373417468727,0.8171298841232952,0.20784883993583642,0.0,0.5374507227332457,1677,1522,155,1538,repope,3507,407,203,3710,203,123,0
gemma-3-4b-it,gemma-3-4b-it,pope,Sphere-Traj-LSTM,proxy_anchor,logistic,StageC-logistic,supervised_comparator,supervised_comparator,test,test,pooled,0.5,20260506,,,,0.1,passed,,0.45085233413882275,0.3784311854493865,0.5307617774199921,0.9226590648976305,0.9076351315935738,0.9372533252097806,0.4461404717032765,0.14193548387096774,0.22798948751642575,1677,1522,155,1538,repope,3507,407,203,3710,203,123,0
gemma-3-4b-it,gemma-3-4b-it,pope,Sphere-Traj-LSTM,proxy_anchor,single_vmf,StageC-single_vmf,single_vmf,support_estimator,test,test,pooled,0.5,20260507,,,,,passed,,0.4006940555605781,0.32689203868373184,0.4855834572128033,0.8683014708999194,0.8382543762289648,0.8956992661011661,0.4054135532288692,0.1032258064516129,0.5939553219448095,1677,1522,155,1538,repope,3507,407,203,3710,203,123,0
gemma-3-4b-it,gemma-3-4b-it,pope,Sphere-Traj-LSTM,proxy_anchor,mixture_vmf,StageC-mixture_vmf,mixture_vmf,support_estimator,test,test,pooled,0.5,20260507,,2,,,passed,,0.40069405556057813,0.32689203868373184,0.4855834572128033,0.8683014708999195,0.8382543762289648,0.8956992661011661,0.4054135532288692,0.1032258064516129,0.5939553219448095,1677,1522,155,1538,repope,3507,407,203,3710,203,123,0
gemma-3-4b-it,gemma-3-4b-it,pope,Sphere-Traj-LSTM,proxy_anchor,knn,StageC-knn,knn,support_estimator,test,test,pooled,0.5,20260507,4,,,,passed,,0.2776597531315482,0.2209797421374178,0.3383479380971155,0.8093404264338094,0.7779378042212897,0.8415786479971146,0.27491990378362563,0.01935483870967742,1.0,1677,1522,155,1538,repope,3507,407,203,3710,203,123,0
gemma-3-4b-it,gemma-3-4b-it,pope,Sphere-Traj-LSTM,proxy_anchor,radius_ball,StageC-radius_ball,radius_ball,support_estimator,test,test,pooled,0.5,20260507,,,0.006876079449919129,,passed,,0.37348336083788747,0.312371812579072,0.43333950336809895,0.82746174388538,0.8023607892268104,0.8534911955035749,0.25010577400267,0.0,0.4296977660972405,1677,1522,155,1538,repope,3507,407,203,3710,203,123,0
gemma-3-4b-it,gemma-3-4b-it,pope,Sphere-Traj-LSTM,proxy_anchor,logistic,StageC-logistic,supervised_comparator,supervised_comparator,test,test,pooled,0.5,20260507,,,,10.0,passed,,0.5006967721172954,0.42760418553275437,0.5755808527235442,0.9089525666567759,0.8890659648666193,0.9282681794912061,0.4295473722577982,0.0,0.21944809461235218,1677,1522,155,1538,repope,3507,407,203,3710,203,123,0
gemma-3-4b-it,gemma-3-4b-it,pope,Sphere-Traj-LSTM,proxy_anchor,single_vmf,StageC-single_vmf,single_vmf,support_estimator,test,test,pooled,0.5,20260508,,,,,passed,,0.4206279531539716,0.35330415333081,0.49543988844807946,0.899381119918613,0.8749337474901736,0.920028331575366,0.4249353914491107,0.06451612903225806,0.26018396846254926,1677,1522,155,1538,repope,3507,407,203,3710,203,123,0
gemma-3-4b-it,gemma-3-4b-it,pope,Sphere-Traj-LSTM,proxy_anchor,mixture_vmf,StageC-mixture_vmf,mixture_vmf,support_estimator,test,test,pooled,0.5,20260508,,4,,,passed,,0.42062795315397156,0.35330415333081,0.49543988844807946,0.8993811199186131,0.8749337474901737,0.920028331575366,0.4249353914491107,0.06451612903225806,0.26018396846254926,1677,1522,155,1538,repope,3507,407,203,3710,203,123,0
gemma-3-4b-it,gemma-3-4b-it,pope,Sphere-Traj-LSTM,proxy_anchor,knn,StageC-knn,knn,support_estimator,test,test,pooled,0.5,20260508,32,,,,passed,,0.34739647942193275,0.2861383443790773,0.4172985767359724,0.8535098130643042,0.8265162728349732,0.877555743363766,0.3516000304541218,0.06451612903225806,0.5387647831800263,1677,1522,155,1538,repope,3507,407,203,3710,203,123,0
gemma-3-4b-it,gemma-3-4b-it,pope,Sphere-Traj-LSTM,proxy_anchor,radius_ball,StageC-radius_ball,radius_ball,support_estimator,test,test,pooled,0.5,20260508,,,0.013000022709410515,,passed,,0.3330797878823294,0.2776263725023297,0.39109338720072695,0.8296511381459031,0.8012368135456325,0.8545051319225808,0.2709491069348607,0.0,0.5788436268068331,1677,1522,155,1538,repope,3507,407,203,3710,203,123,0
gemma-3-4b-it,gemma-3-4b-it,pope,Sphere-Traj-LSTM,proxy_anchor,logistic,StageC-logistic,supervised_comparator,supervised_comparator,test,test,pooled,0.5,20260508,,,,0.1,passed,,0.45946318953015025,0.3943074820139003,0.52661707274945,0.9163600525624178,0.900582219915586,0.9306554338559985,0.42167680335847757,0.0,0.21156373193166886,1677,1522,155,1538,repope,3507,407,203,3710,203,123,0
molmo-7b-d-0924,molmo-7b-d-0924,pope,Sphere-Traj-LSTM,proxy_anchor,single_vmf,StageC-single_vmf,single_vmf,support_estimator,test,test,pooled,0.5,20260506,,,,,passed,,0.28203951439004515,0.20666635087595317,0.36442241817171916,0.8681640696541468,0.8183599999726909,0.9083787213500686,0.28830754935787906,0.09195402298850575,0.662842574888464,1656,1569,87,1624,repope,3786,202,101,3887,101,144,0
molmo-7b-d-0924,molmo-7b-d-0924,pope,Sphere-Traj-LSTM,proxy_anchor,mixture_vmf,StageC-mixture_vmf,mixture_vmf,support_estimator,test,test,pooled,0.5,20260506,,2,,,passed,,0.027914396665232634,0.022061169685977888,0.033887675060807955,0.07911914023867607,0.06151247193140419,0.09976382706373234,0.02835203816759294,0.0,0.9923518164435946,1656,1569,87,1624,repope,3786,202,101,3887,101,144,0
molmo-7b-d-0924,molmo-7b-d-0924,pope,Sphere-Traj-LSTM,proxy_anchor,knn,StageC-knn,knn,support_estimator,test,test,pooled,0.5,20260506,2,,,,passed,,0.2255012728808323,0.15847969570881523,0.3100452028589895,0.8670871702453425,0.8390140835042151,0.8919316826868809,0.23177734974934705,0.08045977011494253,0.3581899298916507,1656,1569,87,1624,repope,3786,202,101,3887,101,144,0
molmo-7b-d-0924,molmo-7b-d-0924,pope,Sphere-Traj-LSTM,proxy_anchor,radius_ball,StageC-radius_ball,radius_ball,support_estimator,test,test,pooled,0.5,20260506,,,0.008743154007144063,,passed,,0.5282547373064914,0.4816254021237985,0.565412035067818,0.84298513585782,0.819543286665302,0.8643236656855453,0.15663055917253077,0.0,0.3989802421924793,1656,1569,87,1624,repope,3786,202,101,3887,101,144,0
molmo-7b-d-0924,molmo-7b-d-0924,pope,Sphere-Traj-LSTM,proxy_anchor,logistic,StageC-logistic,supervised_comparator,supervised_comparator,test,test,pooled,0.5,20260506,,,,0.1,passed,,0.3181396560839229,0.23352671413070455,0.40694288677438994,0.8916067778730138,0.8509119895865237,0.9250877362117728,0.3021591998950813,0.09195402298850575,0.5404716379859783,1656,1569,87,1624,repope,3786,202,101,3887,101,144,0
molmo-7b-d-0924,molmo-7b-d-0924,pope,Sphere-Traj-LSTM,proxy_anchor,single_vmf,StageC-single_vmf,single_vmf,support_estimator,test,test,pooled,0.5,20260507,,,,,passed,,0.09131615241482641,0.0711537029418737,0.11220695115007524,0.7464890881519087,0.7150892101868157,0.7766195068763178,0.09282308366544902,0.0,0.4716379859783301,1656,1569,87,1624,repope,3786,202,101,3887,101,144,0
molmo-7b-d-0924,molmo-7b-d-0924,pope,Sphere-Traj-LSTM,proxy_anchor,mixture_vmf,StageC-mixture_vmf,mixture_vmf,support_estimator,test,test,pooled,0.5,20260507,,2,,,passed,,0.4007419302787242,0.30594275104749974,0.4998113379401649,0.9359281480993091,0.9182439651428859,0.9516598793980162,0.4069036380410699,0.16091954022988506,0.20331421287444232,1656,1569,87,1624,repope,3786,202,101,3887,101,144,0
molmo-7b-d-0924,molmo-7b-d-0924,pope,Sphere-Traj-LSTM,proxy_anchor,knn,StageC-knn,knn,support_estimator,test,test,pooled,0.5,20260507,16,,,,passed,,0.03327634950961329,0.026070168638058902,0.041448050770977254,0.2821403192603825,0.2242846652898062,0.340941714635109,0.03400425780603035,0.0,0.988527724665392,1656,1569,87,1624,repope,3786,202,101,3887,101,144,0
molmo-7b-d-0924,molmo-7b-d-0924,pope,Sphere-Traj-LSTM,proxy_anchor,radius_ball,StageC-radius_ball,radius_ball,support_estimator,test,test,pooled,0.5,20260507,,,0.015284176194246359,,passed,,0.10509485112402323,0.06897087525305003,0.14772636140368697,0.34019765133367036,0.27510788643418777,0.4053113309958905,0.04005494396746868,0.0,0.9980879541108987,1656,1569,87,1624,repope,3786,202,101,3887,101,144,0
molmo-7b-d-0924,molmo-7b-d-0924,pope,Sphere-Traj-LSTM,proxy_anchor,logistic,StageC-logistic,supervised_comparator,supervised_comparator,test,test,pooled,0.5,20260507,,,,1.0,passed,,0.3585329838737423,0.27747922347130444,0.45535281365150815,0.9248880976974866,0.9029574228726807,0.9437717944963365,0.3653187733294125,0.14942528735632185,0.28808158062460165,1656,1569,87,1624,repope,3786,202,101,3887,101,144,0
molmo-7b-d-0924,molmo-7b-d-0924,pope,Sphere-Traj-LSTM,proxy_anchor,single_vmf,StageC-single_vmf,single_vmf,support_estimator,test,test,pooled,0.5,20260508,,,,,passed,,0.37645169349991536,0.27974545019372377,0.48417491791571027,0.8894310015164502,0.8475172828097066,0.9261046348814742,0.3823686744258017,0.13793103448275862,0.5666029318036966,1656,1569,87,1624,repope,3786,202,101,3887,101,144,0
molmo-7b-d-0924,molmo-7b-d-0924,pope,Sphere-Traj-LSTM,proxy_anchor,mixture_vmf,StageC-mixture_vmf,mixture_vmf,support_estimator,test,test,pooled,0.5,20260508,,2,,,passed,,0.37645169349991536,0.2797454501937238,0.4841749179157103,0.8894310015164502,0.8475172828097066,0.9261046348814742,0.3823686744258017,0.13793103448275862,0.5666029318036966,1656,1569,87,1624,repope,3786,202,101,3887,101,144,0
molmo-7b-d-0924,molmo-7b-d-0924,pope,Sphere-Traj-LSTM,proxy_anchor,knn,StageC-knn,knn,support_estimator,test,test,pooled,0.5,20260508,16,,,,passed,,0.2453454405044001,0.17162917666626767,0.32875679250769924,0.8501131843256192,0.8171289008095964,0.883982953953192,0.2503435322999305,0.10344827586206896,0.46590184831102616,1656,1569,87,1624,repope,3786,202,101,3887,101,144,0
molmo-7b-d-0924,molmo-7b-d-0924,pope,Sphere-Traj-LSTM,proxy_anchor,radius_ball,StageC-radius_ball,radius_ball,support_estimator,test,test,pooled,0.5,20260508,,,0.009307093733428255,,passed,,0.47484801041450736,0.42749170752586846,0.5202749508032456,0.8087331413961597,0.782146357473733,0.8351858615634985,0.13160558158145122,0.0,0.5022307202039515,1656,1569,87,1624,repope,3786,202,101,3887,101,144,0
molmo-7b-d-0924,molmo-7b-d-0924,pope,Sphere-Traj-LSTM,proxy_anchor,logistic,StageC-logistic,supervised_comparator,supervised_comparator,test,test,pooled,0.5,20260508,,,,0.1,passed,,0.3968394283993112,0.3020387361826552,0.5044745376484631,0.9306022578258353,0.9111964528013538,0.9481743977608196,0.4028417069321388,0.19540229885057472,0.25047801147227533,1656,1569,87,1624,repope,3786,202,101,3887,101,144,0
minicpm-v-4_5,minicpm-v-4_5,pope,Sphere-Traj-LSTM,proxy_anchor,single_vmf,StageC-single_vmf,single_vmf,support_estimator,test,test,pooled,0.5,20260506,,,,,passed,,0.2689288351972581,0.15527494065183015,0.39559472884607066,0.881817739502749,0.7847832767244624,0.9481338916259964,0.2748669551362506,0.10256410256410256,0.9354838709677419,1620,1581,39,1587,repope,3835,104,52,3887,52,180,0
minicpm-v-4_5,minicpm-v-4_5,pope,Sphere-Traj-LSTM,proxy_anchor,mixture_vmf,StageC-mixture_vmf,mixture_vmf,support_estimator,test,test,pooled,0.5,20260506,,4,,,passed,,0.012579509378342166,0.008630470781764233,0.016774347618589612,0.07256037237061906,0.04708239553804495,0.1045878395552212,0.013073456606872551,0.0,0.9962049335863378,1620,1581,39,1587,repope,3835,104,52,3887,52,180,0
minicpm-v-4_5,minicpm-v-4_5,pope,Sphere-Traj-LSTM,proxy_anchor,knn,StageC-knn,knn,support_estimator,test,test,pooled,0.5,20260506,32,,,,passed,,0.2424380173311702,0.12717332503383602,0.3682436755928246,0.9148704974131919,0.8915355321341983,0.9370232637820677,0.24826534406836653,0.10256410256410256,0.2144212523719165,1620,1581,39,1587,repope,3835,104,52,3887,52,180,0
minicpm-v-4_5,minicpm-v-4_5,pope,Sphere-Traj-LSTM,proxy_anchor,radius_ball,StageC-radius_ball,radius_ball,support_estimator,test,test,pooled,0.5,20260506,,,0.008026064962796932,,passed,,0.4974643295628231,0.4488200039064151,0.5352959461374222,0.8267892765046465,0.801667183072208,0.8478354519970085,0.06723635143333855,0.0,0.40480708412397215,1620,1581,39,1587,repope,3835,104,52,3887,52,180,0
minicpm-v-4_5,minicpm-v-4_5,pope,Sphere-Traj-LSTM,proxy_anchor,logistic,StageC-logistic,supervised_comparator,supervised_comparator,test,test,pooled,0.5,20260506,,,,0.1,passed,,0.23247801066544452,0.1413110453872759,0.3390895247678541,0.9046367926823334,0.8389797817400472,0.9512542483922974,0.19602774179516846,0.0,0.6660341555977229,1620,1581,39,1587,repope,3835,104,52,3887,52,180,0
minicpm-v-4_5,minicpm-v-4_5,pope,Sphere-Traj-LSTM,proxy_anchor,single_vmf,StageC-single_vmf,single_vmf,support_estimator,test,test,pooled,0.5,20260507,,,,,passed,,0.2618533444195614,0.1506773947517009,0.40169016339690344,0.8937381404174574,0.8181099742667796,0.9549658188253359,0.2702179658421615,0.1794871794871795,0.8115117014547755,1620,1581,39,1587,repope,3835,104,52,3887,52,180,0
minicpm-v-4_5,minicpm-v-4_5,pope,Sphere-Traj-LSTM,proxy_anchor,mixture_vmf,StageC-mixture_vmf,mixture_vmf,support_estimator,test,test,pooled,0.5,20260507,,2,,,passed,,0.012590559750083554,0.008972747240582783,0.016598878885586327,0.0677759937721987,0.046270961570451324,0.09246913513674768,0.013074533945382598,0.0,0.9905123339658444,1620,1581,39,1587,repope,3835,104,52,3887,52,180,0
minicpm-v-4_5,minicpm-v-4_5,pope,Sphere-Traj-LSTM,proxy_anchor,knn,StageC-knn,knn,support_estimator,test,test,pooled,0.5,20260507,32,,,,passed,,0.2209781882775915,0.11102984977206687,0.35809152415886353,0.8972899333430643,0.8634449603444072,0.9294885023818248,0.22865517372816582,0.20512820512820512,0.2998102466793169,1620,1581,39,1587,repope,3835,104,52,3887,52,180,0
minicpm-v-4_5,minicpm-v-4_5,pope,Sphere-Traj-LSTM,proxy_anchor,radius_ball,StageC-radius_ball,radius_ball,support_estimator,test,test,pooled,0.5,20260507,,,0.0068080780171184815,,passed,,0.5256241787122208,0.5182381554088868,0.5333354755784062,0.771663504111322,0.7596301086704463,0.7834192688004163,0.051248357424441525,0.0,0.4566729917773561,1620,1581,39,1587,repope,3835,104,52,3887,52,180,0
minicpm-v-4_5,minicpm-v-4_5,pope,Sphere-Traj-LSTM,proxy_anchor,logistic,StageC-logistic,supervised_comparator,supervised_comparator,test,test,pooled,0.5,20260507,,,,1.0,passed,,0.28742212076259915,0.18314554410273645,0.40769258800433683,0.8812825378290274,0.7904591895868457,0.9542352696039238,0.22385116384499645,0.0,0.9728020240354206,1620,1581,39,1587,repope,3835,104,52,3887,52,180,0
minicpm-v-4_5,minicpm-v-4_5,pope,Sphere-Traj-LSTM,proxy_anchor,single_vmf,StageC-single_vmf,single_vmf,support_estimator,test,test,pooled,0.5,20260508,,,,,passed,,0.273267455965777,0.16809436120001767,0.40299548427645643,0.9496910426701697,0.9304145319049837,0.9667007653083785,0.285476387214317,0.1794871794871795,0.2049335863377609,1620,1581,39,1587,repope,3835,104,52,3887,52,180,0
minicpm-v-4_5,minicpm-v-4_5,pope,Sphere-Traj-LSTM,proxy_anchor,mixture_vmf,StageC-mixture_vmf,mixture_vmf,support_estimator,test,test,pooled,0.5,20260508,,2,,,passed,,0.01255496450852156,0.008804735471070753,0.016474094364924537,0.056990869135081675,0.04029700841089959,0.07605949250895243,0.0130262533967785,0.0,0.9924098671726755,1620,1581,39,1587,repope,3835,104,52,3887,52,180,0
minicpm-v-4_5,minicpm-v-4_5,pope,Sphere-Traj-LSTM,proxy_anchor,knn,StageC-knn,knn,support_estimator,test,test,pooled,0.5,20260508,8,,,,passed,,0.04548311936685209,0.030455963111020425,0.06665105744407555,0.752882790833455,0.7086433215702207,0.7934057314661702,0.050566186497036814,0.0,0.4161922833649589,1620,1581,39,1587,repope,3835,104,52,3887,52,180,0
minicpm-v-4_5,minicpm-v-4_5,pope,Sphere-Traj-LSTM,proxy_anchor,radius_ball,StageC-radius_ball,radius_ball,support_estimator,test,test,pooled,0.5,20260508,,,0.00945636738008863,,passed,,0.4231305135289597,0.35524580784026977,0.48234001908457175,0.7222060039896853,0.6756362918036246,0.7601274708328669,0.043333872386578765,0.0,0.5490196078431373,1620,1581,39,1587,repope,3835,104,52,3887,52,180,0
minicpm-v-4_5,minicpm-v-4_5,pope,Sphere-Traj-LSTM,proxy_anchor,logistic,StageC-logistic,supervised_comparator,supervised_comparator,test,test,pooled,0.5,20260508,,,,1.0,passed,,0.26892587374251303,0.15999149970345658,0.4029208324958405,0.9199792406623526,0.8675979642370831,0.9625824466987281,0.28091878779983326,0.2564102564102564,0.5762175838077166,1620,1581,39,1587,repope,3835,104,52,3887,52,180,0
llava-v1.5-7b,llava-v1.5-7b,pope,Sphere-Traj-LSTM,proxy_anchor,single_vmf,StageC-single_vmf,single_vmf,support_estimator,test,test,pooled,0.5,20260506,,,,,passed,,0.290144057068962,0.22254765990534003,0.37414024900143167,0.8679666442048518,0.8352416980860571,0.8982041707335219,0.29468704746621766,0.04716981132075472,0.46683673469387754,1674,1568,106,1562,repope,3633,302,151,3784,151,126,0
llava-v1.5-7b,llava-v1.5-7b,pope,Sphere-Traj-LSTM,proxy_anchor,mixture_vmf,StageC-mixture_vmf,mixture_vmf,support_estimator,test,test,pooled,0.5,20260506,,2,,,passed,,0.290144057068962,0.22254765990534003,0.37414024900143167,0.8679666442048518,0.8352416980860571,0.8982041707335219,0.29468704746621766,0.04716981132075472,0.46683673469387754,1674,1568,106,1562,repope,3633,302,151,3784,151,126,0
llava-v1.5-7b,llava-v1.5-7b,pope,Sphere-Traj-LSTM,proxy_anchor,knn,StageC-knn,knn,support_estimator,test,test,pooled,0.5,20260506,32,,,,passed,,0.26233704465951324,0.19505930912940425,0.3401534860305266,0.8440809106661533,0.8117890017854446,0.876229697960418,0.26682721993495284,0.04716981132075472,0.5,1674,1568,106,1562,repope,3633,302,151,3784,151,126,0
llava-v1.5-7b,llava-v1.5-7b,pope,Sphere-Traj-LSTM,proxy_anchor,radius_ball,StageC-radius_ball,radius_ball,support_estimator,test,test,pooled,0.5,20260506,,,0.002572835750065754,,passed,,0.5142148660099011,0.4796742140976095,0.5462467583009548,0.7652760396611475,0.7412401458431653,0.7869333819936434,0.12873707691213243,0.0,0.5880102040816326,1674,1568,106,1562,repope,3633,302,151,3784,151,126,0
llava-v1.5-7b,llava-v1.5-7b,pope,Sphere-Traj-LSTM,proxy_anchor,logistic,StageC-logistic,supervised_comparator,supervised_comparator,test,test,pooled,0.5,20260506,,,,0.1,passed,,0.31516168351555574,0.2524193375106003,0.3967867575659957,0.9131269252984213,0.8958324917258872,0.9309940962708539,0.30611168830261887,0.03773584905660377,0.22576530612244897,1674,1568,106,1562,repope,3633,302,151,3784,151,126,0
llava-v1.5-7b,llava-v1.5-7b,pope,Sphere-Traj-LSTM,proxy_anchor,single_vmf,StageC-single_vmf,single_vmf,support_estimator,test,test,pooled,0.5,20260507,,,,,passed,,0.1350146711274507,0.10915828006376392,0.16231124207886843,0.8027922843665768,0.779194585155556,0.8266150012848826,0.1369568982978044,0.0,0.40688775510204084,1674,1568,106,1562,repope,3633,302,151,3784,151,126,0
llava-v1.5-7b,llava-v1.5-7b,pope,Sphere-Traj-LSTM,proxy_anchor,mixture_vmf,StageC-mixture_vmf,mixture_vmf,support_estimator,test,test,pooled,0.5,20260507,,2,,,passed,,0.13501241191202407,0.10915606969155679,0.16231124207886846,0.8027892760877937,0.779194458821468,0.8266150012848827,0.1369523798669512,0.0,0.40688775510204084,1674,1568,106,1562,repope,3633,302,151,3784,151,126,0
llava-v1.5-7b,llava-v1.5-7b,pope,Sphere-Traj-LSTM,proxy_anchor,knn,StageC-knn,knn,support_estimator,test,test,pooled,0.5,20260507,1,,,,passed,,0.3337520569869932,0.031055854241338117,0.5499808420171324,0.5135011551790527,0.49936102236421726,0.5302765686728996,0.07662361082933207,0.02830188679245283,1.0,1674,1568,106,1562,repope,3633,302,151,3784,151,126,0
llava-v1.5-7b,llava-v1.5-7b,pope,Sphere-Traj-LSTM,proxy_anchor,radius_ball,StageC-radius_ball,radius_ball,support_estimator,test,test,pooled,0.5,20260507,,,0.0018549772871999698,,passed,,0.10935075818237514,0.07533992995715708,0.1450461649860067,0.40855734982672315,0.3573647758956152,0.46100087212301555,0.05378396081877608,0.0,0.9457908163265306,1674,1568,106,1562,repope,3633,302,151,3784,151,126,0
llava-v1.5-7b,llava-v1.5-7b,pope,Sphere-Traj-LSTM,proxy_anchor,logistic,StageC-logistic,supervised_comparator,supervised_comparator,test,test,pooled,0.5,20260507,,,,1.0,passed,,0.3839467757644138,0.303539906732336,0.4854369518121071,0.928806074316519,0.9122469547178179,0.9439622383604799,0.3898901024645306,0.09433962264150944,0.1868622448979592,1674,1568,106,1562,repope,3633,302,151,3784,151,126,0
llava-v1.5-7b,llava-v1.5-7b,pope,Sphere-Traj-LSTM,proxy_anchor,single_vmf,StageC-single_vmf,single_vmf,support_estimator,test,test,pooled,0.5,20260508,,,,,passed,,0.23299487495733692,0.18142597761867937,0.30285280266364517,0.847095206006931,0.8107342729462074,0.8776024445188179,0.2393597574862013,0.05660377358490566,0.4604591836734694,1674,1568,106,1562,repope,3633,302,151,3784,151,126,0
llava-v1.5-7b,llava-v1.5-7b,pope,Sphere-Traj-LSTM,proxy_anchor,mixture_vmf,StageC-mixture_vmf,mixture_vmf,support_estimator,test,test,pooled,0.5,20260508,,2,,,passed,,0.23299487495733692,0.1814259776186794,0.30285280266364517,0.847095206006931,0.8107342729462074,0.8776024445188179,0.2393597574862013,0.05660377358490566,0.4604591836734694,1674,1568,106,1562,repope,3633,302,151,3784,151,126,0
llava-v1.5-7b,llava-v1.5-7b,pope,Sphere-Traj-LSTM,proxy_anchor,knn,StageC-knn,knn,support_estimator,test,test,pooled,0.5,20260508,32,,,,passed,,0.1751125623343413,0.12888713059076393,0.23658341524460832,0.7429726607624183,0.6951481098305755,0.7879210355937434,0.18097503444349672,0.05660377358490566,0.7608418367346939,1674,1568,106,1562,repope,3633,302,151,3784,151,126,0
llava-v1.5-7b,llava-v1.5-7b,pope,Sphere-Traj-LSTM,proxy_anchor,radius_ball,StageC-radius_ball,radius_ball,support_estimator,test,test,pooled,0.5,20260508,,,0.004177570018503184,,passed,,0.37542514812697186,0.32087133003664076,0.4265812731972026,0.7176670196380439,0.6790505883973843,0.7541181171942803,0.11338281633886907,0.0,0.6766581632653061,1674,1568,106,1562,repope,3633,302,151,3784,151,126,0
llava-v1.5-7b,llava-v1.5-7b,pope,Sphere-Traj-LSTM,proxy_anchor,logistic,StageC-logistic,supervised_comparator,supervised_comparator,test,test,pooled,0.5,20260508,,,,0.1,passed,,0.2802066212944335,0.22355470134095645,0.35172145785875475,0.9029108105506354,0.8832746915281254,0.9208183985430651,0.29161727836847495,0.05660377358490566,0.22959183673469388,1674,1568,106,1562,repope,3633,302,151,3784,151,126,0
qwen2.5-vl-7b,qwen2.5-vl-7b,pope,Sphere-Traj-LSTM,proxy_anchor,single_vmf,StageC-single_vmf,single_vmf,support_estimator,test,test,pooled,0.5,20260506,,,,,passed,,0.1317818113968589,0.05979641104408013,0.25635968523088976,0.806427656850192,0.6733242118065096,0.916114390555201,0.15674355784629487,0.24,0.8425096030729834,1587,1562,25,1588,repope,3794,101,50,3844,50,213,0
qwen2.5-vl-7b,qwen2.5-vl-7b,pope,Sphere-Traj-LSTM,proxy_anchor,mixture_vmf,StageC-mixture_vmf,mixture_vmf,support_estimator,test,test,pooled,0.5,20260506,,2,,,passed,,0.13178181139685888,0.059796411044080115,0.25635968523088976,0.806427656850192,0.6733242118065096,0.9161143905552012,0.1567435578462949,0.24,0.8425096030729834,1587,1562,25,1588,repope,3794,101,50,3844,50,213,0
qwen2.5-vl-7b,qwen2.5-vl-7b,pope,Sphere-Traj-LSTM,proxy_anchor,knn,StageC-knn,knn,support_estimator,test,test,pooled,0.5,20260506,32,,,,passed,,0.12431999350980148,0.05686248846320449,0.24344065424275926,0.8863764404609475,0.8348869665519301,0.9306905111235084,0.14915725946077144,0.24,0.37772087067861715,1587,1562,25,1588,repope,3794,101,50,3844,50,213,0
qwen2.5-vl-7b,qwen2.5-vl-7b,pope,Sphere-Traj-LSTM,proxy_anchor,radius_ball,StageC-radius_ball,radius_ball,support_estimator,test,test,pooled,0.5,20260506,,,0.009782693911408609,,passed,,0.3068925316129031,0.1957095248297289,0.40989150686048187,0.8661203585147247,0.8131392944262439,0.9078395061728395,0.06457389269673132,0.0,0.42829705505761845,1587,1562,25,1588,repope,3794,101,50,3844,50,213,0
qwen2.5-vl-7b,qwen2.5-vl-7b,pope,Sphere-Traj-LSTM,proxy_anchor,logistic,StageC-logistic,supervised_comparator,supervised_comparator,test,test,pooled,0.5,20260506,,,,0.1,passed,,0.18017097801416462,0.07451039746886934,0.3297889561068755,0.8394238156209988,0.7350709994315612,0.9235333742898747,0.14310286793871557,0.24,0.6952624839948783,1587,1562,25,1588,repope,3794,101,50,3844,50,213,0
qwen2.5-vl-7b,qwen2.5-vl-7b,pope,Sphere-Traj-LSTM,proxy_anchor,single_vmf,StageC-single_vmf,single_vmf,support_estimator,test,test,pooled,0.5,20260507,,,,,passed,,0.07587257573793656,0.03173989179943109,0.14565250824136167,0.7701664532650447,0.6608374394953586,0.8728767327075446,0.0866690102506242,0.08,0.8169014084507042,1587,1562,25,1588,repope,3794,101,50,3844,50,213,0
qwen2.5-vl-7b,qwen2.5-vl-7b,pope,Sphere-Traj-LSTM,proxy_anchor,mixture_vmf,StageC-mixture_vmf,mixture_vmf,support_estimator,test,test,pooled,0.5,20260507,,2,,,passed,,0.07587257573793654,0.03173989179943109,0.1456525082413617,0.7701664532650447,0.6608374394953586,0.8728767327075447,0.08666901025062423,0.08,0.8169014084507042,1587,1562,25,1588,repope,3794,101,50,3844,50,213,0
qwen2.5-vl-7b,qwen2.5-vl-7b,pope,Sphere-Traj-LSTM,proxy_anchor,knn,StageC-knn,knn,support_estimator,test,test,pooled,0.5,20260507,32,,,,passed,,0.053069887963039776,0.018178908215034463,0.11524915153039554,0.626145966709347,0.5118189212187771,0.744077870441918,0.06012180394556962,0.08,1.0,1587,1562,25,1588,repope,3794,101,50,3844,50,213,0
qwen2.5-vl-7b,qwen2.5-vl-7b,pope,Sphere-Traj-LSTM,proxy_anchor,radius_ball,StageC-radius_ball,radius_ball,support_estimator,test,test,pooled,0.5,20260507,,,0.0016092239929056198,,passed,,0.42263908470901035,0.3348801038464684,0.4979081817234775,0.7805121638924456,0.7115078459742639,0.8384399426855171,0.03957440648661711,0.0,0.5499359795134443,1587,1562,25,1588,repope,3794,101,50,3844,50,213,0
qwen2.5-vl-7b,qwen2.5-vl-7b,pope,Sphere-Traj-LSTM,proxy_anchor,logistic,StageC-logistic,supervised_comparator,supervised_comparator,test,test,pooled,0.5,20260507,,,,1.0,passed,,0.11969359219785228,0.05713487928735979,0.2114844144106633,0.893495518565941,0.836940679424705,0.9428217487311318,0.13769945660178448,0.12,0.4142125480153649,1587,1562,25,1588,repope,3794,101,50,3844,50,213,0
qwen2.5-vl-7b,qwen2.5-vl-7b,pope,Sphere-Traj-LSTM,proxy_anchor,single_vmf,StageC-single_vmf,single_vmf,support_estimator,test,test,pooled,0.5,20260508,,,,,passed,,0.12144088692843837,0.05728657218818698,0.23985869206982047,0.8715749039692702,0.8014586927680335,0.9358777972722048,0.14493325476496755,0.16,0.5313700384122919,1587,1562,25,1588,repope,3794,101,50,3844,50,213,0
qwen2.5-vl-7b,qwen2.5-vl-7b,pope,Sphere-Traj-LSTM,proxy_anchor,mixture_vmf,StageC-mixture_vmf,mixture_vmf,support_estimator,test,test,pooled,0.5,20260508,,2,,,passed,,0.12144088692843837,0.05728657218818698,0.23985869206982047,0.8715749039692702,0.8014586927680335,0.9358777972722048,0.14493325476496757,0.16,0.5313700384122919,1587,1562,25,1588,repope,3794,101,50,3844,50,213,0
qwen2.5-vl-7b,qwen2.5-vl-7b,pope,Sphere-Traj-LSTM,proxy_anchor,knn,StageC-knn,knn,support_estimator,test,test,pooled,0.5,20260508,32,,,,passed,,0.10545087370759504,0.045106545836104496,0.22683053262014202,0.86,0.812092652365074,0.9090957778385939,0.12876932331661234,0.16,0.32842509603072984,1587,1562,25,1588,repope,3794,101,50,3844,50,213,0
qwen2.5-vl-7b,qwen2.5-vl-7b,pope,Sphere-Traj-LSTM,proxy_anchor,radius_ball,StageC-radius_ball,radius_ball,support_estimator,test,test,pooled,0.5,20260508,,,0.008223312693649879,,passed,,0.296328627413338,0.19500787437445782,0.4051992309812136,0.8368117797695263,0.7901587796421985,0.8854490077642233,0.04972643168834581,0.0,0.4142125480153649,1587,1562,25,1588,repope,3794,101,50,3844,50,213,0
qwen2.5-vl-7b,qwen2.5-vl-7b,pope,Sphere-Traj-LSTM,proxy_anchor,logistic,StageC-logistic,supervised_comparator,supervised_comparator,test,test,pooled,0.5,20260508,,,,0.1,passed,,0.19326781787308708,0.06481043487056098,0.35703995583399784,0.8522407170294495,0.7766029181015399,0.9188684900711878,0.20196865065312436,0.16,0.47183098591549294,1587,1562,25,1588,repope,3794,101,50,3844,50,213,0
