row_type,model_alias,objective,method,selected_on,frozen_for_test,selection_metric,selection_pr_auc,selection_roc_auc,negative_budget_ratio,negative_budget_seed,metric_status,parameter_name,parameter_value,selected_K,K
selected,llava-onevision-qwen2-7b-ov-hf,proxy_anchor,mixture_vmf,repope/cal,True,pr_auc,0.4883790202798018,0.9583870967741936,0.5,20260506,passed,K,2,2,2
selected,llava-onevision-qwen2-7b-ov-hf,proxy_anchor,mixture_vmf,repope/cal,True,pr_auc,0.01528184533818819,0.017849462365591387,0.5,20260507,passed,K,2,2,2
selected,llava-onevision-qwen2-7b-ov-hf,proxy_anchor,mixture_vmf,repope/cal,True,pr_auc,0.652097164754391,0.9816129032258064,0.5,20260508,passed,K,2,2,2
selected,qwen3-vl-8b,proxy_anchor,mixture_vmf,repope/cal,True,pr_auc,0.8892099964935615,0.9936538461538461,0.5,20260506,passed,K,2,2,2
selected,qwen3-vl-8b,proxy_anchor,mixture_vmf,repope/cal,True,pr_auc,0.09963917912373303,0.6808333333333333,0.5,20260507,passed,K,2,2,2
selected,qwen3-vl-8b,proxy_anchor,mixture_vmf,repope/cal,True,pr_auc,0.8525712821496244,0.9932051282051282,0.5,20260508,passed,K,2,2,2
selected,internvl3.5-8b,proxy_anchor,mixture_vmf,repope/cal,True,pr_auc,0.7952959849768276,0.9690321732269659,0.5,20260506,passed,K,2,2,2
selected,internvl3.5-8b,proxy_anchor,mixture_vmf,repope/cal,True,pr_auc,0.03906422799797227,0.02557640045586044,0.5,20260507,passed,K,2,2,2
selected,internvl3.5-8b,proxy_anchor,mixture_vmf,repope/cal,True,pr_auc,0.8008371968313828,0.9649338125712281,0.5,20260508,passed,K,4,4,4
selected,minicpm-v-2_6,proxy_anchor,mixture_vmf,repope/cal,True,pr_auc,0.46365672268392366,0.9265975820379966,0.5,20260506,passed,K,2,2,2
selected,minicpm-v-2_6,proxy_anchor,mixture_vmf,repope/cal,True,pr_auc,0.33663127187527603,0.9007987910189983,0.5,20260507,passed,K,2,2,2
selected,minicpm-v-2_6,proxy_anchor,mixture_vmf,repope/cal,True,pr_auc,0.008049194270547688,0.08732728842832471,0.5,20260508,passed,K,2,2,2
selected,gemma-3-12b-it,proxy_anchor,mixture_vmf,repope/cal,True,pr_auc,0.8312459423627748,0.9727934801456564,0.5,20260506,passed,K,8,8,8
selected,gemma-3-12b-it,proxy_anchor,mixture_vmf,repope/cal,True,pr_auc,0.8159207471680529,0.973539101786024,0.5,20260507,passed,K,2,2,2
selected,gemma-3-12b-it,proxy_anchor,mixture_vmf,repope/cal,True,pr_auc,0.8377721854836093,0.9732443211375066,0.5,20260508,passed,K,4,4,4
selected,gemma-4-12b-it,proxy_anchor,mixture_vmf,repope/cal,True,pr_auc,0.24290650508966338,0.9173058485139022,0.5,20260506,passed,K,2,2,2
selected,gemma-4-12b-it,proxy_anchor,mixture_vmf,repope/cal,True,pr_auc,0.09828285898989977,0.8295781399808246,0.5,20260507,passed,K,2,2,2
selected,gemma-4-12b-it,proxy_anchor,mixture_vmf,repope/cal,True,pr_auc,0.18616897263126236,0.9431927133269415,0.5,20260508,passed,K,2,2,2
selected,qwen3.5-4b,proxy_anchor,mixture_vmf,repope/cal,True,pr_auc,0.24054504994028586,0.9722222222222222,0.5,20260506,passed,K,4,4,4
selected,qwen3.5-4b,proxy_anchor,mixture_vmf,repope/cal,True,pr_auc,0.4071720731077456,0.975572305974316,0.5,20260507,passed,K,2,2,2
selected,qwen3.5-4b,proxy_anchor,mixture_vmf,repope/cal,True,pr_auc,0.2174445059169917,0.9599385817978783,0.5,20260508,passed,K,2,2,2
selected,qwen3.5-9b,proxy_anchor,mixture_vmf,repope/cal,True,pr_auc,0.01268848593363695,0.015556978233034568,0.5,20260506,passed,K,8,8,8
selected,qwen3.5-9b,proxy_anchor,mixture_vmf,repope/cal,True,pr_auc,0.5730440763027781,0.98348271446863,0.5,20260507,passed,K,2,2,2
selected,qwen3.5-9b,proxy_anchor,mixture_vmf,repope/cal,True,pr_auc,0.5437393935702282,0.9852752880921896,0.5,20260508,passed,K,2,2,2
selected,phi-4-multimodal-instruct,proxy_anchor,mixture_vmf,repope/cal,True,pr_auc,0.013644074526100735,0.05308755760368664,0.5,20260506,passed,K,2,2,2
selected,phi-4-multimodal-instruct,proxy_anchor,mixture_vmf,repope/cal,True,pr_auc,0.4636308319333001,0.9343778801843318,0.5,20260507,passed,K,2,2,2
selected,phi-4-multimodal-instruct,proxy_anchor,mixture_vmf,repope/cal,True,pr_auc,0.013554867265315879,0.04559139784946237,0.5,20260508,passed,K,2,2,2
selected,phi-3.5-vision-instruct,proxy_anchor,mixture_vmf,repope/cal,True,pr_auc,0.020058220174191566,0.04689870593485055,0.5,20260506,passed,K,2,2,2
selected,phi-3.5-vision-instruct,proxy_anchor,mixture_vmf,repope/cal,True,pr_auc,0.4016589700396488,0.8904506916555109,0.5,20260507,passed,K,2,2,2
selected,phi-3.5-vision-instruct,proxy_anchor,mixture_vmf,repope/cal,True,pr_auc,0.4608968519706893,0.9451584114234717,0.5,20260508,passed,K,8,8,8
selected,gemma-3-4b-it,proxy_anchor,mixture_vmf,repope/cal,True,pr_auc,0.7722700494057474,0.9438541281007035,0.5,20260506,passed,K,4,4,4
selected,gemma-3-4b-it,proxy_anchor,mixture_vmf,repope/cal,True,pr_auc,0.699180087155342,0.9481118104405775,0.5,20260507,passed,K,2,2,2
selected,gemma-3-4b-it,proxy_anchor,mixture_vmf,repope/cal,True,pr_auc,0.7965843003884644,0.9610699740836728,0.5,20260508,passed,K,4,4,4
selected,molmo-7b-d-0924,proxy_anchor,mixture_vmf,repope/cal,True,pr_auc,0.4810900442904024,0.9529464102388612,0.5,20260506,passed,K,2,2,2
selected,molmo-7b-d-0924,proxy_anchor,mixture_vmf,repope/cal,True,pr_auc,0.5387327096292084,0.9611594004517146,0.5,20260507,passed,K,2,2,2
selected,molmo-7b-d-0924,proxy_anchor,mixture_vmf,repope/cal,True,pr_auc,0.42404228604362076,0.9104099650947916,0.5,20260508,passed,K,2,2,2
selected,minicpm-v-4_5,proxy_anchor,mixture_vmf,repope/cal,True,pr_auc,0.5146160189782321,0.9721561969439729,0.5,20260506,passed,K,4,4,4
selected,minicpm-v-4_5,proxy_anchor,mixture_vmf,repope/cal,True,pr_auc,0.012193323537370824,0.022818336162988125,0.5,20260507,passed,K,2,2,2
selected,minicpm-v-4_5,proxy_anchor,mixture_vmf,repope/cal,True,pr_auc,0.012286907070301209,0.02730050933786077,0.5,20260508,passed,K,2,2,2
selected,llava-v1.5-7b,proxy_anchor,mixture_vmf,repope/cal,True,pr_auc,0.5718591266735964,0.9411229703341091,0.5,20260506,passed,K,2,2,2
selected,llava-v1.5-7b,proxy_anchor,mixture_vmf,repope/cal,True,pr_auc,0.18090341073118824,0.8461065190059652,0.5,20260507,passed,K,2,2,2
selected,llava-v1.5-7b,proxy_anchor,mixture_vmf,repope/cal,True,pr_auc,0.6093702196390122,0.9372977021640853,0.5,20260508,passed,K,2,2,2
selected,qwen2.5-vl-7b,proxy_anchor,mixture_vmf,repope/cal,True,pr_auc,0.8478923304399083,0.992999010729777,0.5,20260506,passed,K,2,2,2
selected,qwen2.5-vl-7b,proxy_anchor,mixture_vmf,repope/cal,True,pr_auc,0.6730607381892518,0.9748116581690891,0.5,20260507,passed,K,2,2,2
selected,qwen2.5-vl-7b,proxy_anchor,mixture_vmf,repope/cal,True,pr_auc,0.7351531201138763,0.9901072977703371,0.5,20260508,passed,K,2,2,2
