run_id,model_name,dataset_name,subset_scope,seed,block,pair_id,classifier,learning_rate,shared_config_summary,paired_status,paired_failure_reason,teacher_config_name,teacher_row_id,teacher_signal_builder,teacher_status,teacher_failure_reason,teacher_feature_shape,teacher_feature_seconds,teacher_train_eval_seconds,teacher_total_seconds,teacher_train_samples,teacher_val_samples,teacher_test_samples,teacher_train_pos,teacher_val_pos,teacher_test_pos,teacher_learning_rate,teacher_max_epochs,teacher_patience,teacher_best_epoch,teacher_best_validation_pr_auc,teacher_epochs_ran,teacher_early_stopped,teacher_converged,teacher_max_epoch_reached,teacher_pr_auc,teacher_average_precision,teacher_roc_auc,teacher_test_f1,teacher_test_precision,teacher_test_recall,teacher_balanced_accuracy,teacher_tpr_at_1pct_fpr,teacher_fpr_at_95pct_tpr,ours_config_name,ours_row_id,ours_signal_builder,ours_status,ours_failure_reason,ours_feature_shape,ours_feature_seconds,ours_train_eval_seconds,ours_total_seconds,ours_train_samples,ours_val_samples,ours_test_samples,ours_train_pos,ours_val_pos,ours_test_pos,ours_learning_rate,ours_max_epochs,ours_patience,ours_best_epoch,ours_best_validation_pr_auc,ours_epochs_ran,ours_early_stopped,ours_converged,ours_max_epoch_reached,ours_pr_auc,ours_average_precision,ours_roc_auc,ours_test_f1,ours_test_precision,ours_test_recall,ours_balanced_accuracy,ours_tpr_at_1pct_fpr,ours_fpr_at_95pct_tpr,delta_pr_auc,winner_pr_auc,delta_average_precision,winner_average_precision,delta_roc_auc,winner_roc_auc,delta_test_f1,winner_test_f1,delta_test_precision,winner_test_precision,delta_test_recall,winner_test_recall,delta_balanced_accuracy,winner_balanced_accuracy,delta_tpr_at_1pct_fpr,winner_tpr_at_1pct_fpr,delta_fpr_at_95pct_tpr,winner_fpr_at_95pct_tpr,teacher_f1,ours_f1,delta_f1,speedup_or_slowdown
paired_wavelet_v2,qwen3-vl-8b,repope,"popular,random,adversarial",20260506,A,A_cwt_mexh_scales_1_16,logreg,,"transform=cwt; wavelet=mexh; cwt_scales=[1.0, 2.0, 3.0, 4.0, 5.0, 6.0, 7.0, 8.0, 12.0, 16.0]; threshold=not_applicable; window_mode=global; window_strategy=full; feature_protocol=wavelet_summary_static_pooled; classifier=logreg",success,,A_cwt_mexh_scales_1_16::Teacher::logreg,A_cwt_mexh_scales_1_16::Teacher,teacher_hidden_dim_signal,success,,7986x102,2477.629906682996,2.1784106579143554,2479.8083173409104,4795,1579,1612,192,48,38,,,,,0.40427234367484743,,,,,0.22611928537853082,0.24186442643238065,0.9474687353708287,0.33962264150943394,0.2647058823529412,0.47368421052631576,0.7209590048819635,0.15789473684210525,0.18424396442185514,A_cwt_mexh_scales_1_16::Ours::logreg,A_cwt_mexh_scales_1_16::Ours,ours_semantic_trace_signal,success,,7986x102,64.9191707179416,2.1624502730555832,67.08162099099718,4795,1579,1612,192,48,38,,,,,0.36936954198412164,,,,,0.289580168940283,0.30849681286659103,0.9531699324550258,0.3963963963963964,0.3013698630136986,0.5789473684210527,0.773272921821708,0.3157894736842105,0.10419313850063533,0.06346088356175217,Ours,0.06663238643421038,Ours,0.0057011970841971404,Ours,0.05677375488696246,Ours,0.036663980660757434,Ours,0.10526315789473689,Ours,0.05231391693974452,Ours,0.15789473684210525,Ours,-0.08005082592121981,Ours,0.33962264150943394,0.3963963963963964,0.05677375488696246,36.967030323756155
paired_wavelet_v2,qwen3-vl-8b,repope,"popular,random,adversarial",20260506,A,A_cwt_morl_scales_1_16,logreg,,"transform=cwt; wavelet=morl; cwt_scales=[1.0, 2.0, 3.0, 4.0, 5.0, 6.0, 7.0, 8.0, 12.0, 16.0]; threshold=not_applicable; window_mode=global; window_strategy=full; feature_protocol=wavelet_summary_static_pooled; classifier=logreg",success,,A_cwt_morl_scales_1_16::Teacher::logreg,A_cwt_morl_scales_1_16::Teacher,teacher_hidden_dim_signal,success,,7986x102,2469.4637676267885,1.6732366299256682,2471.137004256714,4795,1579,1612,192,48,38,,,,,0.5334413828131476,,,,,0.28188976971523166,0.29978742464468955,0.9621313448806259,0.3384615384615385,0.4074074074074074,0.2894736842105263,0.6396542499832809,0.2894736842105263,0.10101651842439645,A_cwt_morl_scales_1_16::Ours::logreg,A_cwt_morl_scales_1_16::Ours,ours_semantic_trace_signal,success,,7986x102,70.75464821606874,1.9582736678421497,72.7129218839109,4795,1579,1612,192,48,38,,,,,0.4409568509180867,,,,,0.36729456520778553,0.37858734529825666,0.9615294589714438,0.42592592592592593,0.32857142857142857,0.6052631578947368,0.7877014645890457,0.3157894736842105,0.08513341804320203,0.08540479549255386,Ours,0.07879992065356711,Ours,-0.0006018859091820872,Teacher,0.08746438746438745,Ours,-0.07883597883597881,Teacher,0.3157894736842105,Ours,0.14804721460576475,Ours,0.02631578947368418,Ours,-0.01588310038119442,Ours,0.3384615384615385,0.42592592592592593,0.08746438746438745,33.98483983633588
paired_wavelet_v2,qwen3-vl-8b,repope,"popular,random,adversarial",20260506,A,A_dwt_bior2.2_l2,logreg,,"transform=dwt; wavelet=bior2.2; level=2; cwt_scales=[1.0, 2.0, 3.0, 4.0, 5.0, 6.0, 7.0, 8.0, 12.0, 16.0]; threshold=universal_soft; window_mode=global; window_strategy=full; feature_protocol=wavelet_summary_static_pooled; classifier=logreg",success,,A_dwt_bior2.2_l2::Teacher::logreg,A_dwt_bior2.2_l2::Teacher,teacher_hidden_dim_signal,success,,7986x60,99.27054133592173,0.11102153593674302,99.38156287185848,4795,1579,1612,192,48,38,,,,,0.27199080846566087,,,,,0.2873950618914342,0.29756863524688093,0.9468501304086137,0.3132530120481928,0.203125,0.6842105263157895,0.8097037383802581,0.13157894736842105,0.20902160101651843,A_dwt_bior2.2_l2::Ours::logreg,A_dwt_bior2.2_l2::Ours,ours_semantic_trace_signal,success,,7986x60,55.446167442947626,0.10747158294543624,55.55363902589306,4795,1579,1612,192,48,38,,,,,0.3493954931256501,,,,,0.3284441386837717,0.35289236247507993,0.9673978465859694,0.3972602739726027,0.26851851851851855,0.7631578947368421,0.8564836487661339,0.2631578947368421,0.08958068614993647,0.04104907679233749,Ours,0.055323727228199004,Ours,0.020547716177355735,Ours,0.08400726192440994,Ours,0.06539351851851855,Ours,0.07894736842105265,Ours,0.04677991038587581,Ours,0.13157894736842105,Ours,-0.11944091486658195,Ours,0.3132530120481928,0.3972602739726027,0.08400726192440994,1.7889298453614821
paired_wavelet_v2,qwen3-vl-8b,repope,"popular,random,adversarial",20260506,A,A_dwt_bior4.4_l2,logreg,,"transform=dwt; wavelet=bior4.4; level=2; cwt_scales=[1.0, 2.0, 3.0, 4.0, 5.0, 6.0, 7.0, 8.0, 12.0, 16.0]; threshold=universal_soft; window_mode=global; window_strategy=full; feature_protocol=wavelet_summary_static_pooled; classifier=logreg",success,,A_dwt_bior4.4_l2::Teacher::logreg,A_dwt_bior4.4_l2::Teacher,teacher_hidden_dim_signal,success,,7986x60,115.53289312799461,0.11691294610500336,115.64980607409962,4795,1579,1612,192,48,38,,,,,0.3770680538676351,,,,,0.2858731937392934,0.29810013540280034,0.9433892864308165,0.27586206896551724,0.24489795918367346,0.3157894736842105,0.6461412425600214,0.21052631578947367,0.1797966963151207,A_dwt_bior4.4_l2::Ours::logreg,A_dwt_bior4.4_l2::Ours,ours_semantic_trace_signal,success,,7986x60,53.91636607190594,0.13023140095174313,54.046597472857684,4795,1579,1612,192,48,38,,,,,0.3744571094794427,,,,,0.2912242671723846,0.30518923160999767,0.9546412091219154,0.42,0.3387096774193548,0.5526315789473685,0.7632916471611049,0.21052631578947367,0.12960609911054638,0.0053510734330912135,Ours,0.007089096207197332,Ours,0.01125192269109887,Ours,0.14413793103448275,Ours,0.09381171823568135,Ours,0.23684210526315796,Ours,0.1171504046010835,Ours,0.0,tie,-0.05019059720457433,Ours,0.27586206896551724,0.42,0.14413793103448275,2.139816593120024
paired_wavelet_v2,qwen3-vl-8b,repope,"popular,random,adversarial",20260506,A,A_dwt_coif1_l2,logreg,,"transform=dwt; wavelet=coif1; level=2; cwt_scales=[1.0, 2.0, 3.0, 4.0, 5.0, 6.0, 7.0, 8.0, 12.0, 16.0]; threshold=universal_soft; window_mode=global; window_strategy=full; feature_protocol=wavelet_summary_static_pooled; classifier=logreg",success,,A_dwt_coif1_l2::Teacher::logreg,A_dwt_coif1_l2::Teacher,teacher_hidden_dim_signal,success,,7986x60,99.15501941600814,0.11877952888607979,99.27379894489422,4795,1579,1612,192,48,38,,,,,0.3267663289028925,,,,,0.2522108751125052,0.26812840098249613,0.9571156289707752,0.327683615819209,0.20863309352517986,0.7631578947368421,0.8466361265297934,0.13157894736842105,0.09339263024142312,A_dwt_coif1_l2::Ours::logreg,A_dwt_coif1_l2::Ours,ours_semantic_trace_signal,success,,7986x60,53.342531526926905,0.13038099417462945,53.472912521101534,4795,1579,1612,192,48,38,,,,,0.3552467794924386,,,,,0.2285523521657024,0.24653497278353617,0.9536046278338794,0.27522935779816515,0.2112676056338028,0.39473684210526316,0.6795793486256938,0.18421052631578946,0.10864040660736976,-0.023658522946802762,Teacher,-0.021593428198959957,Teacher,-0.0035110011368957306,Teacher,-0.052454258021043865,Teacher,0.0026345121086229495,Ours,-0.368421052631579,Teacher,-0.16705677790409956,Teacher,0.05263157894736842,Ours,0.015247776365946639,Teacher,0.327683615819209,0.27522935779816515,-0.052454258021043865,1.856525000498499
paired_wavelet_v2,qwen3-vl-8b,repope,"popular,random,adversarial",20260506,A,A_dwt_coif2_l2,logreg,,"transform=dwt; wavelet=coif2; level=2; cwt_scales=[1.0, 2.0, 3.0, 4.0, 5.0, 6.0, 7.0, 8.0, 12.0, 16.0]; threshold=universal_soft; window_mode=global; window_strategy=full; feature_protocol=wavelet_summary_static_pooled; classifier=logreg",failure,Teacher: DWT level 2 is not feasible for length 36 and wavelet 'coif2'; max level is 1; Ours: DWT level 2 is not feasible for length 36 and wavelet 'coif2'; max level is 1,A_dwt_coif2_l2::Teacher::logreg,A_dwt_coif2_l2::Teacher,teacher_hidden_dim_signal,failure,DWT level 2 is not feasible for length 36 and wavelet 'coif2'; max level is 1,,0.04558708402328193,,0.04558708402328193,,,,,,,,,,,,,,,,,,,,,,,,,A_dwt_coif2_l2::Ours::logreg,A_dwt_coif2_l2::Ours,ours_semantic_trace_signal,failure,DWT level 2 is not feasible for length 36 and wavelet 'coif2'; max level is 1,,0.0511470518540591,,0.0511470518540591,,,,,,,,,,,,,,,,,,,,,,,,,,,,,,,,,,,,,,,,,,,,,,0.8912944611814234
paired_wavelet_v2,qwen3-vl-8b,repope,"popular,random,adversarial",20260506,A,A_dwt_db2_l2,logreg,,"transform=dwt; wavelet=db2; level=2; cwt_scales=[1.0, 2.0, 3.0, 4.0, 5.0, 6.0, 7.0, 8.0, 12.0, 16.0]; threshold=universal_soft; window_mode=global; window_strategy=full; feature_protocol=wavelet_summary_static_pooled; classifier=logreg",success,,A_dwt_db2_l2::Teacher::logreg,A_dwt_db2_l2::Teacher,teacher_hidden_dim_signal,success,,7986x60,91.77515835012309,0.11734039499424398,91.89249874511734,4795,1579,1612,192,48,38,,,,,0.47410253858944523,,,,,0.27801640913824,0.29497619568833067,0.9588042533270915,0.37037037037037035,0.2857142857142857,0.5263157894736842,0.7472747943556477,0.15789473684210525,0.10101651842439645,A_dwt_db2_l2::Ours::logreg,A_dwt_db2_l2::Ours,ours_semantic_trace_signal,success,,7986x60,54.67154586780816,0.11928268801420927,54.79082855582237,4795,1579,1612,192,48,38,,,,,0.41357515263340855,,,,,0.27586818965765014,0.2940710443738444,0.9558616999933124,0.4,0.2926829268292683,0.631578947368421,0.797365077242025,0.18421052631578946,0.17407878017789072,-0.0021482194805898525,Teacher,-0.0009051513144862633,Teacher,-0.00294255333377913,Teacher,0.029629629629629672,Ours,0.006968641114982577,Ours,0.10526315789473684,Ours,0.05009028288637729,Ours,0.02631578947368421,Ours,0.07306226175349427,Teacher,0.37037037037037035,0.4,0.029629629629629672,1.6771511066217
paired_wavelet_v2,qwen3-vl-8b,repope,"popular,random,adversarial",20260506,A,A_dwt_db4_l2,logreg,,"transform=dwt; wavelet=db4; level=2; cwt_scales=[1.0, 2.0, 3.0, 4.0, 5.0, 6.0, 7.0, 8.0, 12.0, 16.0]; threshold=universal_soft; window_mode=global; window_strategy=full; feature_protocol=wavelet_summary_static_pooled; classifier=logreg",success,,A_dwt_db4_l2::Teacher::logreg,A_dwt_db4_l2::Teacher,teacher_hidden_dim_signal,success,,7986x60,108.95775537611917,0.12948304694145918,109.08723842306063,4795,1579,1612,192,48,38,,,,,0.28604189181252393,,,,,0.19900546042404535,0.21561692183409178,0.9457132348023808,0.2912621359223301,0.23076923076923078,0.39473684210526316,0.6814853206714372,0.15789473684210525,0.11308767471410419,A_dwt_db4_l2::Ours::logreg,A_dwt_db4_l2::Ours,ours_semantic_trace_signal,success,,7986x60,56.79875633190386,0.11218905611895025,56.91094538802281,4795,1579,1612,192,48,38,,,,,0.32976861096940036,,,,,0.28939700486588793,0.30521206316185856,0.9574834481374974,0.25,0.22,0.2894736842105263,0.6323480238079315,0.18421052631578946,0.102287166454892,0.09039154444184258,Ours,0.08959514132776678,Ours,0.01177021333511663,Ours,-0.04126213592233008,Teacher,-0.010769230769230781,Teacher,-0.10526315789473684,Teacher,-0.04913729686350565,Teacher,0.02631578947368421,Ours,-0.010800508259212194,Ours,0.2912621359223301,0.25,-0.04126213592233008,1.9168059444329417
paired_wavelet_v2,qwen3-vl-8b,repope,"popular,random,adversarial",20260506,A,A_dwt_db6_l2,logreg,,"transform=dwt; wavelet=db6; level=2; cwt_scales=[1.0, 2.0, 3.0, 4.0, 5.0, 6.0, 7.0, 8.0, 12.0, 16.0]; threshold=universal_soft; window_mode=global; window_strategy=full; feature_protocol=wavelet_summary_static_pooled; classifier=logreg",failure,Teacher: DWT level 2 is not feasible for length 36 and wavelet 'db6'; max level is 1; Ours: DWT level 2 is not feasible for length 36 and wavelet 'db6'; max level is 1,A_dwt_db6_l2::Teacher::logreg,A_dwt_db6_l2::Teacher,teacher_hidden_dim_signal,failure,DWT level 2 is not feasible for length 36 and wavelet 'db6'; max level is 1,,0.04910798091441393,,0.04910798091441393,,,,,,,,,,,,,,,,,,,,,,,,,A_dwt_db6_l2::Ours::logreg,A_dwt_db6_l2::Ours,ours_semantic_trace_signal,failure,DWT level 2 is not feasible for length 36 and wavelet 'db6'; max level is 1,,0.05074850097298622,,0.05074850097298622,,,,,,,,,,,,,,,,,,,,,,,,,,,,,,,,,,,,,,,,,,,,,,0.9676735267619914
paired_wavelet_v2,qwen3-vl-8b,repope,"popular,random,adversarial",20260506,A,A_dwt_haar_l1,logreg,,"transform=dwt; wavelet=haar; level=1; cwt_scales=[1.0, 2.0, 3.0, 4.0, 5.0, 6.0, 7.0, 8.0, 12.0, 16.0]; threshold=universal_soft; window_mode=global; window_strategy=full; feature_protocol=wavelet_summary_static_pooled; classifier=logreg",success,,A_dwt_haar_l1::Teacher::logreg,A_dwt_haar_l1::Teacher,teacher_hidden_dim_signal,success,,7986x54,74.90567000885494,0.1151148749049753,75.02078488375992,4795,1579,1612,192,48,38,,,,,0.4246288460434298,,,,,0.3343796372871526,0.3508049542317593,0.9636694977596469,0.4339622641509434,0.3382352941176471,0.6052631578947368,0.7883367886042935,0.21052631578947367,0.13024142312579415,A_dwt_haar_l1::Ours::logreg,A_dwt_haar_l1::Ours,ours_semantic_trace_signal,success,,7986x54,55.965193392010406,0.11317658005282283,56.07836997206323,4795,1579,1612,192,48,38,,,,,0.3872426131736929,,,,,0.29471780471033315,0.31505415984596175,0.9600247441984886,0.275,0.2619047619047619,0.2894736842105263,0.6348893198689226,0.21052631578947367,0.144853875476493,-0.039661832576819434,Teacher,-0.035750794385797535,Teacher,-0.0036447535611583426,Teacher,-0.1589622641509434,Teacher,-0.07633053221288516,Teacher,-0.3157894736842105,Teacher,-0.15344746873537085,Teacher,0.0,tie,0.014612452350698857,Teacher,0.4339622641509434,0.275,-0.1589622641509434,1.3377846916936655
paired_wavelet_v2,qwen3-vl-8b,repope,"popular,random,adversarial",20260506,A,A_dwt_sym2_l2,logreg,,"transform=dwt; wavelet=sym2; level=2; cwt_scales=[1.0, 2.0, 3.0, 4.0, 5.0, 6.0, 7.0, 8.0, 12.0, 16.0]; threshold=universal_soft; window_mode=global; window_strategy=full; feature_protocol=wavelet_summary_static_pooled; classifier=logreg",success,,A_dwt_sym2_l2::Teacher::logreg,A_dwt_sym2_l2::Teacher,teacher_hidden_dim_signal,success,,7986x60,92.69307380612008,0.11821193317882717,92.81128573929891,4795,1579,1612,192,48,38,,,,,0.4772685842542826,,,,,0.27717703452180775,0.2941183883278926,0.9585869056376646,0.37037037037037035,0.2857142857142857,0.5263157894736842,0.7472747943556477,0.15789473684210525,0.10101651842439645,A_dwt_sym2_l2::Ours::logreg,A_dwt_sym2_l2::Ours,ours_semantic_trace_signal,success,,7986x60,56.513049352914095,0.1229752879589796,56.636024640873075,4795,1579,1612,192,48,38,,,,,0.40392892599524727,,,,,0.28415846735783823,0.3024450428949865,0.9571490670768408,0.32727272727272727,0.25,0.47368421052631576,0.7196883568514679,0.18421052631578946,0.16772554002541296,0.006981432836030477,Ours,0.008326654567093916,Ours,-0.001437838560823801,Teacher,-0.04309764309764308,Teacher,-0.0357142857142857,Teacher,-0.05263157894736842,Teacher,-0.027586437504179773,Teacher,0.02631578947368421,Ours,0.06670902160101651,Teacher,0.37037037037037035,0.32727272727272727,-0.04309764309764308,1.6387323497334394
paired_wavelet_v2,qwen3-vl-8b,repope,"popular,random,adversarial",20260506,A,A_dwt_sym4_l2,logreg,,"transform=dwt; wavelet=sym4; level=2; cwt_scales=[1.0, 2.0, 3.0, 4.0, 5.0, 6.0, 7.0, 8.0, 12.0, 16.0]; threshold=universal_soft; window_mode=global; window_strategy=full; feature_protocol=wavelet_summary_static_pooled; classifier=logreg",success,,A_dwt_sym4_l2::Teacher::logreg,A_dwt_sym4_l2::Teacher,teacher_hidden_dim_signal,success,,7986x60,109.1127817069646,0.1276562858838588,109.24043799284846,4795,1579,1612,192,48,38,,,,,0.282216373318932,,,,,0.20836796434175425,0.24046723426447686,0.9450611917341002,0.3064516129032258,0.22093023255813954,0.5,0.7287166454891996,0.13157894736842105,0.2020330368487929,A_dwt_sym4_l2::Ours::logreg,A_dwt_sym4_l2::Ours,ours_semantic_trace_signal,success,,7986x60,56.40109574305825,0.09423525910824537,56.495331002166495,4795,1579,1612,192,48,38,,,,,0.4239409618983879,,,,,0.32965014033410095,0.3476923445445911,0.9624155687821841,0.3458646616541353,0.24210526315789474,0.6052631578947368,0.7797599143984485,0.23684210526315788,0.1156289707750953,0.1212821759923467,Ours,0.10722511028011422,Ours,0.017354377048083958,Ours,0.03941304875090951,Ours,0.0211750305997552,Ours,0.10526315789473684,Ours,0.05104326890924893,Ours,0.10526315789473684,Ours,-0.08640406607369759,Ours,0.3064516129032258,0.3458646616541353,0.03941304875090951,1.933618868232833
paired_wavelet_v2,qwen3-vl-8b,repope,"popular,random,adversarial",20260506,A,A_dwt_sym6_l2,logreg,,"transform=dwt; wavelet=sym6; level=2; cwt_scales=[1.0, 2.0, 3.0, 4.0, 5.0, 6.0, 7.0, 8.0, 12.0, 16.0]; threshold=universal_soft; window_mode=global; window_strategy=full; feature_protocol=wavelet_summary_static_pooled; classifier=logreg",failure,Teacher: DWT level 2 is not feasible for length 36 and wavelet 'sym6'; max level is 1; Ours: DWT level 2 is not feasible for length 36 and wavelet 'sym6'; max level is 1,A_dwt_sym6_l2::Teacher::logreg,A_dwt_sym6_l2::Teacher,teacher_hidden_dim_signal,failure,DWT level 2 is not feasible for length 36 and wavelet 'sym6'; max level is 1,,0.0452016678173095,,0.0452016678173095,,,,,,,,,,,,,,,,,,,,,,,,,A_dwt_sym6_l2::Ours::logreg,A_dwt_sym6_l2::Ours,ours_semantic_trace_signal,failure,DWT level 2 is not feasible for length 36 and wavelet 'sym6'; max level is 1,,0.05002960190176964,,0.05002960190176964,,,,,,,,,,,,,,,,,,,,,,,,,,,,,,,,,,,,,,,,,,,,,,0.9034984508983397
paired_wavelet_v2,qwen3-vl-8b,repope,"popular,random,adversarial",20260506,A,A_none,logreg,,"transform=none; cwt_scales=[1.0, 2.0, 3.0, 4.0, 5.0, 6.0, 7.0, 8.0, 12.0, 16.0]; threshold=none; window_mode=global; window_strategy=full; feature_protocol=wavelet_summary_static_pooled; classifier=logreg",success,,A_none::Teacher::logreg,A_none::Teacher,teacher_hidden_dim_signal,success,,7986x48,48.244538358878344,0.0831173260230571,48.3276556849014,4795,1579,1612,192,48,38,,,,,0.31513858044661425,,,,,0.2114638845378483,0.22839136519014105,0.935380860028088,0.3,0.19672131147540983,0.631578947368421,0.7846585969370694,0.15789473684210525,0.198856416772554,A_none::Ours::logreg,A_none::Ours,ours_semantic_trace_signal,success,,7986x48,56.419398934114724,0.08141382201574743,56.50081275613047,4795,1579,1612,192,48,38,,,,,0.34049262340155473,,,,,0.23491627462307155,0.25085793330231093,0.9417006620745001,0.34285714285714286,0.26865671641791045,0.47368421052631576,0.7212766668895874,0.13157894736842105,0.13214739517153748,0.023452390085223235,Ours,0.022466568112169877,Ours,0.006319802046412137,Ours,0.04285714285714287,Ours,0.07193540494250061,Ours,-0.15789473684210525,Teacher,-0.06338193004748205,Teacher,-0.02631578947368421,Teacher,-0.06670902160101652,Ours,0.3,0.34285714285714286,0.04285714285714287,0.855344433601227
paired_wavelet_v2,qwen3-vl-8b,repope,"popular,random,adversarial",20260506,A,A_swt_db2_l2,logreg,,"transform=swt; wavelet=db2; level=2; cwt_scales=[1.0, 2.0, 3.0, 4.0, 5.0, 6.0, 7.0, 8.0, 12.0, 16.0]; threshold=universal_soft; window_mode=global; window_strategy=full; feature_protocol=wavelet_summary_static_pooled; classifier=logreg",success,,A_swt_db2_l2::Teacher::logreg,A_swt_db2_l2::Teacher,teacher_hidden_dim_signal,success,,7986x60,186.18331967503764,0.11696781706996262,186.3002874921076,4795,1579,1612,192,48,38,,,,,0.37941896623858734,,,,,0.17404798072585237,0.1871653973449453,0.9436735103323748,0.18181818181818182,0.13253012048192772,0.2894736842105263,0.6218651775563433,0.13157894736842105,0.10864040660736976,A_swt_db2_l2::Ours::logreg,A_swt_db2_l2::Ours,ours_semantic_trace_signal,success,,7986x60,56.24013909394853,0.11002049199305475,56.35015958594158,4795,1579,1612,192,48,38,,,,,0.4473973087761564,,,,,0.2963076129189292,0.3114568689813244,0.9508125459773958,0.39622641509433965,0.3088235294117647,0.5526315789473685,0.7613856751153615,0.3157894736842105,0.1645489199491741,0.12225963219307684,Ours,0.1242914716363791,Ours,0.007139035645021052,Ours,0.21440823327615782,Ours,0.176293408929837,Ours,0.26315789473684215,Ours,0.1395204975590182,Ours,0.18421052631578946,Ours,0.05590851334180433,Teacher,0.18181818181818182,0.39622641509433965,0.21440823327615782,3.306118187792788
paired_wavelet_v2,qwen3-vl-8b,repope,"popular,random,adversarial",20260506,A,A_swt_haar_l2,logreg,,"transform=swt; wavelet=haar; level=2; cwt_scales=[1.0, 2.0, 3.0, 4.0, 5.0, 6.0, 7.0, 8.0, 12.0, 16.0]; threshold=universal_soft; window_mode=global; window_strategy=full; feature_protocol=wavelet_summary_static_pooled; classifier=logreg",success,,A_swt_haar_l2::Teacher::logreg,A_swt_haar_l2::Teacher,teacher_hidden_dim_signal,success,,7986x60,177.8105952029582,0.12761533609591424,177.93821053905413,4795,1579,1612,192,48,38,,,,,0.4266626935318069,,,,,0.3072043155369921,0.3203440813072455,0.9551762188189661,0.3247863247863248,0.24050632911392406,0.5,0.7309402795425667,0.2631578947368421,0.11181702668360864,A_swt_haar_l2::Ours::logreg,A_swt_haar_l2::Ours,ours_semantic_trace_signal,success,,7986x60,55.96022209711373,0.1056990479119122,56.06592114502564,4795,1579,1612,192,48,38,,,,,0.4305952571303089,,,,,0.25565460927669426,0.27376230204083096,0.9434060054838493,0.3619047619047619,0.2835820895522388,0.5,0.7347522236340533,0.21052631578947367,0.17407878017789072,-0.05154970626029787,Teacher,-0.04658177926641455,Teacher,-0.011770213335116742,Teacher,0.0371184371184371,Ours,0.043075760438314736,Ours,0.0,tie,0.003811944091486663,Ours,-0.05263157894736842,Teacher,0.06226175349428208,Teacher,0.3247863247863248,0.3619047619047619,0.0371184371184371,3.173732044440715
paired_wavelet_v2,qwen3-vl-8b,repope,"popular,random,adversarial",20260506,A,A_swt_sym4_l2,logreg,,"transform=swt; wavelet=sym4; level=2; cwt_scales=[1.0, 2.0, 3.0, 4.0, 5.0, 6.0, 7.0, 8.0, 12.0, 16.0]; threshold=universal_soft; window_mode=global; window_strategy=full; feature_protocol=wavelet_summary_static_pooled; classifier=logreg",success,,A_swt_sym4_l2::Teacher::logreg,A_swt_sym4_l2::Teacher,teacher_hidden_dim_signal,success,,7986x60,207.15206258092076,0.12293150089681149,207.27499408181757,4795,1579,1612,192,48,38,,,,,0.3926743748430004,,,,,0.17622722180053743,0.1879685256355869,0.9290777770347087,0.2706766917293233,0.18947368421052632,0.47368421052631576,0.7123821306761184,0.05263157894736842,0.12452350698856417,A_swt_sym4_l2::Ours::logreg,A_swt_sym4_l2::Ours,ours_semantic_trace_signal,success,,7986x60,56.07485270500183,0.10309010604396462,56.177942811045796,4795,1579,1612,192,48,38,,,,,0.4662881038632407,,,,,0.33050401909128346,0.3445743463432292,0.9526182037049422,0.43010752688172044,0.36363636363636365,0.5263157894736842,0.752039724470006,0.2631578947368421,0.18932655654383734,0.15427679729074603,Ours,0.15660582070764228,Ours,0.023540426670233483,Ours,0.15943083515239714,Ours,0.17416267942583732,Ours,0.05263157894736842,Ours,0.03965759379388756,Ours,0.21052631578947367,Ours,0.06480304955527318,Teacher,0.2706766917293233,0.43010752688172044,0.15943083515239714,3.689615242391233
paired_wavelet_v2,qwen3-vl-8b,repope,"popular,random,adversarial",20260506,A,A_wpt_db2_l2,logreg,,"transform=wpt; wavelet=db2; level=2; cwt_scales=[1.0, 2.0, 3.0, 4.0, 5.0, 6.0, 7.0, 8.0, 12.0, 16.0]; threshold=not_applicable; window_mode=global; window_strategy=full; feature_protocol=wavelet_summary_static_pooled; classifier=logreg",success,,A_wpt_db2_l2::Teacher::logreg,A_wpt_db2_l2::Teacher,teacher_hidden_dim_signal,success,,7986x66,84.27253307704814,0.12716715596616268,84.3997002330143,4795,1579,1612,192,48,38,,,,,0.33922610974834444,,,,,0.33296220372753726,0.3534568184151356,0.9670801845783454,0.42735042735042733,0.31645569620253167,0.6578947368421053,0.8117936200093627,0.3157894736842105,0.12261753494282084,A_wpt_db2_l2::Ours::logreg,A_wpt_db2_l2::Ours,ours_semantic_trace_signal,success,,7986x66,55.67919087805785,0.1511993759777397,55.83039025403559,4795,1579,1612,192,48,38,,,,,0.4123578388053155,,,,,0.3617494642777053,0.37259345866597193,0.961930716244232,0.3770491803278688,0.27380952380952384,0.6052631578947368,0.7832541964823112,0.2631578947368421,0.1156289707750953,0.02878726055016806,Ours,0.019136640250836334,Ours,-0.0051494683341134495,Teacher,-0.050301247022558504,Teacher,-0.04264617239300783,Teacher,-0.052631578947368474,Teacher,-0.028539423527051522,Teacher,-0.05263157894736842,Teacher,-0.006988564167725531,Ours,0.42735042735042733,0.3770491803278688,-0.050301247022558504,1.5117161074637775
paired_wavelet_v2,qwen3-vl-8b,repope,"popular,random,adversarial",20260506,A,A_wpt_sym4_l2,logreg,,"transform=wpt; wavelet=sym4; level=2; cwt_scales=[1.0, 2.0, 3.0, 4.0, 5.0, 6.0, 7.0, 8.0, 12.0, 16.0]; threshold=not_applicable; window_mode=global; window_strategy=full; feature_protocol=wavelet_summary_static_pooled; classifier=logreg",success,,A_wpt_sym4_l2::Teacher::logreg,A_wpt_sym4_l2::Teacher,teacher_hidden_dim_signal,success,,7986x66,103.4579940252006,0.13988558715209365,103.5978796123527,4795,1579,1612,192,48,38,,,,,0.25577155087952635,,,,,0.23202631246935382,0.2517292441657496,0.9526516418110078,0.3333333333333333,0.22033898305084745,0.6842105263157895,0.812880358456497,0.10526315789473684,0.1365946632782719,A_wpt_sym4_l2::Ours::logreg,A_wpt_sym4_l2::Ours,ours_semantic_trace_signal,success,,7986x66,55.400640906067565,0.13725420599803329,55.5378951120656,4795,1579,1612,192,48,38,,,,,0.46591945540901775,,,,,0.3649087303287217,0.38042408593236354,0.9637363739717782,0.4247787610619469,0.32,0.631578947368421,0.7995887112953922,0.34210526315789475,0.13595933926302414,0.13288241785936786,Ours,0.12869484176661394,Ours,0.011084732160770439,Ours,0.09144542772861358,Ours,0.09966101694915255,Ours,-0.052631578947368474,Teacher,-0.013291647161104758,Teacher,0.2368421052631579,Ours,-0.0006353240152477679,Ours,0.3333333333333333,0.4247787610619469,0.09144542772861358,1.865354806899156
paired_wavelet_v2,qwen3-vl-8b,repope,"popular,random,adversarial",20260506,B,B_direct_raw_sequence__lstm_projected_lr0p0003,lstm_projected_lr0p0003,0.0003,"transform=none; cwt_scales=[1.0, 2.0, 3.0, 4.0, 5.0, 6.0, 7.0, 8.0, 12.0, 16.0]; threshold=none; window_mode=global; window_strategy=full; feature_protocol=raw_sequence; classifier=lstm_projected_lr0p0003; sequence_model=lstm_projected; learning_rate=0.0003",success,,B_direct_raw_sequence__lstm_projected_lr0p0003::Teacher::lstm_projected_lr0p0003,B_direct_raw_sequence__lstm_projected_lr0p0003::Teacher,teacher_hidden_dim_signal,success,,7986x36x4096,14.851001862902194,260.14640489104204,274.99740675394423,4795,1579,1612,192,48,38,0.0003,200,20,81,0.802922127422503,101,true,true,false,0.5997333988677356,0.6061429739342026,0.9820938942018325,0.5892857142857143,0.44594594594594594,0.868421052631579,0.9211863840032101,0.4473684210526316,0.08576874205844981,B_direct_raw_sequence__lstm_projected_lr0p0003::Ours::lstm_projected_lr0p0003,B_direct_raw_sequence__lstm_projected_lr0p0003::Ours,ours_semantic_trace_signal,success,,7986x36x10,41.319111972814426,64.61026291409507,105.9293748869095,4795,1579,1612,192,48,38,0.0003,200,20,28,0.40417927607340887,48,true,true,false,0.4104745767152178,0.4247616439463505,0.9710091620410619,0.4496124031007752,0.31868131868131866,0.7631578947368421,0.86188390289574,0.23684210526315788,0.08894536213468869,-0.18925882215251777,Teacher,-0.18138132998785206,Teacher,-0.01108473216077055,Teacher,-0.1396733111849391,Teacher,-0.12726462726462728,Teacher,-0.10526315789473684,Teacher,-0.05930248110747005,Teacher,-0.2105263157894737,Teacher,0.0031766200762388813,Teacher,0.5892857142857143,0.4496124031007752,-0.1396733111849391,2.5960448369258504
paired_wavelet_v2,qwen3-vl-8b,repope,"popular,random,adversarial",20260506,B,B_direct_raw_sequence__lstm_projected_lr0p001,lstm_projected_lr0p001,0.001,"transform=none; cwt_scales=[1.0, 2.0, 3.0, 4.0, 5.0, 6.0, 7.0, 8.0, 12.0, 16.0]; threshold=none; window_mode=global; window_strategy=full; feature_protocol=raw_sequence; classifier=lstm_projected_lr0p001; sequence_model=lstm_projected; learning_rate=0.001",success,,B_direct_raw_sequence__lstm_projected_lr0p001::Teacher::lstm_projected_lr0p001,B_direct_raw_sequence__lstm_projected_lr0p001::Teacher,teacher_hidden_dim_signal,success,,7986x36x4096,14.851001862902194,187.75368559989147,202.60468746279366,4795,1579,1612,192,48,38,0.001,200,20,52,0.7568157448643197,72,true,true,false,0.5368614511918353,0.5654260624098909,0.9844011235203638,0.574468085106383,0.48214285714285715,0.7105263157894737,0.8460509596736441,0.6842105263157895,0.06289707750952986,B_direct_raw_sequence__lstm_projected_lr0p001::Ours::lstm_projected_lr0p001,B_direct_raw_sequence__lstm_projected_lr0p001::Ours,ours_semantic_trace_signal,success,,7986x36x10,41.319111972814426,110.60891629499383,151.92802826780826,4795,1579,1612,192,48,38,0.001,200,20,62,0.4531982873195008,82,true,true,false,0.375090047681559,0.39340519916430927,0.9722965291245904,0.5384615384615384,0.42424242424242425,0.7368421052631579,0.8563498963418712,0.34210526315789475,0.09720457433290978,-0.16177140351027625,Teacher,-0.17202086324558163,Teacher,-0.012104594395773383,Teacher,-0.036006546644844595,Teacher,-0.0579004329004329,Teacher,0.02631578947368418,Ours,0.010298936668227121,Ours,-0.34210526315789475,Teacher,0.03430749682337993,Teacher,0.574468085106383,0.5384615384615384,-0.036006546644844595,1.3335570123088551
paired_wavelet_v2,qwen3-vl-8b,repope,"popular,random,adversarial",20260506,B,B_global_window_stat28_sequence_lstm_projected__lstm_projected_lr0p0003,lstm_projected_lr0p0003,0.0003,"transform=swt; wavelet=db2; level=2; cwt_scales=[1.0, 2.0, 3.0, 4.0, 5.0, 6.0, 7.0, 8.0, 12.0, 16.0]; threshold=universal_soft; window_mode=global; window_strategy=full; feature_protocol=window_stat28_sequence; classifier=lstm_projected_lr0p0003; sequence_model=lstm_projected; learning_rate=0.0003",success,,B_global_window_stat28_sequence_lstm_projected__lstm_projected_lr0p0003::Teacher::lstm_projected_lr0p0003,B_global_window_stat28_sequence_lstm_projected__lstm_projected_lr0p0003::Teacher,teacher_hidden_dim_signal,success,,7986x1x114688,1283.9871260540094,651.4200440181885,1935.407170072198,4795,1579,1612,192,48,38,0.0003,200,20,73,0.7145772289983865,93,true,true,false,0.5487612982437247,0.5750356919331788,0.9848525379522504,0.6236559139784946,0.5272727272727272,0.7631578947368421,0.8733197351702,0.6052631578947368,0.0698856416772554,B_global_window_stat28_sequence_lstm_projected__lstm_projected_lr0p0003::Ours::lstm_projected_lr0p0003,B_global_window_stat28_sequence_lstm_projected__lstm_projected_lr0p0003::Ours,ours_semantic_trace_signal,success,,7986x1x280,57.39230092102662,27.440901722060516,84.83320264308713,4795,1579,1612,192,48,38,0.0003,200,20,1,0.21063402604013964,21,true,true,false,0.21035032248502128,0.2291350992926345,0.9240620611248579,0.27932960893854747,0.1773049645390071,0.6578947368421053,0.7920985755366816,0.18421052631578946,0.17407878017789072,-0.3384109757587034,Teacher,-0.3459005926405443,Teacher,-0.06079047682739247,Teacher,-0.34432630503994716,Teacher,-0.3499677627337201,Teacher,-0.10526315789473684,Teacher,-0.08122115963351839,Teacher,-0.42105263157894735,Teacher,0.10419313850063532,Teacher,0.6236559139784946,0.27932960893854747,-0.34432630503994716,22.8142650492037
paired_wavelet_v2,qwen3-vl-8b,repope,"popular,random,adversarial",20260506,B,B_global_window_stat28_sequence_lstm_projected__lstm_projected_lr0p001,lstm_projected_lr0p001,0.001,"transform=swt; wavelet=db2; level=2; cwt_scales=[1.0, 2.0, 3.0, 4.0, 5.0, 6.0, 7.0, 8.0, 12.0, 16.0]; threshold=universal_soft; window_mode=global; window_strategy=full; feature_protocol=window_stat28_sequence; classifier=lstm_projected_lr0p001; sequence_model=lstm_projected; learning_rate=0.001",success,,B_global_window_stat28_sequence_lstm_projected__lstm_projected_lr0p001::Teacher::lstm_projected_lr0p001,B_global_window_stat28_sequence_lstm_projected__lstm_projected_lr0p001::Teacher,teacher_hidden_dim_signal,success,,7986x1x114688,1283.9871260540094,624.3663179199211,1908.3534439739306,4795,1579,1612,192,48,38,0.001,200,20,69,0.7175177060292981,89,true,true,false,0.6685401150358344,0.675779820091316,0.985805523975122,0.5714285714285714,0.49056603773584906,0.6842105263157895,0.8335283889520497,0.6578947368421053,0.06670902160101652,B_global_window_stat28_sequence_lstm_projected__lstm_projected_lr0p001::Ours::lstm_projected_lr0p001,B_global_window_stat28_sequence_lstm_projected__lstm_projected_lr0p001::Ours,ours_semantic_trace_signal,success,,7986x1x280,57.39230092102662,27.47947701998055,84.87177794100717,4795,1579,1612,192,48,38,0.001,200,20,1,0.1984249570456107,21,true,true,false,0.18288447937884317,0.20392470671417876,0.9282585434360997,0.3120567375886525,0.21359223300970873,0.5789473684210527,0.7637430615929914,0.15789473684210525,0.17026683608640406,-0.48565563565699127,Teacher,-0.47185511337713726,Teacher,-0.0575469805390223,Teacher,-0.2593718338399189,Teacher,-0.2769738047261403,Teacher,-0.10526315789473684,Teacher,-0.06978532735905829,Teacher,-0.5,Teacher,0.10355781448538753,Teacher,0.5714285714285714,0.3120567375886525,-0.2593718338399189,22.485135698469666
paired_wavelet_v2,qwen3-vl-8b,repope,"popular,random,adversarial",20260506,B,B_win12_s6_window_stat28_sequence_lstm_projected__lstm_projected_lr0p0003,lstm_projected_lr0p0003,0.0003,"transform=swt; wavelet=db2; level=2; cwt_scales=[1.0, 2.0, 3.0, 4.0, 5.0, 6.0, 7.0, 8.0, 12.0, 16.0]; threshold=universal_soft; window_mode=win12_s6; window_strategy=sliding; window_size=12; stride=6; feature_protocol=window_stat28_sequence; classifier=lstm_projected_lr0p0003; sequence_model=lstm_projected; learning_rate=0.0003",success,,B_win12_s6_window_stat28_sequence_lstm_projected__lstm_projected_lr0p0003::Teacher::lstm_projected_lr0p0003,B_win12_s6_window_stat28_sequence_lstm_projected__lstm_projected_lr0p0003::Teacher,teacher_hidden_dim_signal,success,,7986x5x114688,2232.3528032579925,630.5879060479347,2862.940709305927,4795,1579,1612,192,48,38,0.0003,200,20,27,0.6641124648144913,47,true,true,false,0.48769811443391764,0.4988939414460906,0.9622316591988229,0.47058823529411764,0.375,0.631578947368421,0.8030829933792549,0.4473684210526316,0.3710292249047014,B_win12_s6_window_stat28_sequence_lstm_projected__lstm_projected_lr0p0003::Ours::lstm_projected_lr0p0003,B_win12_s6_window_stat28_sequence_lstm_projected__lstm_projected_lr0p0003::Ours,ours_semantic_trace_signal,success,,7986x5x280,57.22121930401772,43.51922993501648,100.7404492390342,4795,1579,1612,192,48,38,0.0003,200,20,12,0.3327416620773455,32,true,true,false,0.2246381710891663,0.2345780322746798,0.8605129405470474,0.3037974683544304,0.2926829268292683,0.3157894736842105,0.6486825386210124,0.3157894736842105,0.3684879288437103,-0.26305994334475136,Teacher,-0.2643159091714108,Teacher,-0.10171871865177551,Teacher,-0.16679076693968725,Teacher,-0.08231707317073172,Teacher,-0.3157894736842105,Teacher,-0.1544004547582425,Teacher,-0.13157894736842107,Teacher,-0.0025412960609911273,Ours,0.47058823529411764,0.3037974683544304,-0.16679076693968725,28.418978979464537
paired_wavelet_v2,qwen3-vl-8b,repope,"popular,random,adversarial",20260506,B,B_win12_s6_window_stat28_sequence_lstm_projected__lstm_projected_lr0p001,lstm_projected_lr0p001,0.001,"transform=swt; wavelet=db2; level=2; cwt_scales=[1.0, 2.0, 3.0, 4.0, 5.0, 6.0, 7.0, 8.0, 12.0, 16.0]; threshold=universal_soft; window_mode=win12_s6; window_strategy=sliding; window_size=12; stride=6; feature_protocol=window_stat28_sequence; classifier=lstm_projected_lr0p001; sequence_model=lstm_projected; learning_rate=0.001",success,,B_win12_s6_window_stat28_sequence_lstm_projected__lstm_projected_lr0p001::Teacher::lstm_projected_lr0p001,B_win12_s6_window_stat28_sequence_lstm_projected__lstm_projected_lr0p001::Teacher,teacher_hidden_dim_signal,success,,7986x5x114688,2232.3528032579925,481.1065060920082,2713.4593093500007,4795,1579,1612,192,48,38,0.001,200,20,15,0.6476492988419376,35,true,true,false,0.48717142002492636,0.4988848274,0.9755901825720591,0.449438202247191,0.39215686274509803,0.5263157894736842,0.7533103725005015,0.42105263157894735,0.10673443456162643,B_win12_s6_window_stat28_sequence_lstm_projected__lstm_projected_lr0p001::Ours::lstm_projected_lr0p001,B_win12_s6_window_stat28_sequence_lstm_projected__lstm_projected_lr0p001::Ours,ours_semantic_trace_signal,success,,7986x5x280,57.22121930401772,31.973300968063995,89.19452027208172,4795,1579,1612,192,48,38,0.001,200,20,3,0.24698068716623345,23,true,true,false,0.27087779804831613,0.2782008644096373,0.8609810740319668,0.2553191489361702,0.21428571428571427,0.3157894736842105,0.6439176085066542,0.23684210526315788,0.3684879288437103,-0.21629362197661023,Teacher,-0.2206839629903627,Teacher,-0.11460910854009232,Teacher,-0.1941190533110208,Teacher,-0.17787114845938376,Teacher,-0.21052631578947367,Teacher,-0.10939276399384723,Teacher,-0.18421052631578946,Teacher,0.26175349428208383,Teacher,0.449438202247191,0.2553191489361702,-0.1941190533110208,30.421816285045097
paired_wavelet_v2,qwen3-vl-8b,repope,"popular,random,adversarial",20260506,B,B_win4_s4_window_stat28_sequence_lstm_projected__lstm_projected_lr0p0003,lstm_projected_lr0p0003,0.0003,"transform=swt; wavelet=db2; level=2; cwt_scales=[1.0, 2.0, 3.0, 4.0, 5.0, 6.0, 7.0, 8.0, 12.0, 16.0]; threshold=universal_soft; window_mode=win4_s4; window_strategy=non_overlapping; window_size=4; stride=4; feature_protocol=window_stat28_sequence; classifier=lstm_projected_lr0p0003; sequence_model=lstm_projected; learning_rate=0.0003",success,,B_win4_s4_window_stat28_sequence_lstm_projected__lstm_projected_lr0p0003::Teacher::lstm_projected_lr0p0003,B_win4_s4_window_stat28_sequence_lstm_projected__lstm_projected_lr0p0003::Teacher,teacher_hidden_dim_signal,success,,7986x9x114688,1493.3807260040194,416.8719828459434,1910.2527088499628,4795,1579,1612,192,48,38,0.0003,200,20,1,0.4453550054350026,21,true,true,false,0.43720530699913285,0.44747259205685475,0.9681836420785126,0.4631578947368421,0.38596491228070173,0.5789473684210527,0.7783555139436902,0.39473684210526316,0.0781448538754765,B_win4_s4_window_stat28_sequence_lstm_projected__lstm_projected_lr0p0003::Ours::lstm_projected_lr0p0003,B_win4_s4_window_stat28_sequence_lstm_projected__lstm_projected_lr0p0003::Ours,ours_semantic_trace_signal,success,,7986x9x280,59.161352772964165,37.633815806824714,96.79516857978888,4795,1579,1612,192,48,38,0.0003,200,20,7,0.2935765867902057,27,true,true,false,0.12993841727361174,0.14122845972638942,0.8704774961546178,0.23529411764705882,0.1875,0.3157894736842105,0.6413763124456631,0.13157894736842105,0.36594663278271916,-0.3072668897255211,Teacher,-0.3062441323304653,Teacher,-0.09770614592389482,Teacher,-0.22786377708978328,Teacher,-0.19846491228070173,Teacher,-0.26315789473684215,Teacher,-0.13697920149802711,Teacher,-0.26315789473684215,Teacher,0.2878017789072427,Teacher,0.4631578947368421,0.23529411764705882,-0.22786377708978328,19.735000588126763
paired_wavelet_v2,qwen3-vl-8b,repope,"popular,random,adversarial",20260506,B,B_win4_s4_window_stat28_sequence_lstm_projected__lstm_projected_lr0p001,lstm_projected_lr0p001,0.001,"transform=swt; wavelet=db2; level=2; cwt_scales=[1.0, 2.0, 3.0, 4.0, 5.0, 6.0, 7.0, 8.0, 12.0, 16.0]; threshold=universal_soft; window_mode=win4_s4; window_strategy=non_overlapping; window_size=4; stride=4; feature_protocol=window_stat28_sequence; classifier=lstm_projected_lr0p001; sequence_model=lstm_projected; learning_rate=0.001",success,,B_win4_s4_window_stat28_sequence_lstm_projected__lstm_projected_lr0p001::Teacher::lstm_projected_lr0p001,B_win4_s4_window_stat28_sequence_lstm_projected__lstm_projected_lr0p001::Teacher,teacher_hidden_dim_signal,success,,7986x9x114688,1493.3807260040194,742.334060525056,2235.7147865290754,4795,1579,1612,192,48,38,0.001,200,20,19,0.4675836362827955,39,true,true,false,0.3824895508512774,0.3960423821212473,0.9692202233665486,0.3617021276595745,0.30357142857142855,0.4473684210526316,0.7112953922289842,0.34210526315789475,0.10101651842439645,B_win4_s4_window_stat28_sequence_lstm_projected__lstm_projected_lr0p001::Ours::lstm_projected_lr0p001,B_win4_s4_window_stat28_sequence_lstm_projected__lstm_projected_lr0p001::Ours,ours_semantic_trace_signal,success,,7986x9x280,59.161352772964165,34.70950697688386,93.87085974984802,4795,1579,1612,192,48,38,0.001,200,20,5,0.1792105561599185,25,true,true,false,0.14125108248547327,0.1510594530785577,0.8784357653982479,0.21367521367521367,0.12755102040816327,0.6578947368421053,0.7746271651173677,0.13157894736842105,0.36658195679796696,-0.24123846836580412,Teacher,-0.24498292904268962,Teacher,-0.0907844579683007,Teacher,-0.14802691398436083,Teacher,-0.17602040816326528,Teacher,0.21052631578947373,Ours,0.06333177288838354,Ours,-0.2105263157894737,Teacher,0.2655654383735705,Teacher,0.3617021276595745,0.21367521367521367,-0.14802691398436083,23.816920314642104
paired_wavelet_v2,qwen3-vl-8b,repope,"popular,random,adversarial",20260506,B,B_win6_s3_window_stat28_sequence_lstm_projected__lstm_projected_lr0p0003,lstm_projected_lr0p0003,0.0003,"transform=swt; wavelet=db2; level=2; cwt_scales=[1.0, 2.0, 3.0, 4.0, 5.0, 6.0, 7.0, 8.0, 12.0, 16.0]; threshold=universal_soft; window_mode=win6_s3; window_strategy=sliding; window_size=6; stride=3; feature_protocol=window_stat28_sequence; classifier=lstm_projected_lr0p0003; sequence_model=lstm_projected; learning_rate=0.0003",failure,Teacher: SWT level 2 is not feasible for length 6; max level is 1; Ours: SWT level 2 is not feasible for length 6; max level is 1,B_win6_s3_window_stat28_sequence_lstm_projected__lstm_projected_lr0p0003::Teacher::lstm_projected_lr0p0003,B_win6_s3_window_stat28_sequence_lstm_projected__lstm_projected_lr0p0003::Teacher,teacher_hidden_dim_signal,failure,SWT level 2 is not feasible for length 6; max level is 1,,0.05059418687596917,,0.05059418687596917,,,,,,,0.0003,200,20,,,,,,,,,,,,,,,,B_win6_s3_window_stat28_sequence_lstm_projected__lstm_projected_lr0p0003::Ours::lstm_projected_lr0p0003,B_win6_s3_window_stat28_sequence_lstm_projected__lstm_projected_lr0p0003::Ours,ours_semantic_trace_signal,failure,SWT level 2 is not feasible for length 6; max level is 1,,0.050910101970657706,,0.050910101970657706,,,,,,,0.0003,200,20,,,,,,,,,,,,,,,,,,,,,,,,,,,,,,,,,,,,,0.9937946481649043
paired_wavelet_v2,qwen3-vl-8b,repope,"popular,random,adversarial",20260506,B,B_win6_s3_window_stat28_sequence_lstm_projected__lstm_projected_lr0p001,lstm_projected_lr0p001,0.001,"transform=swt; wavelet=db2; level=2; cwt_scales=[1.0, 2.0, 3.0, 4.0, 5.0, 6.0, 7.0, 8.0, 12.0, 16.0]; threshold=universal_soft; window_mode=win6_s3; window_strategy=sliding; window_size=6; stride=3; feature_protocol=window_stat28_sequence; classifier=lstm_projected_lr0p001; sequence_model=lstm_projected; learning_rate=0.001",failure,Teacher: SWT level 2 is not feasible for length 6; max level is 1; Ours: SWT level 2 is not feasible for length 6; max level is 1,B_win6_s3_window_stat28_sequence_lstm_projected__lstm_projected_lr0p001::Teacher::lstm_projected_lr0p001,B_win6_s3_window_stat28_sequence_lstm_projected__lstm_projected_lr0p001::Teacher,teacher_hidden_dim_signal,failure,SWT level 2 is not feasible for length 6; max level is 1,,0.05059418687596917,,0.05059418687596917,,,,,,,0.001,200,20,,,,,,,,,,,,,,,,B_win6_s3_window_stat28_sequence_lstm_projected__lstm_projected_lr0p001::Ours::lstm_projected_lr0p001,B_win6_s3_window_stat28_sequence_lstm_projected__lstm_projected_lr0p001::Ours,ours_semantic_trace_signal,failure,SWT level 2 is not feasible for length 6; max level is 1,,0.050910101970657706,,0.050910101970657706,,,,,,,0.001,200,20,,,,,,,,,,,,,,,,,,,,,,,,,,,,,,,,,,,,,0.9937946481649043
paired_wavelet_v2,qwen3-vl-8b,repope,"popular,random,adversarial",20260506,B,B_win9_s9_window_stat28_sequence_lstm_projected__lstm_projected_lr0p0003,lstm_projected_lr0p0003,0.0003,"transform=swt; wavelet=db2; level=2; cwt_scales=[1.0, 2.0, 3.0, 4.0, 5.0, 6.0, 7.0, 8.0, 12.0, 16.0]; threshold=universal_soft; window_mode=win9_s9; window_strategy=non_overlapping; window_size=9; stride=9; feature_protocol=window_stat28_sequence; classifier=lstm_projected_lr0p0003; sequence_model=lstm_projected; learning_rate=0.0003",failure,Teacher: SWT level 2 is not feasible for length 9; max level is 0; Ours: SWT level 2 is not feasible for length 9; max level is 0,B_win9_s9_window_stat28_sequence_lstm_projected__lstm_projected_lr0p0003::Teacher::lstm_projected_lr0p0003,B_win9_s9_window_stat28_sequence_lstm_projected__lstm_projected_lr0p0003::Teacher,teacher_hidden_dim_signal,failure,SWT level 2 is not feasible for length 9; max level is 0,,0.04500135499984026,,0.04500135499984026,,,,,,,0.0003,200,20,,,,,,,,,,,,,,,,B_win9_s9_window_stat28_sequence_lstm_projected__lstm_projected_lr0p0003::Ours::lstm_projected_lr0p0003,B_win9_s9_window_stat28_sequence_lstm_projected__lstm_projected_lr0p0003::Ours,ours_semantic_trace_signal,failure,SWT level 2 is not feasible for length 9; max level is 0,,0.050021628150716424,,0.050021628150716424,,,,,,,0.0003,200,20,,,,,,,,,,,,,,,,,,,,,,,,,,,,,,,,,,,,,0.899637949893395
paired_wavelet_v2,qwen3-vl-8b,repope,"popular,random,adversarial",20260506,B,B_win9_s9_window_stat28_sequence_lstm_projected__lstm_projected_lr0p001,lstm_projected_lr0p001,0.001,"transform=swt; wavelet=db2; level=2; cwt_scales=[1.0, 2.0, 3.0, 4.0, 5.0, 6.0, 7.0, 8.0, 12.0, 16.0]; threshold=universal_soft; window_mode=win9_s9; window_strategy=non_overlapping; window_size=9; stride=9; feature_protocol=window_stat28_sequence; classifier=lstm_projected_lr0p001; sequence_model=lstm_projected; learning_rate=0.001",failure,Teacher: SWT level 2 is not feasible for length 9; max level is 0; Ours: SWT level 2 is not feasible for length 9; max level is 0,B_win9_s9_window_stat28_sequence_lstm_projected__lstm_projected_lr0p001::Teacher::lstm_projected_lr0p001,B_win9_s9_window_stat28_sequence_lstm_projected__lstm_projected_lr0p001::Teacher,teacher_hidden_dim_signal,failure,SWT level 2 is not feasible for length 9; max level is 0,,0.04500135499984026,,0.04500135499984026,,,,,,,0.001,200,20,,,,,,,,,,,,,,,,B_win9_s9_window_stat28_sequence_lstm_projected__lstm_projected_lr0p001::Ours::lstm_projected_lr0p001,B_win9_s9_window_stat28_sequence_lstm_projected__lstm_projected_lr0p001::Ours,ours_semantic_trace_signal,failure,SWT level 2 is not feasible for length 9; max level is 0,,0.050021628150716424,,0.050021628150716424,,,,,,,0.001,200,20,,,,,,,,,,,,,,,,,,,,,,,,,,,,,,,,,,,,,0.899637949893395
paired_wavelet_v2,qwen3-vl-8b,repope,"popular,random,adversarial",20260506,C,C_raw_sequence_cnn1d__cnn1d_lr0p0003,cnn1d_lr0p0003,0.0003,"transform=swt; wavelet=db2; level=2; cwt_scales=[1.0, 2.0, 3.0, 4.0, 5.0, 6.0, 7.0, 8.0, 12.0, 16.0]; threshold=universal_soft; window_mode=global; window_strategy=full; feature_protocol=raw_sequence; classifier=cnn1d_lr0p0003; sequence_model=cnn1d; learning_rate=0.0003",success,,C_raw_sequence_cnn1d__cnn1d_lr0p0003::Teacher::cnn1d_lr0p0003,C_raw_sequence_cnn1d__cnn1d_lr0p0003::Teacher,teacher_hidden_dim_signal,success,,7986x36x16384,142.15763669996522,397.65224901307374,539.809885713039,4795,1579,1612,192,48,38,0.0003,200,20,24,0.7080292045783882,44,true,true,false,0.4738000852437315,0.48664882433424655,0.9779141309436233,0.37142857142857144,0.40625,0.34210526315789475,0.6650170534340935,0.3157894736842105,0.06607369758576874,C_raw_sequence_cnn1d__cnn1d_lr0p0003::Ours::cnn1d_lr0p0003,C_raw_sequence_cnn1d__cnn1d_lr0p0003::Ours,ours_semantic_trace_signal,success,,7986x36x40,40.84196421597153,78.42773893289268,119.26970314886421,4795,1579,1612,192,48,38,0.0003,200,20,25,0.43568798737441733,45,true,true,false,0.45173392419209946,0.46166640368488066,0.9687520898816291,0.49411764705882355,0.44680851063829785,0.5526315789473685,0.7680565772754632,0.18421052631578946,0.16264294790343076,-0.02206616105163206,Teacher,-0.0249824206493659,Teacher,-0.009162041061994253,Teacher,0.12268907563025211,Ours,0.04055851063829785,Ours,0.21052631578947373,Ours,0.10303952384136972,Ours,-0.13157894736842105,Teacher,0.09656925031766202,Teacher,0.37142857142857144,0.49411764705882355,0.12268907563025211,4.525959832727055
paired_wavelet_v2,qwen3-vl-8b,repope,"popular,random,adversarial",20260506,C,C_raw_sequence_cnn1d__cnn1d_lr0p001,cnn1d_lr0p001,0.001,"transform=swt; wavelet=db2; level=2; cwt_scales=[1.0, 2.0, 3.0, 4.0, 5.0, 6.0, 7.0, 8.0, 12.0, 16.0]; threshold=universal_soft; window_mode=global; window_strategy=full; feature_protocol=raw_sequence; classifier=cnn1d_lr0p001; sequence_model=cnn1d; learning_rate=0.001",success,,C_raw_sequence_cnn1d__cnn1d_lr0p001::Teacher::cnn1d_lr0p001,C_raw_sequence_cnn1d__cnn1d_lr0p001::Teacher,teacher_hidden_dim_signal,success,,7986x36x16384,142.15763669996522,644.1378254038282,786.2954621037934,4795,1579,1612,192,48,38,0.001,200,20,51,0.7545779805048847,71,true,true,false,0.46981525626302284,0.48391507770833453,0.9772620878753427,0.5217391304347826,0.4444444444444444,0.631578947368421,0.8062596134554938,0.3684210526315789,0.060991105463786534,C_raw_sequence_cnn1d__cnn1d_lr0p001::Ours::cnn1d_lr0p001,C_raw_sequence_cnn1d__cnn1d_lr0p001::Ours,ours_semantic_trace_signal,success,,7986x36x40,40.84196421597153,45.89087819191627,86.7328424078878,4795,1579,1612,192,48,38,0.001,200,20,6,0.40295823470498415,26,true,true,false,0.35835710063013904,0.3758943205900038,0.972547314920083,0.4897959183673469,0.4,0.631578947368421,0.8043536414097505,0.3684210526315789,0.09847522236340533,-0.1114581556328838,Teacher,-0.1080207571183307,Teacher,-0.004714772955259794,Teacher,-0.03194321206743567,Teacher,-0.0444444444444444,Teacher,0.0,tie,-0.001905972045743276,Teacher,0.0,tie,0.0374841168996188,Teacher,0.5217391304347826,0.4897959183673469,-0.03194321206743567,9.065717671352195
paired_wavelet_v2,qwen3-vl-8b,repope,"popular,random,adversarial",20260506,C,C_raw_sequence_gru_projected__gru_projected_lr0p0003,gru_projected_lr0p0003,0.0003,"transform=swt; wavelet=db2; level=2; cwt_scales=[1.0, 2.0, 3.0, 4.0, 5.0, 6.0, 7.0, 8.0, 12.0, 16.0]; threshold=universal_soft; window_mode=global; window_strategy=full; feature_protocol=raw_sequence; classifier=gru_projected_lr0p0003; sequence_model=gru_projected; learning_rate=0.0003",success,,C_raw_sequence_gru_projected__gru_projected_lr0p0003::Teacher::gru_projected_lr0p0003,C_raw_sequence_gru_projected__gru_projected_lr0p0003::Teacher,teacher_hidden_dim_signal,success,,7986x36x16384,139.29195810994133,426.41444538906217,565.7064034990035,4795,1579,1612,192,48,38,0.0003,200,20,29,0.7670116133196739,49,true,true,false,0.6038209099200795,0.6302722034592232,0.9876446198087341,0.6741573033707865,0.5882352941176471,0.7894736842105263,0.8880659399451616,0.7368421052631579,0.06543837357052097,C_raw_sequence_gru_projected__gru_projected_lr0p0003::Ours::gru_projected_lr0p0003,C_raw_sequence_gru_projected__gru_projected_lr0p0003::Ours,ours_semantic_trace_signal,success,,7986x36x40,49.37582242419012,52.032380285905674,101.4082027100958,4795,1579,1612,192,48,38,0.0003,200,20,18,0.37585056166871195,38,true,true,false,0.3331138514335141,0.35210527997936186,0.9558616999933124,0.5208333333333334,0.43103448275862066,0.6578947368421053,0.8184645221694644,0.2894736842105263,0.4313850063532402,-0.27070705848656546,Teacher,-0.2781669234798613,Teacher,-0.031782919815421695,Teacher,-0.15332397003745313,Teacher,-0.15720081135902642,Teacher,-0.13157894736842102,Teacher,-0.06960141777569717,Teacher,-0.4473684210526315,Teacher,0.3659466327827192,Teacher,0.6741573033707865,0.5208333333333334,-0.15332397003745313,5.57850734339742
paired_wavelet_v2,qwen3-vl-8b,repope,"popular,random,adversarial",20260506,C,C_raw_sequence_gru_projected__gru_projected_lr0p001,gru_projected_lr0p001,0.001,"transform=swt; wavelet=db2; level=2; cwt_scales=[1.0, 2.0, 3.0, 4.0, 5.0, 6.0, 7.0, 8.0, 12.0, 16.0]; threshold=universal_soft; window_mode=global; window_strategy=full; feature_protocol=raw_sequence; classifier=gru_projected_lr0p001; sequence_model=gru_projected; learning_rate=0.001",success,,C_raw_sequence_gru_projected__gru_projected_lr0p001::Teacher::gru_projected_lr0p001,C_raw_sequence_gru_projected__gru_projected_lr0p001::Teacher,teacher_hidden_dim_signal,success,,7986x36x16384,139.29195810994133,220.5974562508054,359.88941436074674,4795,1579,1612,192,48,38,0.001,200,20,4,0.6811895764675931,24,true,true,false,0.570503203969436,0.577832551056615,0.9765431685949307,0.6027397260273972,0.6285714285714286,0.5789473684210527,0.7853440781114158,0.5789473684210527,0.08513341804320203,C_raw_sequence_gru_projected__gru_projected_lr0p001::Ours::gru_projected_lr0p001,C_raw_sequence_gru_projected__gru_projected_lr0p001::Ours,ours_semantic_trace_signal,success,,7986x36x40,49.37582242419012,52.92369303898886,102.29951546317898,4795,1579,1612,192,48,38,0.001,200,20,18,0.4174409250383465,38,true,true,false,0.45292891179770706,0.46319997177775596,0.9697217949575335,0.5454545454545454,0.48,0.631578947368421,0.8075302614859894,0.2631578947368421,0.16264294790343076,-0.11757429217172893,Teacher,-0.11463257927885906,Teacher,-0.00682137363739721,Teacher,-0.05728518057285181,Teacher,-0.14857142857142858,Teacher,0.05263157894736836,Ours,0.022186183374573565,Ours,-0.31578947368421056,Teacher,0.07750952986022873,Teacher,0.6027397260273972,0.5454545454545454,-0.05728518057285181,3.517997252785454
paired_wavelet_v2,qwen3-vl-8b,repope,"popular,random,adversarial",20260506,C,C_raw_sequence_lstm_projected__lstm_projected_lr0p0003,lstm_projected_lr0p0003,0.0003,"transform=swt; wavelet=db2; level=2; cwt_scales=[1.0, 2.0, 3.0, 4.0, 5.0, 6.0, 7.0, 8.0, 12.0, 16.0]; threshold=universal_soft; window_mode=global; window_strategy=full; feature_protocol=raw_sequence; classifier=lstm_projected_lr0p0003; sequence_model=lstm_projected; learning_rate=0.0003",success,,C_raw_sequence_lstm_projected__lstm_projected_lr0p0003::Teacher::lstm_projected_lr0p0003,C_raw_sequence_lstm_projected__lstm_projected_lr0p0003::Teacher,teacher_hidden_dim_signal,success,,7986x36x16384,140.32705902284943,522.1636868540663,662.4907458769158,4795,1579,1612,192,48,38,0.0003,200,20,41,0.7229505109497122,61,true,true,false,0.5694338580805832,0.595176277480997,0.9863405336721728,0.5714285714285714,0.43243243243243246,0.8421052631578947,0.907710827258744,0.6578947368421053,0.07433290978398983,C_raw_sequence_lstm_projected__lstm_projected_lr0p0003::Ours::lstm_projected_lr0p0003,C_raw_sequence_lstm_projected__lstm_projected_lr0p0003::Ours,ours_semantic_trace_signal,success,,7986x36x40,43.00133375497535,132.3728653260041,175.37419908097945,4795,1579,1612,192,48,38,0.0003,200,20,77,0.4019651827034015,97,true,true,false,0.37967020927879674,0.3906021827340626,0.9581689293118437,0.5208333333333334,0.43103448275862066,0.6578947368421053,0.8184645221694644,0.18421052631578946,0.3335451080050826,-0.18976364880178648,Teacher,-0.2045740947469344,Teacher,-0.02817160436032906,Teacher,-0.050595238095238027,Teacher,-0.0013979496738117936,Teacher,-0.18421052631578938,Teacher,-0.08924630508927955,Teacher,-0.4736842105263158,Teacher,0.25921219822109276,Teacher,0.5714285714285714,0.5208333333333334,-0.050595238095238027,3.7775838712227507
paired_wavelet_v2,qwen3-vl-8b,repope,"popular,random,adversarial",20260506,C,C_raw_sequence_lstm_projected__lstm_projected_lr0p001,lstm_projected_lr0p001,0.001,"transform=swt; wavelet=db2; level=2; cwt_scales=[1.0, 2.0, 3.0, 4.0, 5.0, 6.0, 7.0, 8.0, 12.0, 16.0]; threshold=universal_soft; window_mode=global; window_strategy=full; feature_protocol=raw_sequence; classifier=lstm_projected_lr0p001; sequence_model=lstm_projected; learning_rate=0.001",success,,C_raw_sequence_lstm_projected__lstm_projected_lr0p001::Teacher::lstm_projected_lr0p001,C_raw_sequence_lstm_projected__lstm_projected_lr0p001::Teacher,teacher_hidden_dim_signal,success,,7986x36x16384,140.32705902284943,390.7077259630896,531.034784985939,4795,1579,1612,192,48,38,0.001,200,20,25,0.7646288460952034,45,true,true,false,0.5454295010198779,0.5719948173317061,0.984183775830937,0.6075949367088608,0.5853658536585366,0.631578947368421,0.8103892195546044,0.6052631578947368,0.07052096569250317,C_raw_sequence_lstm_projected__lstm_projected_lr0p001::Ours::lstm_projected_lr0p001,C_raw_sequence_lstm_projected__lstm_projected_lr0p001::Ours,ours_semantic_trace_signal,success,,7986x36x40,43.00133375497535,70.0420024371706,113.04333619214594,4795,1579,1612,192,48,38,0.001,200,20,31,0.3859464901363387,51,true,true,false,0.40176651212977205,0.41744628191075883,0.9734835818899217,0.5376344086021505,0.45454545454545453,0.6578947368421053,0.819417508192336,0.15789473684210525,0.08958068614993647,-0.1436629888901058,Teacher,-0.15454853542094726,Teacher,-0.01070019394101529,Teacher,-0.06996052810671027,Teacher,-0.13082039911308202,Teacher,0.026315789473684292,Ours,0.00902828863773164,Ours,-0.4473684210526316,Teacher,0.019059720457433302,Teacher,0.6075949367088608,0.5376344086021505,-0.06996052810671027,4.6976213094357915
paired_wavelet_v2,qwen3-vl-8b,repope,"popular,random,adversarial",20260506,C,C_raw_sequence_tcn__tcn_lr0p0003,tcn_lr0p0003,0.0003,"transform=swt; wavelet=db2; level=2; cwt_scales=[1.0, 2.0, 3.0, 4.0, 5.0, 6.0, 7.0, 8.0, 12.0, 16.0]; threshold=universal_soft; window_mode=global; window_strategy=full; feature_protocol=raw_sequence; classifier=tcn_lr0p0003; sequence_model=tcn; learning_rate=0.0003",success,,C_raw_sequence_tcn__tcn_lr0p0003::Teacher::tcn_lr0p0003,C_raw_sequence_tcn__tcn_lr0p0003::Teacher,teacher_hidden_dim_signal,success,,7986x36x16384,140.94870006712154,372.66265105479397,513.6113511219155,4795,1579,1612,192,48,38,0.0003,200,20,15,0.7186786520789669,35,true,true,false,0.5303392004043577,0.5421310215872432,0.9823279609442921,0.5411764705882353,0.48936170212765956,0.6052631578947368,0.795007690764395,0.34210526315789475,0.0590851334180432,C_raw_sequence_tcn__tcn_lr0p0003::Ours::tcn_lr0p0003,C_raw_sequence_tcn__tcn_lr0p0003::Ours,ours_semantic_trace_signal,success,,7986x36x40,42.2783374779392,239.29089294397272,281.5692304219119,4795,1579,1612,192,48,38,0.0003,200,20,51,0.38917263481294506,71,true,true,false,0.39827119467173605,0.4083321546598408,0.9698722664348292,0.5283018867924528,0.4117647058823529,0.7368421052631579,0.8557145723266234,0.13157894736842105,0.12452350698856417,-0.13206800573262162,Teacher,-0.13379886692740245,Teacher,-0.012455694509462933,Teacher,-0.012874583795782435,Teacher,-0.07759699624530664,Teacher,0.13157894736842102,Ours,0.060706881562228365,Ours,-0.2105263157894737,Teacher,0.06543837357052096,Teacher,0.5411764705882353,0.5283018867924528,-0.012874583795782435,1.8241032599773228
paired_wavelet_v2,qwen3-vl-8b,repope,"popular,random,adversarial",20260506,C,C_raw_sequence_tcn__tcn_lr0p001,tcn_lr0p001,0.001,"transform=swt; wavelet=db2; level=2; cwt_scales=[1.0, 2.0, 3.0, 4.0, 5.0, 6.0, 7.0, 8.0, 12.0, 16.0]; threshold=universal_soft; window_mode=global; window_strategy=full; feature_protocol=raw_sequence; classifier=tcn_lr0p001; sequence_model=tcn; learning_rate=0.001",success,,C_raw_sequence_tcn__tcn_lr0p001::Teacher::tcn_lr0p001,C_raw_sequence_tcn__tcn_lr0p001::Teacher,teacher_hidden_dim_signal,success,,7986x36x16384,140.94870006712154,423.9981927771587,564.9468928442802,4795,1579,1612,192,48,38,0.001,200,20,19,0.7162905226164884,39,true,true,false,0.5289734696285864,0.54032646126318,0.9811743462850264,0.5858585858585859,0.47540983606557374,0.7631578947368421,0.8714137631244567,0.4473684210526316,0.06670902160101652,C_raw_sequence_tcn__tcn_lr0p001::Ours::tcn_lr0p001,C_raw_sequence_tcn__tcn_lr0p001::Ours,ours_semantic_trace_signal,success,,7986x36x40,42.2783374779392,97.08439994091168,139.36273741885088,4795,1579,1612,192,48,38,0.001,200,20,8,0.4015189185080825,28,true,true,false,0.3638582924120133,0.3856123950993552,0.9605931920016051,0.5352112676056338,0.5757575757575758,0.5,0.7455527318932655,0.5263157894736842,0.2560355781448539,-0.1651151772165731,Teacher,-0.15471406616382477,Teacher,-0.020581154283421332,Teacher,-0.0506473182529521,Teacher,0.10034773969200206,Ours,-0.26315789473684215,Teacher,-0.1258610312311912,Teacher,0.0789473684210526,Ours,0.18932655654383737,Teacher,0.5858585858585859,0.5352112676056338,-0.0506473182529521,4.053787284231852
paired_wavelet_v2,qwen3-vl-8b,repope,"popular,random,adversarial",20260506,C,C_wavelet_summary_static_pooled_extra_trees,extra_trees,,"transform=swt; wavelet=db2; level=2; cwt_scales=[1.0, 2.0, 3.0, 4.0, 5.0, 6.0, 7.0, 8.0, 12.0, 16.0]; threshold=universal_soft; window_mode=global; window_strategy=full; feature_protocol=wavelet_summary_static_pooled; classifier=extra_trees",success,,C_wavelet_summary_static_pooled_extra_trees::Teacher::extra_trees,C_wavelet_summary_static_pooled_extra_trees::Teacher,teacher_hidden_dim_signal,success,,7986x60,179.6899693789892,9.158835792914033,188.84880517190322,4795,1579,1612,192,48,38,,,,,0.3869102823398403,,,,,0.1805621967936478,0.1944122923543361,0.9426954457299538,0.23853211009174313,0.18309859154929578,0.34210526315789475,0.6526282351367618,0.07894736842105263,0.14866581956797967,C_wavelet_summary_static_pooled_extra_trees::Ours::extra_trees,C_wavelet_summary_static_pooled_extra_trees::Ours,ours_semantic_trace_signal,success,,7986x60,53.77143532782793,8.933487319154665,62.704922646982595,4795,1579,1612,192,48,38,,,,,0.5735289847556062,,,,,0.34972295836760803,0.36504031363471867,0.9692369424195812,0.3684210526315789,0.3684210526315789,0.3684210526315789,0.6765866381328162,0.3157894736842105,0.10609911054637865,0.16916076157396023,Ours,0.17062802128038257,Ours,0.026541496689627464,Ours,0.1298889425398358,Ours,0.18532246108228315,Ours,0.02631578947368418,Ours,0.02395840299605434,Ours,0.23684210526315788,Ours,-0.04256670902160102,Ours,0.23853211009174313,0.3684210526315789,0.1298889425398358,3.0117062138021913
paired_wavelet_v2,qwen3-vl-8b,repope,"popular,random,adversarial",20260506,C,C_wavelet_summary_static_pooled_linear_svm,linear_svm,,"transform=swt; wavelet=db2; level=2; cwt_scales=[1.0, 2.0, 3.0, 4.0, 5.0, 6.0, 7.0, 8.0, 12.0, 16.0]; threshold=universal_soft; window_mode=global; window_strategy=full; feature_protocol=wavelet_summary_static_pooled; classifier=linear_svm",success,,C_wavelet_summary_static_pooled_linear_svm::Teacher::linear_svm,C_wavelet_summary_static_pooled_linear_svm::Teacher,teacher_hidden_dim_signal,success,,7986x60,182.45817252993584,0.10774371400475502,182.5659162439406,4795,1579,1612,192,48,38,,,,,0.37596923344551103,,,,,0.1757884485064049,0.18975660729361388,0.9421687955594196,0.1836734693877551,0.15,0.23684210526315788,0.6022202902427607,0.07894736842105263,0.150571791613723,C_wavelet_summary_static_pooled_linear_svm::Ours::linear_svm,C_wavelet_summary_static_pooled_linear_svm::Ours,ours_semantic_trace_signal,success,,7986x60,58.07259950879961,0.15570150408893824,58.22830101288855,4795,1579,1612,192,48,38,,,,,0.4564456387539556,,,,,0.2515280926551907,0.2690503627347075,0.9511469270380526,0.37398373983739835,0.27058823529411763,0.6052631578947368,0.7829365344746874,0.13157894736842105,0.17916137229987295,0.07573964414878581,Ours,0.07929375544109363,Ours,0.008978131478633022,Ours,0.19031027044964324,Ours,0.12058823529411763,Ours,0.368421052631579,Ours,0.18071624423192667,Ours,0.05263157894736842,Ours,0.028589580686149946,Teacher,0.1836734693877551,0.37398373983739835,0.19031027044964324,3.1353467827187766
paired_wavelet_v2,qwen3-vl-8b,repope,"popular,random,adversarial",20260506,C,C_wavelet_summary_static_pooled_logreg,logreg,,"transform=swt; wavelet=db2; level=2; cwt_scales=[1.0, 2.0, 3.0, 4.0, 5.0, 6.0, 7.0, 8.0, 12.0, 16.0]; threshold=universal_soft; window_mode=global; window_strategy=full; feature_protocol=wavelet_summary_static_pooled; classifier=logreg",success,,C_wavelet_summary_static_pooled_logreg::Teacher::logreg,C_wavelet_summary_static_pooled_logreg::Teacher,teacher_hidden_dim_signal,success,,7986x60,183.43374449107796,0.11614412907510996,183.54988862015307,4795,1579,1612,192,48,38,,,,,0.37941896623858734,,,,,0.17404798072585237,0.1871653973449453,0.9436735103323748,0.18181818181818182,0.13253012048192772,0.2894736842105263,0.6218651775563433,0.13157894736842105,0.10864040660736976,C_wavelet_summary_static_pooled_logreg::Ours::logreg,C_wavelet_summary_static_pooled_logreg::Ours,ours_semantic_trace_signal,success,,7986x60,56.233470265055075,0.11300574499182403,56.3464760100469,4795,1579,1612,192,48,38,,,,,0.4473973087761564,,,,,0.2963076129189292,0.3114568689813244,0.9508125459773958,0.39622641509433965,0.3088235294117647,0.5526315789473685,0.7613856751153615,0.3157894736842105,0.1645489199491741,0.12225963219307684,Ours,0.1242914716363791,Ours,0.007139035645021052,Ours,0.21440823327615782,Ours,0.176293408929837,Ours,0.26315789473684215,Ours,0.1395204975590182,Ours,0.18421052631578946,Ours,0.05590851334180433,Teacher,0.18181818181818182,0.39622641509433965,0.21440823327615782,3.2575220602513824
paired_wavelet_v2,qwen3-vl-8b,repope,"popular,random,adversarial",20260506,C,C_wavelet_summary_static_pooled_rf,rf,,"transform=swt; wavelet=db2; level=2; cwt_scales=[1.0, 2.0, 3.0, 4.0, 5.0, 6.0, 7.0, 8.0, 12.0, 16.0]; threshold=universal_soft; window_mode=global; window_strategy=full; feature_protocol=wavelet_summary_static_pooled; classifier=rf",success,,C_wavelet_summary_static_pooled_rf::Teacher::rf,C_wavelet_summary_static_pooled_rf::Teacher,teacher_hidden_dim_signal,success,,7986x60,182.17989458399825,33.43171424116008,215.61160882515833,4795,1579,1612,192,48,38,,,,,0.3286636777646385,,,,,0.1745783123213036,0.1887102188456601,0.9347956931719388,0.3105590062111801,0.2032520325203252,0.6578947368421053,0.7978164916739117,0.05263157894736842,0.18678526048284624,C_wavelet_summary_static_pooled_rf::Ours::rf,C_wavelet_summary_static_pooled_rf::Ours,ours_semantic_trace_signal,success,,7986x60,56.25605325587094,30.3365810548421,86.59263431071304,4795,1579,1612,192,48,38,,,,,0.4566014122178804,,,,,0.3891652735813241,0.4066525060399556,0.9647645957332978,0.38202247191011235,0.3333333333333333,0.4473684210526316,0.7128837022671036,0.42105263157894735,0.22554002541296062,0.21458696126002047,Ours,0.2179422871942955,Ours,0.02996890256135898,Ours,0.07146346569893225,Ours,0.13008130081300812,Ours,-0.21052631578947373,Teacher,-0.08493278940680804,Teacher,0.3684210526315789,Ours,0.03875476493011437,Teacher,0.3105590062111801,0.38202247191011235,0.07146346569893225,2.4899532222509526
paired_wavelet_v2,qwen3-vl-8b,repope,"popular,random,adversarial",20260506,C,C_wavelet_summary_static_pooled_xgboost,xgboost,,"transform=swt; wavelet=db2; level=2; cwt_scales=[1.0, 2.0, 3.0, 4.0, 5.0, 6.0, 7.0, 8.0, 12.0, 16.0]; threshold=universal_soft; window_mode=global; window_strategy=full; feature_protocol=wavelet_summary_static_pooled; classifier=xgboost",success,,C_wavelet_summary_static_pooled_xgboost::Teacher::xgboost,C_wavelet_summary_static_pooled_xgboost::Teacher,teacher_hidden_dim_signal,success,,7986x60,181.28831889294088,4.830624644178897,186.11894353711978,4795,1579,1612,192,48,38,,,,,0.4151981377880318,,,,,0.15973239959837646,0.17155232168402895,0.9274894669965893,0.19298245614035087,0.14473684210526316,0.2894736842105263,0.6240888116097104,0.05263157894736842,0.1905972045743329,C_wavelet_summary_static_pooled_xgboost::Ours::xgboost,C_wavelet_summary_static_pooled_xgboost::Ours,ours_semantic_trace_signal,success,,7986x60,56.516034914180636,5.241186066996306,61.75722098117694,4795,1579,1612,192,48,38,,,,,0.5992137064463319,,,,,0.38108412109512213,0.38985434906839384,0.9550591854477363,0.38636363636363635,0.34,0.4473684210526316,0.7132013642747275,0.42105263157894735,0.2712833545108005,0.22135172149674567,Ours,0.21830202738436488,Ours,0.027569718451146974,Ours,0.1933811802232855,Ours,0.19526315789473686,Ours,0.15789473684210525,Ours,0.08911255266501705,Ours,0.3684210526315789,Ours,0.08068614993646758,Teacher,0.19298245614035087,0.38636363636363635,0.1933811802232855,3.01371953886732
paired_wavelet_v2,qwen3-vl-8b,repope,"popular,random,adversarial",20260506,D,D_dwt_db2_l2_threshold_none,logreg,,"transform=dwt; wavelet=db2; level=2; cwt_scales=[1.0, 2.0, 3.0, 4.0, 5.0, 6.0, 7.0, 8.0, 12.0, 16.0]; threshold=none; window_mode=global; window_strategy=full; feature_protocol=wavelet_summary_static_pooled; classifier=logreg",success,,D_dwt_db2_l2_threshold_none::Teacher::logreg,D_dwt_db2_l2_threshold_none::Teacher,teacher_hidden_dim_signal,success,,7986x60,71.90583598380908,0.11273647099733353,72.01857245480642,4795,1579,1612,192,48,38,,,,,0.35866403344678943,,,,,0.345321406241323,0.35817719753320365,0.9607436634789005,0.40816326530612246,0.3333333333333333,0.5263157894736842,0.7504514144318866,0.18421052631578946,0.09085133418043202,D_dwt_db2_l2_threshold_none::Ours::logreg,D_dwt_db2_l2_threshold_none::Ours,ours_semantic_trace_signal,success,,7986x60,44.474586887983605,0.12096696300432086,44.595553850987926,4795,1579,1612,192,48,38,,,,,0.4232963082817724,,,,,0.28777579430764116,0.30261334374417614,0.9529860228716646,0.3047619047619048,0.23880597014925373,0.42105263157894735,0.6943255534006554,0.18421052631578946,0.1340533672172808,-0.05754561193368185,Teacher,-0.055563853789027506,Teacher,-0.007757640607235938,Teacher,-0.10340136054421767,Teacher,-0.09452736318407959,Teacher,-0.10526315789473684,Teacher,-0.05612586103123118,Teacher,0.0,tie,0.04320203303684879,Teacher,0.40816326530612246,0.3047619047619048,-0.10340136054421767,1.614927189725013
paired_wavelet_v2,qwen3-vl-8b,repope,"popular,random,adversarial",20260506,D,D_dwt_db2_l2_threshold_sure_soft,logreg,,"transform=dwt; wavelet=db2; level=2; cwt_scales=[1.0, 2.0, 3.0, 4.0, 5.0, 6.0, 7.0, 8.0, 12.0, 16.0]; threshold=sure_soft; window_mode=global; window_strategy=full; feature_protocol=wavelet_summary_static_pooled; classifier=logreg",success,,D_dwt_db2_l2_threshold_sure_soft::Teacher::logreg,D_dwt_db2_l2_threshold_sure_soft::Teacher,teacher_hidden_dim_signal,success,,7986x60,1290.4053968370426,0.11283104307949543,1290.5182278801221,4795,1579,1612,192,48,38,,,,,0.4271991707953952,,,,,0.25517589599705714,0.272908186934898,0.9557446666220826,0.4,0.27835051546391754,0.7105263157894737,0.8330268173610647,0.18421052631578946,0.13595933926302414,D_dwt_db2_l2_threshold_sure_soft::Ours::logreg,D_dwt_db2_l2_threshold_sure_soft::Ours,ours_semantic_trace_signal,success,,7986x60,48.43988541793078,0.10835443600080907,48.54823985393159,4795,1579,1612,192,48,38,,,,,0.3690061242014065,,,,,0.24970731299166923,0.2666690559109396,0.9557279475690497,0.33663366336633666,0.2698412698412698,0.4473684210526316,0.709071758175617,0.21052631578947367,0.1721728081321474,-0.005468583005387911,Teacher,-0.0062391310239584,Teacher,-1.671905303290977e-05,Teacher,-0.06336633663366337,Teacher,-0.00850924562264771,Teacher,-0.2631578947368421,Teacher,-0.12395505918544769,Teacher,0.02631578947368421,Ours,0.036213468869123244,Teacher,0.4,0.33663366336633666,-0.06336633663366337,26.582183654092084
paired_wavelet_v2,qwen3-vl-8b,repope,"popular,random,adversarial",20260506,D,D_dwt_db2_l2_threshold_universal_hard,logreg,,"transform=dwt; wavelet=db2; level=2; cwt_scales=[1.0, 2.0, 3.0, 4.0, 5.0, 6.0, 7.0, 8.0, 12.0, 16.0]; threshold=universal_hard; window_mode=global; window_strategy=full; feature_protocol=wavelet_summary_static_pooled; classifier=logreg",success,,D_dwt_db2_l2_threshold_universal_hard::Teacher::logreg,D_dwt_db2_l2_threshold_universal_hard::Teacher,teacher_hidden_dim_signal,success,,7986x60,89.042815603083,0.13497254298999906,89.177788146073,4795,1579,1612,192,48,38,,,,,0.3820443768256579,,,,,0.33597772532880565,0.36056737268000905,0.955192937871999,0.3855421686746988,0.35555555555555557,0.42105263157894735,0.7013141175683809,0.34210526315789475,0.14104193138500634,D_dwt_db2_l2_threshold_universal_hard::Ours::logreg,D_dwt_db2_l2_threshold_universal_hard::Ours,ours_semantic_trace_signal,success,,7986x60,44.99653941206634,0.1365519028622657,45.133091314928606,4795,1579,1612,192,48,38,,,,,0.4103587715270827,,,,,0.3042154877210812,0.3195437253360296,0.9570320337056109,0.4077669902912621,0.3230769230769231,0.5526315789473685,0.7623386611382332,0.23684210526315788,0.10419313850063533,-0.03176223760772445,Teacher,-0.04102364734397945,Teacher,0.001839095833611859,Ours,0.022224821616563306,Ours,-0.032478632478632474,Teacher,0.13157894736842113,Ours,0.06102454356985232,Ours,-0.10526315789473686,Teacher,-0.03684879288437101,Ours,0.3855421686746988,0.4077669902912621,0.022224821616563306,1.9758847787272171
paired_wavelet_v2,qwen3-vl-8b,repope,"popular,random,adversarial",20260506,D,D_dwt_db2_l2_threshold_universal_soft,logreg,,"transform=dwt; wavelet=db2; level=2; cwt_scales=[1.0, 2.0, 3.0, 4.0, 5.0, 6.0, 7.0, 8.0, 12.0, 16.0]; threshold=universal_soft; window_mode=global; window_strategy=full; feature_protocol=wavelet_summary_static_pooled; classifier=logreg",success,,D_dwt_db2_l2_threshold_universal_soft::Teacher::logreg,D_dwt_db2_l2_threshold_universal_soft::Teacher,teacher_hidden_dim_signal,success,,7986x60,91.32268687803298,0.11302659590728581,91.43571347394027,4795,1579,1612,192,48,38,,,,,0.47410253858944523,,,,,0.27801640913824,0.29497619568833067,0.9588042533270915,0.37037037037037035,0.2857142857142857,0.5263157894736842,0.7472747943556477,0.15789473684210525,0.10101651842439645,D_dwt_db2_l2_threshold_universal_soft::Ours::logreg,D_dwt_db2_l2_threshold_universal_soft::Ours,ours_semantic_trace_signal,success,,7986x60,45.1502503589727,0.11426710803061724,45.264517467003316,4795,1579,1612,192,48,38,,,,,0.41357515263340855,,,,,0.27586818965765014,0.2940710443738444,0.9558616999933124,0.4,0.2926829268292683,0.631578947368421,0.797365077242025,0.18421052631578946,0.17407878017789072,-0.0021482194805898525,Teacher,-0.0009051513144862633,Teacher,-0.00294255333377913,Teacher,0.029629629629629672,Ours,0.006968641114982577,Ours,0.10526315789473684,Ours,0.05009028288637729,Ours,0.02631578947368421,Ours,0.07306226175349427,Teacher,0.37037037037037035,0.4,0.029629629629629672,2.0200306684058784
paired_wavelet_v2,qwen3-vl-8b,repope,"popular,random,adversarial",20260506,E,E_global_window_stat28_static_pooled_logreg,logreg,,"transform=dwt; wavelet=db2; level=1; cwt_scales=[1.0, 2.0, 3.0, 4.0, 5.0, 6.0, 7.0, 8.0, 12.0, 16.0]; threshold=universal_soft; window_mode=global; window_strategy=full; feature_protocol=window_stat28_static_pooled; classifier=logreg",success,,E_global_window_stat28_static_pooled_logreg::Teacher::logreg,E_global_window_stat28_static_pooled_logreg::Teacher,teacher_hidden_dim_signal,success,,7986x168,423.9201179521624,2.8870240598917007,426.8071420120541,4795,1579,1612,192,48,38,,,,,0.5588872436317582,,,,,0.3249821895711813,0.34660059318074005,0.9635190262823514,0.37410071942446044,0.25742574257425743,0.6842105263157895,0.8182806125861031,0.2894736842105263,0.12770012706480305,E_global_window_stat28_static_pooled_logreg::Ours::logreg,E_global_window_stat28_static_pooled_logreg::Ours,ours_semantic_trace_signal,success,,7986x168,62.599581968039274,2.4861758968327194,65.085757864872,4795,1579,1612,192,48,38,,,,,0.48833308224540856,,,,,0.2943661723818191,0.3138491679095904,0.952333979803384,0.32432432432432434,0.2465753424657534,0.47368421052631576,0.7193706948438441,0.3684210526315789,0.1340533672172808,-0.030616017189362188,Teacher,-0.03275142527114966,Teacher,-0.011185046478967453,Teacher,-0.049776395100136095,Teacher,-0.010850400108504021,Teacher,-0.21052631578947373,Teacher,-0.09890991774225899,Teacher,0.0789473684210526,Ours,0.006353240152477763,Teacher,0.37410071942446044,0.32432432432432434,-0.049776395100136095,6.557611926378289
paired_wavelet_v2,qwen3-vl-8b,repope,"popular,random,adversarial",20260506,E,E_global_window_stat28_static_pooled_rf,rf,,"transform=dwt; wavelet=db2; level=1; cwt_scales=[1.0, 2.0, 3.0, 4.0, 5.0, 6.0, 7.0, 8.0, 12.0, 16.0]; threshold=universal_soft; window_mode=global; window_strategy=full; feature_protocol=window_stat28_static_pooled; classifier=rf",success,,E_global_window_stat28_static_pooled_rf::Teacher::rf,E_global_window_stat28_static_pooled_rf::Teacher,teacher_hidden_dim_signal,success,,7986x168,423.7129471448716,52.07282611797564,475.7857732628472,4795,1579,1612,192,48,38,,,,,0.5129460235347489,,,,,0.20305753405645222,0.21368262114138373,0.9414665953320405,0.19607843137254902,0.15625,0.2631578947368421,0.6144251989567311,0.10526315789473684,0.12960609911054638,E_global_window_stat28_static_pooled_rf::Ours::rf,E_global_window_stat28_static_pooled_rf::Ours,ours_semantic_trace_signal,success,,7986x168,62.77453762316145,43.673917206935585,106.44845483009703,4795,1579,1612,192,48,38,,,,,0.6208387548150817,,,,,0.5271265539573191,0.5422044335414485,0.9472513876814017,0.48148148148148145,0.8125,0.34210526315789475,0.6700996455560757,0.47368421052631576,1.0,0.3240690199008669,Ours,0.32852181240006484,Ours,0.005784792349361245,Ours,0.2854030501089324,Ours,0.65625,Ours,0.07894736842105265,Ours,0.05567444659934462,Ours,0.3684210526315789,Ours,0.8703939008894537,Teacher,0.19607843137254902,0.48148148148148145,0.2854030501089324,4.469635318072503
paired_wavelet_v2,qwen3-vl-8b,repope,"popular,random,adversarial",20260506,E,E_global_window_stat28_static_pooled_xgboost,xgboost,,"transform=dwt; wavelet=db2; level=1; cwt_scales=[1.0, 2.0, 3.0, 4.0, 5.0, 6.0, 7.0, 8.0, 12.0, 16.0]; threshold=universal_soft; window_mode=global; window_strategy=full; feature_protocol=window_stat28_static_pooled; classifier=xgboost",success,,E_global_window_stat28_static_pooled_xgboost::Teacher::xgboost,E_global_window_stat28_static_pooled_xgboost::Teacher,teacher_hidden_dim_signal,success,,7986x168,425.07701069815084,12.874981812899932,437.9519925110508,4795,1579,1612,192,48,38,,,,,0.5922227683474861,,,,,0.1980861751662915,0.21407236281803338,0.9400538353507657,0.2736842105263158,0.22807017543859648,0.34210526315789475,0.6570755032434963,0.13157894736842105,0.16200762388818296,E_global_window_stat28_static_pooled_xgboost::Ours::xgboost,E_global_window_stat28_static_pooled_xgboost::Ours,ours_semantic_trace_signal,success,,7986x168,61.94479319895618,8.911417183000594,70.85621038195677,4795,1579,1612,192,48,38,,,,,0.6543358780563189,,,,,0.3713342787528023,0.36887713816985546,0.9638868454490739,0.475,0.4523809523809524,0.5,0.7426937738246506,0.34210526315789475,0.22172808132147395,0.17324810358651077,Ours,0.15480477535182208,Ours,0.023833010098308183,Ours,0.20131578947368417,Ours,0.2243107769423559,Ours,0.15789473684210525,Ours,0.08561827058115434,Ours,0.2105263157894737,Ours,0.05972045743329099,Teacher,0.2736842105263158,0.475,0.20131578947368417,6.18085542749508
paired_wavelet_v2,qwen3-vl-8b,repope,"popular,random,adversarial",20260506,E,E_win4_s4_window_stat28_static_pooled_logreg,logreg,,"transform=dwt; wavelet=db2; level=1; cwt_scales=[1.0, 2.0, 3.0, 4.0, 5.0, 6.0, 7.0, 8.0, 12.0, 16.0]; threshold=universal_soft; window_mode=win4_s4; window_strategy=non_overlapping; window_size=4; stride=4; feature_protocol=window_stat28_static_pooled; classifier=logreg",failure,Teacher: DWT level 1 is not feasible for length 4 and wavelet 'db2'; max level is 0; Ours: DWT level 1 is not feasible for length 4 and wavelet 'db2'; max level is 0,E_win4_s4_window_stat28_static_pooled_logreg::Teacher::logreg,E_win4_s4_window_stat28_static_pooled_logreg::Teacher,teacher_hidden_dim_signal,failure,DWT level 1 is not feasible for length 4 and wavelet 'db2'; max level is 0,,0.045570164220407605,,0.045570164220407605,,,,,,,,,,,,,,,,,,,,,,,,,E_win4_s4_window_stat28_static_pooled_logreg::Ours::logreg,E_win4_s4_window_stat28_static_pooled_logreg::Ours,ours_semantic_trace_signal,failure,DWT level 1 is not feasible for length 4 and wavelet 'db2'; max level is 0,,0.047920143930241466,,0.047920143930241466,,,,,,,,,,,,,,,,,,,,,,,,,,,,,,,,,,,,,,,,,,,,,,0.950960503932234
paired_wavelet_v2,qwen3-vl-8b,repope,"popular,random,adversarial",20260506,E,E_win4_s4_window_stat28_static_pooled_rf,rf,,"transform=dwt; wavelet=db2; level=1; cwt_scales=[1.0, 2.0, 3.0, 4.0, 5.0, 6.0, 7.0, 8.0, 12.0, 16.0]; threshold=universal_soft; window_mode=win4_s4; window_strategy=non_overlapping; window_size=4; stride=4; feature_protocol=window_stat28_static_pooled; classifier=rf",failure,Teacher: DWT level 1 is not feasible for length 4 and wavelet 'db2'; max level is 0; Ours: DWT level 1 is not feasible for length 4 and wavelet 'db2'; max level is 0,E_win4_s4_window_stat28_static_pooled_rf::Teacher::rf,E_win4_s4_window_stat28_static_pooled_rf::Teacher,teacher_hidden_dim_signal,failure,DWT level 1 is not feasible for length 4 and wavelet 'db2'; max level is 0,,0.04373152391053736,,0.04373152391053736,,,,,,,,,,,,,,,,,,,,,,,,,E_win4_s4_window_stat28_static_pooled_rf::Ours::rf,E_win4_s4_window_stat28_static_pooled_rf::Ours,ours_semantic_trace_signal,failure,DWT level 1 is not feasible for length 4 and wavelet 'db2'; max level is 0,,0.047736338106915355,,0.047736338106915355,,,,,,,,,,,,,,,,,,,,,,,,,,,,,,,,,,,,,,,,,,,,,,0.9161055423353088
paired_wavelet_v2,qwen3-vl-8b,repope,"popular,random,adversarial",20260506,E,E_win4_s4_window_stat28_static_pooled_xgboost,xgboost,,"transform=dwt; wavelet=db2; level=1; cwt_scales=[1.0, 2.0, 3.0, 4.0, 5.0, 6.0, 7.0, 8.0, 12.0, 16.0]; threshold=universal_soft; window_mode=win4_s4; window_strategy=non_overlapping; window_size=4; stride=4; feature_protocol=window_stat28_static_pooled; classifier=xgboost",failure,Teacher: DWT level 1 is not feasible for length 4 and wavelet 'db2'; max level is 0; Ours: DWT level 1 is not feasible for length 4 and wavelet 'db2'; max level is 0,E_win4_s4_window_stat28_static_pooled_xgboost::Teacher::xgboost,E_win4_s4_window_stat28_static_pooled_xgboost::Teacher,teacher_hidden_dim_signal,failure,DWT level 1 is not feasible for length 4 and wavelet 'db2'; max level is 0,,0.04398493701592088,,0.04398493701592088,,,,,,,,,,,,,,,,,,,,,,,,,E_win4_s4_window_stat28_static_pooled_xgboost::Ours::xgboost,E_win4_s4_window_stat28_static_pooled_xgboost::Ours,ours_semantic_trace_signal,failure,DWT level 1 is not feasible for length 4 and wavelet 'db2'; max level is 0,,0.04733290197327733,,0.04733290197327733,,,,,,,,,,,,,,,,,,,,,,,,,,,,,,,,,,,,,,,,,,,,,,0.9292677013708855
paired_wavelet_v2,qwen3-vl-8b,repope,"popular,random,adversarial",20260506,E,E_win9_s9_window_stat28_static_pooled_logreg,logreg,,"transform=dwt; wavelet=db2; level=1; cwt_scales=[1.0, 2.0, 3.0, 4.0, 5.0, 6.0, 7.0, 8.0, 12.0, 16.0]; threshold=universal_soft; window_mode=win9_s9; window_strategy=non_overlapping; window_size=9; stride=9; feature_protocol=window_stat28_static_pooled; classifier=logreg",success,,E_win9_s9_window_stat28_static_pooled_logreg::Teacher::logreg,E_win9_s9_window_stat28_static_pooled_logreg::Teacher,teacher_hidden_dim_signal,success,,7986x672,644.3317411509342,1.4060336400289088,645.7377747909632,4795,1579,1612,192,48,38,,,,,0.285767724651353,,,,,0.22111509936663223,0.23705366606948294,0.9224403129806729,0.24427480916030533,0.17204301075268819,0.42105263157894735,0.6860663412024343,0.21052631578947367,0.289707750952986,E_win9_s9_window_stat28_static_pooled_logreg::Ours::logreg,E_win9_s9_window_stat28_static_pooled_logreg::Ours,ours_semantic_trace_signal,success,,7986x672,54.82959440094419,3.436454623937607,58.266049024881795,4795,1579,1612,192,48,38,,,,,0.4686195635614053,,,,,0.37063573732478045,0.39862592510901246,0.9645890456764529,0.41935483870967744,0.5416666666666666,0.34210526315789475,0.6675583494950846,0.39473684210526316,0.08386277001270648,0.1495206379581482,Ours,0.16157225903952951,Ours,0.04214873269578001,Ours,0.1750800295493721,Ours,0.36962365591397844,Ours,-0.0789473684210526,Teacher,-0.018507991707349625,Teacher,0.1842105263157895,Ours,-0.20584498094027953,Ours,0.24427480916030533,0.41935483870967744,0.1750800295493721,11.082573567245118
paired_wavelet_v2,qwen3-vl-8b,repope,"popular,random,adversarial",20260506,E,E_win9_s9_window_stat28_static_pooled_rf,rf,,"transform=dwt; wavelet=db2; level=1; cwt_scales=[1.0, 2.0, 3.0, 4.0, 5.0, 6.0, 7.0, 8.0, 12.0, 16.0]; threshold=universal_soft; window_mode=win9_s9; window_strategy=non_overlapping; window_size=9; stride=9; feature_protocol=window_stat28_static_pooled; classifier=rf",success,,E_win9_s9_window_stat28_static_pooled_rf::Teacher::rf,E_win9_s9_window_stat28_static_pooled_rf::Teacher,teacher_hidden_dim_signal,success,,7986x672,652.4413634028751,101.06829321314581,753.509656616021,4795,1579,1612,192,48,38,,,,,0.5818531483754495,,,,,0.3215977173690863,0.33637725794142,0.9631261285360797,0.21428571428571427,0.3333333333333333,0.15789473684210525,0.575135424329566,0.15789473684210525,0.10800508259212198,E_win9_s9_window_stat28_static_pooled_rf::Ours::rf,E_win9_s9_window_stat28_static_pooled_rf::Ours,ours_semantic_trace_signal,success,,7986x672,67.91804415802471,84.84571577422321,152.76375993224792,4795,1579,1612,192,48,38,,,,,0.4317549548788354,,,,,0.5494370394400006,0.5546231768181223,0.9649735838962081,0.3902439024390244,0.36363636363636365,0.42105263157894735,0.7016317795760048,0.39473684210526316,0.2636594663278272,0.22783932207091423,Ours,0.21824591887670236,Ours,0.001847455360128425,Ours,0.17595818815331013,Ours,0.03030303030303033,Ours,0.2631578947368421,Ours,0.12649635524643876,Ours,0.2368421052631579,Ours,0.15565438373570523,Teacher,0.21428571428571427,0.3902439024390244,0.17595818815331013,4.932515780903856
paired_wavelet_v2,qwen3-vl-8b,repope,"popular,random,adversarial",20260506,E,E_win9_s9_window_stat28_static_pooled_xgboost,xgboost,,"transform=dwt; wavelet=db2; level=1; cwt_scales=[1.0, 2.0, 3.0, 4.0, 5.0, 6.0, 7.0, 8.0, 12.0, 16.0]; threshold=universal_soft; window_mode=win9_s9; window_strategy=non_overlapping; window_size=9; stride=9; feature_protocol=window_stat28_static_pooled; classifier=xgboost",success,,E_win9_s9_window_stat28_static_pooled_xgboost::Teacher::xgboost,E_win9_s9_window_stat28_static_pooled_xgboost::Teacher,teacher_hidden_dim_signal,success,,7986x672,652.7527487010229,47.351698028156534,700.1044467291795,4795,1579,1612,192,48,38,,,,,0.5787327905729163,,,,,0.29955116933285886,0.31538629279156855,0.9585033103725006,0.32786885245901637,0.43478260869565216,0.2631578947368421,0.6274493412693105,0.2631578947368421,0.12325285895806862,E_win9_s9_window_stat28_static_pooled_xgboost::Ours::xgboost,E_win9_s9_window_stat28_static_pooled_xgboost::Ours,ours_semantic_trace_signal,success,,7986x672,65.08961690217257,41.91705044708215,107.00666734925471,4795,1579,1612,192,48,38,,,,,0.6019364662285163,,,,,0.4797623591354507,0.497907925625797,0.9764094161706681,0.5614035087719298,0.42105263157894735,0.8421052631578947,0.9070755032434963,0.3157894736842105,0.15184243964421856,0.18021118980259182,Ours,0.18252163283422845,Ours,0.017906105798167538,Ours,0.23353465631291342,Ours,-0.013729977116704817,Teacher,0.5789473684210527,Ours,0.27962616197418577,Ours,0.05263157894736842,Ours,0.028589580686149946,Teacher,0.32786885245901637,0.5614035087719298,0.23353465631291342,6.542624530527028
