model_name,dataset_family,subset,num_entries,num_correct,num_hard_hallucination,num_false_negative_error,num_parsed_none,num_primary_population,hallucination_rate_in_primary_population,split
llava-onevision-qwen2-7b-ov-hf,repope,pooled,1637,1545,46,46,0,1591,0.028912633563796353,bank
llava-onevision-qwen2-7b-ov-hf,repope,pooled,821,775,24,22,0,799,0.030037546933667083,cal
llava-onevision-qwen2-7b-ov-hf,repope,pooled,4087,3833,138,116,0,3971,0.03475195164945857,encoder_train
llava-onevision-qwen2-7b-ov-hf,repope,pooled,1640,1559,52,29,0,1611,0.03227808814400993,test
llava-onevision-qwen2-7b-ov-hf,pope,pooled,1800,1653,39,108,0,1692,0.02304964539007092,bank
llava-onevision-qwen2-7b-ov-hf,pope,pooled,900,807,27,66,0,834,0.03237410071942446,cal
llava-onevision-qwen2-7b-ov-hf,pope,pooled,4500,4014,147,339,0,4161,0.035328046142754144,encoder_train
llava-onevision-qwen2-7b-ov-hf,pope,pooled,1800,1621,53,126,0,1674,0.031660692951015534,test
llava-onevision-qwen2-7b-ov-hf,dash-b,pooled,538,326,204,8,0,530,0.3849056603773585,bank
llava-onevision-qwen2-7b-ov-hf,dash-b,pooled,370,268,97,5,0,365,0.26575342465753427,cal
llava-onevision-qwen2-7b-ov-hf,dash-b,pooled,1331,808,507,16,0,1315,0.3855513307984791,encoder_train
llava-onevision-qwen2-7b-ov-hf,dash-b,pooled,443,242,194,7,0,436,0.44495412844036697,test
glm-4.6v-flash,repope,pooled,1637,0,0,0,1637,0,,bank
glm-4.6v-flash,repope,pooled,821,0,0,0,821,0,,cal
glm-4.6v-flash,repope,pooled,4087,0,0,0,4087,0,,encoder_train
glm-4.6v-flash,repope,pooled,1640,0,0,0,1640,0,,test
glm-4.6v-flash,pope,pooled,1800,0,0,0,1800,0,,bank
glm-4.6v-flash,pope,pooled,900,0,0,0,900,0,,cal
glm-4.6v-flash,pope,pooled,4500,0,0,0,4500,0,,encoder_train
glm-4.6v-flash,pope,pooled,1800,0,0,0,1800,0,,test
glm-4.6v-flash,dash-b,pooled,538,0,0,0,538,0,,bank
glm-4.6v-flash,dash-b,pooled,370,0,0,0,370,0,,cal
glm-4.6v-flash,dash-b,pooled,1331,0,0,0,1331,0,,encoder_train
glm-4.6v-flash,dash-b,pooled,443,0,0,0,443,0,,test
qwen3-vl-8b,repope,pooled,1637,1542,52,43,0,1594,0.03262233375156838,bank
qwen3-vl-8b,repope,pooled,821,780,20,21,0,800,0.025,cal
qwen3-vl-8b,repope,pooled,4087,3812,168,107,0,3980,0.04221105527638191,encoder_train
qwen3-vl-8b,repope,pooled,1640,1574,38,28,0,1612,0.02357320099255583,test
qwen3-vl-8b,pope,pooled,1800,1609,56,135,0,1665,0.033633633633633635,bank
qwen3-vl-8b,pope,pooled,900,806,28,66,0,834,0.03357314148681055,cal
qwen3-vl-8b,pope,pooled,4500,4021,173,306,0,4194,0.04124940391034811,encoder_train
qwen3-vl-8b,pope,pooled,1800,1592,52,156,0,1644,0.031630170316301706,test
qwen3-vl-8b,dash-b,pooled,538,381,148,9,0,529,0.27977315689981097,bank
qwen3-vl-8b,dash-b,pooled,370,303,59,8,0,362,0.16298342541436464,cal
qwen3-vl-8b,dash-b,pooled,1331,953,357,21,0,1310,0.27251908396946567,encoder_train
qwen3-vl-8b,dash-b,pooled,443,325,116,2,0,441,0.26303854875283444,test
internvl3.5-8b,repope,pooled,1637,1496,117,24,0,1613,0.07253564786112833,bank
internvl3.5-8b,repope,pooled,821,748,61,12,0,809,0.0754017305315204,cal
internvl3.5-8b,repope,pooled,4087,3689,352,46,0,4041,0.08710715169512497,encoder_train
internvl3.5-8b,repope,pooled,1640,1484,141,15,0,1625,0.08676923076923077,test
internvl3.5-8b,pope,pooled,1800,1620,114,66,0,1734,0.0657439446366782,bank
internvl3.5-8b,pope,pooled,900,793,65,42,0,858,0.07575757575757576,cal
internvl3.5-8b,pope,pooled,4500,3980,346,174,0,4326,0.07998150716597319,encoder_train
internvl3.5-8b,pope,pooled,1800,1569,138,93,0,1707,0.08084358523725835,test
internvl3.5-8b,dash-b,pooled,538,361,164,13,0,525,0.31238095238095237,bank
internvl3.5-8b,dash-b,pooled,370,290,70,10,0,360,0.19444444444444445,cal
internvl3.5-8b,dash-b,pooled,1331,891,402,38,0,1293,0.3109048723897912,encoder_train
internvl3.5-8b,dash-b,pooled,443,281,151,11,0,432,0.34953703703703703,test
minicpm-v-2_6,repope,pooled,1637,1529,18,90,0,1547,0.011635423400129283,bank
minicpm-v-2_6,repope,pooled,821,772,12,37,0,784,0.015306122448979591,cal
minicpm-v-2_6,repope,pooled,4087,3776,80,231,0,3856,0.02074688796680498,encoder_train
minicpm-v-2_6,repope,pooled,1640,1529,22,89,0,1551,0.014184397163120567,test
minicpm-v-2_6,pope,pooled,1800,1582,14,204,0,1596,0.008771929824561403,bank
minicpm-v-2_6,pope,pooled,900,798,12,90,0,810,0.014814814814814815,cal
minicpm-v-2_6,pope,pooled,4500,3919,77,504,0,3996,0.01926926926926927,encoder_train
minicpm-v-2_6,pope,pooled,1800,1577,13,210,0,1590,0.008176100628930818,test
minicpm-v-2_6,dash-b,pooled,538,394,117,27,0,511,0.22896281800391388,bank
minicpm-v-2_6,dash-b,pooled,370,294,55,21,0,349,0.15759312320916904,cal
minicpm-v-2_6,dash-b,pooled,1331,991,286,54,0,1277,0.22396241190289742,encoder_train
minicpm-v-2_6,dash-b,pooled,443,324,99,20,0,423,0.23404255319148937,test
gemma-3-12b-it,repope,pooled,1637,1443,152,42,0,1595,0.09529780564263322,bank
gemma-3-12b-it,repope,pooled,821,730,79,12,0,809,0.09765142150803462,cal
gemma-3-12b-it,repope,pooled,4087,3553,425,109,0,3978,0.10683760683760683,encoder_train
gemma-3-12b-it,repope,pooled,1640,1440,170,30,0,1610,0.10559006211180125,test
gemma-3-12b-it,pope,pooled,1800,1543,146,111,0,1689,0.08644168146832445,bank
gemma-3-12b-it,pope,pooled,900,774,81,45,0,855,0.09473684210526316,cal
gemma-3-12b-it,pope,pooled,4500,3720,459,321,0,4179,0.10983488872936109,encoder_train
gemma-3-12b-it,pope,pooled,1800,1475,187,138,0,1662,0.1125150421179302,test
gemma-3-12b-it,dash-b,pooled,538,326,204,8,0,530,0.3849056603773585,bank
gemma-3-12b-it,dash-b,pooled,370,268,90,12,0,358,0.25139664804469275,cal
gemma-3-12b-it,dash-b,pooled,1331,806,504,21,0,1310,0.3847328244274809,encoder_train
gemma-3-12b-it,dash-b,pooled,443,243,196,4,0,439,0.44646924829157175,test
gemma-4-12b-it,repope,pooled,1637,1138,18,55,426,1156,0.015570934256055362,bank
gemma-4-12b-it,repope,pooled,821,596,7,6,212,603,0.011608623548922056,cal
gemma-4-12b-it,repope,pooled,4087,2926,64,91,1006,2990,0.02140468227424749,encoder_train
gemma-4-12b-it,repope,pooled,1640,1158,24,44,414,1182,0.02030456852791878,test
gemma-4-12b-it,pope,pooled,1800,1180,21,111,488,1201,0.017485428809325562,bank
gemma-4-12b-it,pope,pooled,900,601,15,48,236,616,0.024350649350649352,cal
gemma-4-12b-it,pope,pooled,4500,3012,84,294,1110,3096,0.027131782945736434,encoder_train
gemma-4-12b-it,pope,pooled,1800,1187,31,117,465,1218,0.025451559934318555,test
gemma-4-12b-it,dash-b,pooled,538,397,127,14,0,524,0.24236641221374045,bank
gemma-4-12b-it,dash-b,pooled,370,316,44,10,0,360,0.12222222222222222,cal
gemma-4-12b-it,dash-b,pooled,1331,1030,264,37,0,1294,0.20401854714064915,encoder_train
gemma-4-12b-it,dash-b,pooled,443,334,98,11,0,432,0.22685185185185186,test
qwen3.5-4b,repope,pooled,1637,1548,30,59,0,1578,0.019011406844106463,bank
qwen3.5-4b,repope,pooled,821,796,9,16,0,805,0.011180124223602485,cal
qwen3.5-4b,repope,pooled,4087,3852,84,151,0,3936,0.021341463414634148,encoder_train
qwen3.5-4b,repope,pooled,1640,1567,30,43,0,1597,0.01878522229179712,test
qwen3.5-4b,pope,pooled,1800,1622,28,150,0,1650,0.01696969696969697,bank
qwen3.5-4b,pope,pooled,900,821,16,63,0,837,0.019115890083632018,cal
qwen3.5-4b,pope,pooled,4500,4010,97,393,0,4107,0.023618212807401995,encoder_train
qwen3.5-4b,pope,pooled,1800,1590,39,171,0,1629,0.02394106813996317,test
qwen3.5-4b,dash-b,pooled,538,361,165,12,0,526,0.31368821292775667,bank
qwen3.5-4b,dash-b,pooled,370,295,70,5,0,365,0.1917808219178082,cal
qwen3.5-4b,dash-b,pooled,1331,959,358,14,0,1317,0.2718299164768413,encoder_train
qwen3.5-4b,dash-b,pooled,443,298,140,5,0,438,0.319634703196347,test
qwen3.5-9b,repope,pooled,1637,1554,46,37,0,1600,0.02875,bank
qwen3.5-9b,repope,pooled,821,781,20,20,0,801,0.024968789013732832,cal
qwen3.5-9b,repope,pooled,4087,3885,114,88,0,3999,0.028507126781695424,encoder_train
qwen3.5-9b,repope,pooled,1640,1585,24,31,0,1609,0.014916096954630205,test
qwen3.5-9b,pope,pooled,1800,1642,44,114,0,1686,0.02609727164887307,bank
qwen3.5-9b,pope,pooled,900,810,24,66,0,834,0.02877697841726619,cal
qwen3.5-9b,pope,pooled,4500,4080,126,294,0,4206,0.029957203994293864,encoder_train
qwen3.5-9b,pope,pooled,1800,1590,45,165,0,1635,0.027522935779816515,test
qwen3.5-9b,dash-b,pooled,538,349,184,5,0,533,0.3452157598499062,bank
qwen3.5-9b,dash-b,pooled,370,293,75,2,0,368,0.20380434782608695,cal
qwen3.5-9b,dash-b,pooled,1331,887,435,9,0,1322,0.3290468986384266,encoder_train
qwen3.5-9b,dash-b,pooled,443,272,170,1,0,442,0.38461538461538464,test
phi-4-multimodal-instruct,repope,pooled,1637,1496,51,90,0,1547,0.03296703296703297,bank
phi-4-multimodal-instruct,repope,pooled,821,775,21,25,0,796,0.026381909547738693,cal
phi-4-multimodal-instruct,repope,pooled,4087,3719,197,171,0,3916,0.05030643513789581,encoder_train
phi-4-multimodal-instruct,repope,pooled,1640,1507,58,75,0,1565,0.03706070287539936,test
phi-4-multimodal-instruct,pope,pooled,1800,1572,48,180,0,1620,0.02962962962962963,bank
phi-4-multimodal-instruct,pope,pooled,900,794,25,81,0,819,0.030525030525030524,cal
phi-4-multimodal-instruct,pope,pooled,4500,3945,156,399,0,4101,0.038039502560351136,encoder_train
phi-4-multimodal-instruct,pope,pooled,1800,1533,57,210,0,1590,0.035849056603773584,test
phi-4-multimodal-instruct,dash-b,pooled,538,305,223,10,0,528,0.42234848484848486,bank
phi-4-multimodal-instruct,dash-b,pooled,370,260,99,11,0,359,0.2757660167130919,cal
phi-4-multimodal-instruct,dash-b,pooled,1331,767,540,24,0,1307,0.4131599081866871,encoder_train
phi-4-multimodal-instruct,dash-b,pooled,443,224,215,4,0,439,0.489749430523918,test
phi-3.5-vision-instruct,repope,pooled,1637,1475,38,124,0,1513,0.02511566424322538,bank
phi-3.5-vision-instruct,repope,pooled,821,747,30,44,0,777,0.03861003861003861,cal
phi-3.5-vision-instruct,repope,pooled,4087,3648,116,323,0,3764,0.030818278427205102,encoder_train
phi-3.5-vision-instruct,repope,pooled,1640,1469,58,113,0,1527,0.03798297314996726,test
phi-3.5-vision-instruct,pope,pooled,1800,1545,27,228,0,1572,0.01717557251908397,bank
phi-3.5-vision-instruct,pope,pooled,900,777,24,99,0,801,0.0299625468164794,cal
phi-3.5-vision-instruct,pope,pooled,4500,3808,92,600,0,3900,0.02358974358974359,encoder_train
phi-3.5-vision-instruct,pope,pooled,1800,1508,43,249,0,1551,0.027724049000644745,test
phi-3.5-vision-instruct,dash-b,pooled,538,334,176,28,0,510,0.34509803921568627,bank
phi-3.5-vision-instruct,dash-b,pooled,370,270,79,21,0,349,0.22636103151862463,cal
phi-3.5-vision-instruct,dash-b,pooled,1331,878,412,41,0,1290,0.31937984496124033,encoder_train
phi-3.5-vision-instruct,dash-b,pooled,443,271,156,16,0,427,0.36533957845433257,test
gemma-3-4b-it,repope,pooled,1637,1438,143,56,0,1581,0.09044908285895004,bank
gemma-3-4b-it,repope,pooled,821,730,74,17,0,804,0.09203980099502487,cal
gemma-3-4b-it,repope,pooled,4087,3507,407,173,0,3914,0.10398569238630558,encoder_train
gemma-3-4b-it,repope,pooled,1640,1453,150,37,0,1603,0.09357454772301933,test
gemma-3-4b-it,pope,pooled,1800,1538,133,129,0,1671,0.07959305804907241,bank
gemma-3-4b-it,pope,pooled,900,768,78,54,0,846,0.09219858156028368,cal
gemma-3-4b-it,pope,pooled,4500,3734,400,366,0,4134,0.09675858732462506,encoder_train
gemma-3-4b-it,pope,pooled,1800,1522,155,123,0,1677,0.09242695289206918,test
gemma-3-4b-it,dash-b,pooled,538,305,226,7,0,531,0.4256120527306968,bank
gemma-3-4b-it,dash-b,pooled,370,273,92,5,0,365,0.25205479452054796,cal
gemma-3-4b-it,dash-b,pooled,1331,783,537,11,0,1320,0.4068181818181818,encoder_train
gemma-3-4b-it,dash-b,pooled,443,233,205,5,0,438,0.4680365296803653,test
molmo-7b-d-0924,repope,pooled,1637,1513,81,43,0,1594,0.05081555834378921,bank
molmo-7b-d-0924,repope,pooled,821,769,38,14,0,807,0.04708798017348203,cal
molmo-7b-d-0924,repope,pooled,4087,3786,202,99,0,3988,0.05065195586760281,encoder_train
molmo-7b-d-0924,repope,pooled,1640,1527,72,41,0,1599,0.0450281425891182,test
molmo-7b-d-0924,pope,pooled,1800,1624,71,105,0,1695,0.04188790560471976,bank
molmo-7b-d-0924,pope,pooled,900,803,43,54,0,846,0.0508274231678487,cal
molmo-7b-d-0924,pope,pooled,4500,4014,207,279,0,4221,0.04904051172707889,encoder_train
molmo-7b-d-0924,pope,pooled,1800,1569,87,144,0,1656,0.05253623188405797,test
molmo-7b-d-0924,dash-b,pooled,538,346,164,28,0,510,0.3215686274509804,bank
molmo-7b-d-0924,dash-b,pooled,370,281,76,13,0,357,0.21288515406162464,cal
molmo-7b-d-0924,dash-b,pooled,1331,884,409,38,0,1293,0.3163186388244393,encoder_train
molmo-7b-d-0924,dash-b,pooled,443,274,160,9,0,434,0.3686635944700461,test
minicpm-v-4_5,repope,pooled,1637,1530,46,61,0,1576,0.02918781725888325,bank
minicpm-v-4_5,repope,pooled,821,775,19,27,0,794,0.02392947103274559,cal
minicpm-v-4_5,repope,pooled,4087,3835,104,148,0,3939,0.026402640264026403,encoder_train
minicpm-v-4_5,repope,pooled,1640,1552,37,51,0,1589,0.02328508495909377,test
minicpm-v-4_5,pope,pooled,1800,1587,39,174,0,1626,0.023985239852398525,bank
minicpm-v-4_5,pope,pooled,900,805,20,75,0,825,0.024242424242424242,cal
minicpm-v-4_5,pope,pooled,4500,3986,115,399,0,4101,0.02804194099000244,encoder_train
minicpm-v-4_5,pope,pooled,1800,1581,39,180,0,1620,0.024074074074074074,test
minicpm-v-4_5,dash-b,pooled,538,391,138,9,0,529,0.2608695652173913,bank
minicpm-v-4_5,dash-b,pooled,370,315,50,5,0,365,0.136986301369863,cal
minicpm-v-4_5,dash-b,pooled,1331,995,317,19,0,1312,0.24161585365853658,encoder_train
minicpm-v-4_5,dash-b,pooled,443,320,112,11,0,432,0.25925925925925924,test
llava-v1.5-7b,repope,pooled,1637,1461,115,61,0,1576,0.07296954314720812,bank
llava-v1.5-7b,repope,pooled,821,733,51,37,0,784,0.06505102040816327,cal
llava-v1.5-7b,repope,pooled,4087,3633,302,152,0,3935,0.07674714104193138,encoder_train
llava-v1.5-7b,repope,pooled,1640,1472,121,47,0,1593,0.07595731324544884,test
llava-v1.5-7b,pope,pooled,1800,1562,115,123,0,1677,0.06857483601669648,bank
llava-v1.5-7b,pope,pooled,900,777,51,72,0,828,0.06159420289855073,cal
llava-v1.5-7b,pope,pooled,4500,3893,280,327,0,4173,0.06709801102324467,encoder_train
llava-v1.5-7b,pope,pooled,1800,1568,106,126,0,1674,0.06332138590203107,test
llava-v1.5-7b,dash-b,pooled,538,281,253,4,0,534,0.4737827715355805,bank
llava-v1.5-7b,dash-b,pooled,370,256,111,3,0,367,0.3024523160762943,cal
llava-v1.5-7b,dash-b,pooled,1331,708,619,4,0,1327,0.46646571213263,encoder_train
llava-v1.5-7b,dash-b,pooled,443,199,243,1,0,442,0.5497737556561086,test
qwen2.5-vl-7b,repope,pooled,1637,1531,22,84,0,1553,0.014166130070830651,bank
qwen2.5-vl-7b,repope,pooled,821,773,17,31,0,790,0.021518987341772152,cal
qwen2.5-vl-7b,repope,pooled,4087,3794,101,192,0,3895,0.025930680359435174,encoder_train
qwen2.5-vl-7b,repope,pooled,1640,1544,22,74,0,1566,0.0140485312899106,test
qwen2.5-vl-7b,pope,pooled,1800,1588,23,189,0,1611,0.014276846679081317,bank
qwen2.5-vl-7b,pope,pooled,900,802,14,84,0,816,0.01715686274509804,cal
qwen2.5-vl-7b,pope,pooled,4500,3977,79,444,0,4056,0.01947731755424063,encoder_train
qwen2.5-vl-7b,pope,pooled,1800,1562,25,213,0,1587,0.01575299306868305,test
qwen2.5-vl-7b,dash-b,pooled,538,384,135,19,0,519,0.26011560693641617,bank
qwen2.5-vl-7b,dash-b,pooled,370,302,57,11,0,359,0.15877437325905291,cal
qwen2.5-vl-7b,dash-b,pooled,1331,975,318,38,0,1293,0.2459396751740139,encoder_train
qwen2.5-vl-7b,dash-b,pooled,443,331,101,11,0,432,0.2337962962962963,test
