model_alias,model_name,dataset_family,encoder_family,objective,readout,eval_split,metric_split,eval_scope,selected_k,metric_status,failure_reason,pr_auc,pr_auc_ci_low,pr_auc_ci_high,roc_auc,roc_auc_ci_low,roc_auc_ci_high,average_precision,tpr_at_1pct_fpr,fpr_at_95pct_tpr,num_test,num_test_correct,num_test_hard_hallucination,num_bank_correct,num_encoder_train,num_encoder_train_hallucination,num_excluded_false_negative,num_excluded_parsed_none
llava-onevision-qwen2-7b-ov-hf,llava-onevision-qwen2-7b-ov-hf,dash-b,Sphere-Traj-LSTM,bce,Diag-Classifier,test,test,pooled,,passed,,0.6648112505744423,0.5943840536117587,0.7314223579974457,0.730020448155406,0.6814028233793508,0.775214260540867,0.6671114952746315,0.06701030927835051,0.8223140495867769,436,242,194,326,1315,507,7,0
llava-onevision-qwen2-7b-ov-hf,llava-onevision-qwen2-7b-ov-hf,dash-b,Sphere-Traj-LSTM,bce,Diag-kNN-tuned,test,test,pooled,32,passed,,0.7109287183964637,0.636171044888079,0.7739857038607991,0.774218284058959,0.729354015700794,0.8186938975503651,0.7126463388436213,0.061855670103092786,0.7727272727272727,436,242,194,326,1315,507,7,0
llava-onevision-qwen2-7b-ov-hf,llava-onevision-qwen2-7b-ov-hf,dash-b,Sphere-Traj-LSTM,bce,Diag-vMF,test,test,pooled,,passed,,0.6166074793659733,0.5448466143718157,0.6865825543125005,0.5787679986367896,0.5181475786166798,0.6336484783383365,0.6185826071604815,0.07731958762886598,0.9628099173553719,436,242,194,326,1315,507,7,0
llava-onevision-qwen2-7b-ov-hf,llava-onevision-qwen2-7b-ov-hf,dash-b,Sphere-Traj-LSTM,supcon,Diag-Classifier,test,test,pooled,,passed,,0.7311881232736424,0.6684751846997378,0.7885380430973526,0.7599684757604158,0.7148876518607159,0.8059031955935775,0.7322663901193104,0.08762886597938144,0.768595041322314,436,242,194,326,1315,507,7,0
llava-onevision-qwen2-7b-ov-hf,llava-onevision-qwen2-7b-ov-hf,dash-b,Sphere-Traj-LSTM,supcon,Diag-kNN-tuned,test,test,pooled,32,passed,,0.6493004957282558,0.5778741233064253,0.7090280506482219,0.6764505410241117,0.6282885468638073,0.7242336927839452,0.650657394709974,0.1134020618556701,0.7272727272727273,436,242,194,326,1315,507,7,0
llava-onevision-qwen2-7b-ov-hf,llava-onevision-qwen2-7b-ov-hf,dash-b,Sphere-Traj-LSTM,supcon,Diag-vMF,test,test,pooled,,passed,,0.687329012791502,0.6149754523254288,0.749384339030306,0.6729786146374712,0.6191045425053847,0.7241990735814233,0.6885710032559023,0.10824742268041238,0.9380165289256198,436,242,194,326,1315,507,7,0
llava-onevision-qwen2-7b-ov-hf,llava-onevision-qwen2-7b-ov-hf,dash-b,Sphere-Traj-LSTM,proxy_anchor,Diag-Classifier,test,test,pooled,,passed,,0.6676221458961045,0.5952403013823069,0.72936730738077,0.6834902445258584,0.6345599369890613,0.7350278396951079,0.6581825016201728,0.0,0.9297520661157025,436,242,194,326,1315,507,7,0
llava-onevision-qwen2-7b-ov-hf,llava-onevision-qwen2-7b-ov-hf,dash-b,Sphere-Traj-LSTM,proxy_anchor,Diag-kNN-tuned,test,test,pooled,16,passed,,0.6697047664235327,0.599178236009106,0.7386891737994303,0.7328107693618471,0.6876107040281146,0.7798076807151857,0.6736488275190992,0.06701030927835051,0.8512396694214877,436,242,194,326,1315,507,7,0
llava-onevision-qwen2-7b-ov-hf,llava-onevision-qwen2-7b-ov-hf,dash-b,Sphere-Traj-LSTM,proxy_anchor,Diag-vMF,test,test,pooled,,passed,,0.6429311055826454,0.5707744497752059,0.7157608414984,0.6715515037914288,0.6205144530204917,0.7231598312061092,0.646902127565924,0.06701030927835051,0.9256198347107438,436,242,194,326,1315,507,7,0
qwen3-vl-8b,qwen3-vl-8b,dash-b,Sphere-Traj-LSTM,bce,Diag-Classifier,test,test,pooled,,passed,,0.8491205341723992,0.7802117281985447,0.913916346503656,0.9552519893899204,0.9369033305465333,0.9719375769022277,0.8503291138469237,0.25862068965517243,0.1476923076923077,441,325,116,381,1310,357,2,0
qwen3-vl-8b,qwen3-vl-8b,dash-b,Sphere-Traj-LSTM,bce,Diag-kNN-tuned,test,test,pooled,32,passed,,0.6245665581978869,0.5302903128904931,0.7234613416288481,0.900424403183024,0.868619531584154,0.9308173645267542,0.6287128238894678,0.034482758620689655,0.16,441,325,116,381,1310,357,2,0
qwen3-vl-8b,qwen3-vl-8b,dash-b,Sphere-Traj-LSTM,bce,Diag-vMF,test,test,pooled,,passed,,0.8208434841566867,0.7484594083013769,0.8898036061126591,0.9130503978779841,0.8741500107351663,0.9484365491273785,0.8220677109013624,0.25,0.7415384615384616,441,325,116,381,1310,357,2,0
qwen3-vl-8b,qwen3-vl-8b,dash-b,Sphere-Traj-LSTM,supcon,Diag-Classifier,test,test,pooled,,passed,,0.8033319153084116,0.7243962693937211,0.8725886955798481,0.9369761273209549,0.91291495047563,0.9577922118757097,0.804716632883454,0.16379310344827586,0.27076923076923076,441,325,116,381,1310,357,2,0
qwen3-vl-8b,qwen3-vl-8b,dash-b,Sphere-Traj-LSTM,supcon,Diag-kNN-tuned,test,test,pooled,32,passed,,0.6893427679753532,0.6021108299446639,0.7666865863613159,0.8728912466843501,0.837596285744434,0.9042014324693408,0.6911730326221055,0.13793103448275862,0.3569230769230769,441,325,116,381,1310,357,2,0
qwen3-vl-8b,qwen3-vl-8b,dash-b,Sphere-Traj-LSTM,supcon,Diag-vMF,test,test,pooled,,passed,,0.741331766969846,0.6555666377634912,0.8167847134779953,0.8751458885941644,0.8322662007659917,0.9132805906123016,0.7428331312440066,0.16379310344827586,0.5784615384615385,441,325,116,381,1310,357,2,0
qwen3-vl-8b,qwen3-vl-8b,dash-b,Sphere-Traj-LSTM,proxy_anchor,Diag-Classifier,test,test,pooled,,passed,,0.8533793369371829,0.7905174161408078,0.9105994038753935,0.9479045092838196,0.9275653427277468,0.9667757570770242,0.8542511148023973,0.2672413793103448,0.20615384615384616,441,325,116,381,1310,357,2,0
qwen3-vl-8b,qwen3-vl-8b,dash-b,Sphere-Traj-LSTM,proxy_anchor,Diag-kNN-tuned,test,test,pooled,32,passed,,0.7272122852718111,0.6404879830265862,0.7996091113785021,0.8730769230769232,0.8386489179112959,0.907313619642694,0.7287315867040087,0.19827586206896552,0.5538461538461539,441,325,116,381,1310,357,2,0
qwen3-vl-8b,qwen3-vl-8b,dash-b,Sphere-Traj-LSTM,proxy_anchor,Diag-vMF,test,test,pooled,,passed,,0.6271380923010564,0.5368828254307966,0.7040581541134276,0.843660477453581,0.8057759281781328,0.8777017589833328,0.6292825075999048,0.14655172413793102,0.5015384615384615,441,325,116,381,1310,357,2,0
internvl3.5-8b,internvl3.5-8b,dash-b,Sphere-Traj-LSTM,bce,Diag-Classifier,test,test,pooled,,passed,,0.5993780715925981,0.5201144485285869,0.6881159711115149,0.7917324597581957,0.7502778281216896,0.8332225865206639,0.6021026223682142,0.052980132450331126,0.4306049822064057,432,281,151,361,1293,402,11,0
internvl3.5-8b,internvl3.5-8b,dash-b,Sphere-Traj-LSTM,bce,Diag-kNN-tuned,test,test,pooled,32,passed,,0.23669562941754768,0.20423744493206056,0.2735868460561857,0.2584902547665622,0.2126903758630985,0.3035625999369062,0.2387263225794959,0.0,0.9822064056939501,432,281,151,361,1293,402,11,0
internvl3.5-8b,internvl3.5-8b,dash-b,Sphere-Traj-LSTM,bce,Diag-vMF,test,test,pooled,,passed,,0.27947535909451326,0.24292373624888994,0.3219534146580671,0.4033136150456035,0.3512797490055927,0.4533116206048643,0.28123804756673104,0.0,0.8362989323843416,432,281,151,361,1293,402,11,0
internvl3.5-8b,internvl3.5-8b,dash-b,Sphere-Traj-LSTM,supcon,Diag-Classifier,test,test,pooled,,passed,,0.5970203141144246,0.5161078635559377,0.6873208769837735,0.7908840234734039,0.7479167617813387,0.8286264222204673,0.6001071947437407,0.046357615894039736,0.49466192170818507,432,281,151,361,1293,402,11,0
internvl3.5-8b,internvl3.5-8b,dash-b,Sphere-Traj-LSTM,supcon,Diag-kNN-tuned,test,test,pooled,32,passed,,0.5146892348210819,0.4324923563886153,0.603081775363182,0.6716787254601588,0.6173468391478781,0.724109993612789,0.517799770722371,0.039735099337748346,0.7758007117437722,432,281,151,361,1293,402,11,0
internvl3.5-8b,internvl3.5-8b,dash-b,Sphere-Traj-LSTM,supcon,Diag-vMF,test,test,pooled,,passed,,0.46067247726933297,0.3835872390655345,0.5432146233797518,0.5591195116777827,0.5035239523203531,0.6197424107248363,0.46373214990022993,0.039735099337748346,0.9466192170818505,432,281,151,361,1293,402,11,0
internvl3.5-8b,internvl3.5-8b,dash-b,Sphere-Traj-LSTM,proxy_anchor,Diag-Classifier,test,test,pooled,,passed,,0.5717512459165585,0.4938894189273504,0.6544121431390045,0.7670688883127902,0.7206568761230807,0.8088907475890813,0.5660237912486985,0.0,0.5444839857651246,432,281,151,361,1293,402,11,0
internvl3.5-8b,internvl3.5-8b,dash-b,Sphere-Traj-LSTM,proxy_anchor,Diag-kNN-tuned,test,test,pooled,32,passed,,0.2709417209322712,0.23076653879414957,0.32570124450947857,0.34168414602531166,0.2869004091644617,0.3971950997311177,0.2738030957459281,0.006622516556291391,0.9679715302491103,432,281,151,361,1293,402,11,0
internvl3.5-8b,internvl3.5-8b,dash-b,Sphere-Traj-LSTM,proxy_anchor,Diag-vMF,test,test,pooled,,passed,,0.30118428093181354,0.2606146816010094,0.34767450999473587,0.4621620984657444,0.4075584308448489,0.5138322850048024,0.30337871300810515,0.0,0.9359430604982206,432,281,151,361,1293,402,11,0
minicpm-v-2_6,minicpm-v-2_6,dash-b,Sphere-Traj-LSTM,bce,Diag-Classifier,test,test,pooled,,passed,,0.40146370328981723,0.3220527765607788,0.4978045138909289,0.7268362638733008,0.6717353611665372,0.781690477341188,0.40800198362966494,0.020202020202020204,0.9814814814814815,423,324,99,394,1277,286,20,0
minicpm-v-2_6,minicpm-v-2_6,dash-b,Sphere-Traj-LSTM,bce,Diag-kNN-tuned,test,test,pooled,1,passed,,0.23498419007543536,0.1884123137785013,0.29120508918234156,0.5227584486843746,0.46503644763210267,0.5866912898085351,0.23958381520756303,0.0,0.8950617283950617,423,324,99,394,1277,286,20,0
minicpm-v-2_6,minicpm-v-2_6,dash-b,Sphere-Traj-LSTM,bce,Diag-vMF,test,test,pooled,,passed,,0.47782144232119816,0.38016410796147715,0.5780968623455535,0.680446439705699,0.6064814245131706,0.7464296962257254,0.48080543361129235,0.09090909090909091,0.9722222222222222,423,324,99,394,1277,286,20,0
minicpm-v-2_6,minicpm-v-2_6,dash-b,Sphere-Traj-LSTM,supcon,Diag-Classifier,test,test,pooled,,passed,,0.5020934530317378,0.40824558405303196,0.5961392082968092,0.7986968449931413,0.7545671436262273,0.8376490969319557,0.5059990504568161,0.08080808080808081,0.5648148148148148,423,324,99,394,1277,286,20,0
minicpm-v-2_6,minicpm-v-2_6,dash-b,Sphere-Traj-LSTM,supcon,Diag-kNN-tuned,test,test,pooled,32,passed,,0.27290690154082375,0.2041328886830157,0.3601496125705861,0.47914328469884027,0.41475913164886447,0.5505494714472163,0.2776055567394786,0.050505050505050504,0.9320987654320988,423,324,99,394,1277,286,20,0
minicpm-v-2_6,minicpm-v-2_6,dash-b,Sphere-Traj-LSTM,supcon,Diag-vMF,test,test,pooled,,passed,,0.3059363470537847,0.2313178450193139,0.39543241122696926,0.5705823668786631,0.50531215833552,0.6272473711001397,0.3111224572563773,0.06060606060606061,0.9567901234567902,423,324,99,394,1277,286,20,0
minicpm-v-2_6,minicpm-v-2_6,dash-b,Sphere-Traj-LSTM,proxy_anchor,Diag-Classifier,test,test,pooled,,passed,,0.5037112619185766,0.40540134201739925,0.6020621722616181,0.7921343060231948,0.7440853420813313,0.8335832423095388,0.504991305720214,0.0707070707070707,0.5524691358024691,423,324,99,394,1277,286,20,0
minicpm-v-2_6,minicpm-v-2_6,dash-b,Sphere-Traj-LSTM,proxy_anchor,Diag-kNN-tuned,test,test,pooled,32,passed,,0.2596405172577546,0.199881431009596,0.3378814708834201,0.527715425863574,0.465514998403297,0.5909970120698089,0.26700070496861206,0.020202020202020204,0.9166666666666666,423,324,99,394,1277,286,20,0
minicpm-v-2_6,minicpm-v-2_6,dash-b,Sphere-Traj-LSTM,proxy_anchor,Diag-vMF,test,test,pooled,,passed,,0.27077300762156814,0.2157173133774911,0.3363541969838323,0.5861391694725029,0.5197891879174608,0.6468553108332291,0.27487399121485406,0.0,0.9506172839506173,423,324,99,394,1277,286,20,0
gemma-3-12b-it,gemma-3-12b-it,dash-b,Sphere-Traj-LSTM,bce,Diag-Classifier,test,test,pooled,,passed,,0.8450451463591404,0.7798725238140173,0.8970391326866192,0.8874611573024271,0.8548383147922217,0.9177673213785272,0.8460135629169903,0.08673469387755102,0.51440329218107,439,243,196,326,1310,504,4,0
gemma-3-12b-it,gemma-3-12b-it,dash-b,Sphere-Traj-LSTM,bce,Diag-kNN-tuned,test,test,pooled,32,passed,,0.5836896964388557,0.5130371271536297,0.6609553473938944,0.7500629881582263,0.7001652928213635,0.796684017570083,0.5880876752712206,0.00510204081632653,0.41975308641975306,439,243,196,326,1310,504,4,0
gemma-3-12b-it,gemma-3-12b-it,dash-b,Sphere-Traj-LSTM,bce,Diag-vMF,test,test,pooled,,passed,,0.8318184632674293,0.7660126942871497,0.885573382562362,0.8535525321239608,0.8099664739797213,0.8940339286496665,0.8326660180284752,0.09693877551020408,0.9012345679012346,439,243,196,326,1310,504,4,0
gemma-3-12b-it,gemma-3-12b-it,dash-b,Sphere-Traj-LSTM,supcon,Diag-Classifier,test,test,pooled,,passed,,0.874393245543436,0.829892673810576,0.9159943933531478,0.8994289073654154,0.8691179909966964,0.9283233247638119,0.8748287915283889,0.22959183673469388,0.3950617283950617,439,243,196,326,1310,504,4,0
gemma-3-12b-it,gemma-3-12b-it,dash-b,Sphere-Traj-LSTM,supcon,Diag-kNN-tuned,test,test,pooled,32,passed,,0.836980042518484,0.7891160147702715,0.8816529030744956,0.8430125136474343,0.8060664340814767,0.8794434173690352,0.8374592190048872,0.2653061224489796,0.6255144032921811,439,243,196,326,1310,504,4,0
gemma-3-12b-it,gemma-3-12b-it,dash-b,Sphere-Traj-LSTM,supcon,Diag-vMF,test,test,pooled,,passed,,0.8123379651269269,0.762757865888482,0.8587061312324344,0.8209036701100194,0.7828729469935979,0.8577784887438576,0.8128723418283946,0.2653061224489796,0.6419753086419753,439,243,196,326,1310,504,4,0
gemma-3-12b-it,gemma-3-12b-it,dash-b,Sphere-Traj-LSTM,proxy_anchor,Diag-Classifier,test,test,pooled,,passed,,0.9102159279999751,0.8717496812083803,0.9456612227692368,0.9327496430671034,0.9092642358001775,0.9553682979385707,0.9105248320939094,0.25510204081632654,0.30864197530864196,439,243,196,326,1310,504,4,0
gemma-3-12b-it,gemma-3-12b-it,dash-b,Sphere-Traj-LSTM,proxy_anchor,Diag-kNN-tuned,test,test,pooled,32,passed,,0.4690907161737248,0.4143543597178239,0.5271820994060898,0.6198244729990762,0.558580918308566,0.6696479614426541,0.47119441114876776,0.0,0.7242798353909465,439,243,196,326,1310,504,4,0
gemma-3-12b-it,gemma-3-12b-it,dash-b,Sphere-Traj-LSTM,proxy_anchor,Diag-vMF,test,test,pooled,,passed,,0.5187627848499666,0.4627070285310287,0.5770436799622367,0.6953262786596119,0.6377324319842593,0.7436832035089906,0.5208021231181644,0.0,0.5596707818930041,439,243,196,326,1310,504,4,0
gemma-4-12b-it,gemma-4-12b-it,dash-b,Sphere-Traj-LSTM,bce,Diag-Classifier,test,test,pooled,,passed,,0.1378048306145572,0.11202022661883071,0.1654291849676574,0.1924721984602224,0.14587279232740363,0.24404468514349056,0.13968679319980518,0.0,0.9940119760479041,432,334,98,397,1294,264,11,0
gemma-4-12b-it,gemma-4-12b-it,dash-b,Sphere-Traj-LSTM,bce,Diag-kNN-tuned,test,test,pooled,32,passed,,0.43673338596444455,0.3402950615494814,0.5506211627646498,0.7206709030917756,0.6625345289225006,0.7784072054334606,0.4448323709024046,0.08163265306122448,0.8682634730538922,432,334,98,397,1294,264,11,0
gemma-4-12b-it,gemma-4-12b-it,dash-b,Sphere-Traj-LSTM,bce,Diag-vMF,test,test,pooled,,passed,,0.444305977737563,0.34343013189834776,0.5577994113155208,0.7102224123182208,0.6482803176531184,0.7688552786048656,0.45215556337072926,0.07142857142857142,0.9011976047904192,432,334,98,397,1294,264,11,0
gemma-4-12b-it,gemma-4-12b-it,dash-b,Sphere-Traj-LSTM,supcon,Diag-Classifier,test,test,pooled,,passed,,0.2970176076854053,0.23380799641331462,0.37607956463457337,0.5974886960772332,0.5367997648042954,0.6611083443617698,0.3040347537840637,0.01020408163265306,0.9491017964071856,432,334,98,397,1294,264,11,0
gemma-4-12b-it,gemma-4-12b-it,dash-b,Sphere-Traj-LSTM,supcon,Diag-kNN-tuned,test,test,pooled,32,passed,,0.21649263922902054,0.16975070483175145,0.2795099090444346,0.4817304167175853,0.42159186850676617,0.5432447193887323,0.22233696347486942,0.01020408163265306,0.8323353293413174,432,334,98,397,1294,264,11,0
gemma-4-12b-it,gemma-4-12b-it,dash-b,Sphere-Traj-LSTM,supcon,Diag-vMF,test,test,pooled,,passed,,0.2272310748369259,0.17577723345688195,0.28765607523160597,0.4901472565073934,0.422572425399709,0.5575992453125173,0.23261943553140058,0.01020408163265306,0.9640718562874252,432,334,98,397,1294,264,11,0
gemma-4-12b-it,gemma-4-12b-it,dash-b,Sphere-Traj-LSTM,proxy_anchor,Diag-Classifier,test,test,pooled,,passed,,0.24075698162277756,0.1886878472033626,0.299524642887063,0.5567640229744593,0.49636935043575287,0.6174689536406268,0.24467583869377396,0.0,0.8712574850299402,432,334,98,397,1294,264,11,0
gemma-4-12b-it,gemma-4-12b-it,dash-b,Sphere-Traj-LSTM,proxy_anchor,Diag-kNN-tuned,test,test,pooled,4,passed,,0.2714740049462056,0.2171810607339329,0.3310016471224201,0.6281925944030307,0.5702013004737372,0.6825340263678357,0.27566057820269074,0.0,0.7455089820359282,432,334,98,397,1294,264,11,0
gemma-4-12b-it,gemma-4-12b-it,dash-b,Sphere-Traj-LSTM,proxy_anchor,Diag-vMF,test,test,pooled,,passed,,0.23476208884815464,0.18677950840333446,0.2969794586191363,0.528687522913357,0.46490006956223423,0.5877790278872642,0.23973060355884976,0.0,0.9431137724550899,432,334,98,397,1294,264,11,0
qwen3.5-4b,qwen3.5-4b,dash-b,Sphere-Traj-LSTM,bce,Diag-Classifier,test,test,pooled,,passed,,0.6396231237697828,0.551281143518888,0.7268253600115013,0.8077420901246405,0.7617297210860309,0.8497189315275926,0.6450752817820352,0.03571428571428571,0.8221476510067114,438,298,140,361,1317,358,5,0
qwen3.5-4b,qwen3.5-4b,dash-b,Sphere-Traj-LSTM,bce,Diag-kNN-tuned,test,test,pooled,1,passed,,0.24929257732191845,0.2087198788577263,0.2897457428775598,0.38441994247363376,0.3312740567130294,0.4409978883761135,0.2518712313985758,0.0,0.9429530201342282,438,298,140,361,1317,358,5,0
qwen3.5-4b,qwen3.5-4b,dash-b,Sphere-Traj-LSTM,bce,Diag-vMF,test,test,pooled,,passed,,0.6401905339627474,0.5459985961399062,0.728121722808402,0.8081255992329818,0.760854100297805,0.8508753503823927,0.6432530418868344,0.05714285714285714,0.8187919463087249,438,298,140,361,1317,358,5,0
qwen3.5-4b,qwen3.5-4b,dash-b,Sphere-Traj-LSTM,supcon,Diag-Classifier,test,test,pooled,,passed,,0.6551730585590451,0.5706387915043033,0.736207568377697,0.809300095877277,0.7673828063920944,0.8514307018003291,0.6572114605825647,0.07857142857142857,0.6711409395973155,438,298,140,361,1317,358,5,0
qwen3.5-4b,qwen3.5-4b,dash-b,Sphere-Traj-LSTM,supcon,Diag-kNN-tuned,test,test,pooled,1,passed,,0.4154362319466991,0.3475007037990492,0.4995444811427896,0.6590364333652923,0.6059178935131012,0.7124320623614927,0.421239577349435,0.007142857142857143,0.8389261744966443,438,298,140,361,1317,358,5,0
qwen3.5-4b,qwen3.5-4b,dash-b,Sphere-Traj-LSTM,supcon,Diag-vMF,test,test,pooled,,passed,,0.2518618596794283,0.2114677508039007,0.2968646127921917,0.3915627996164909,0.3393907040827224,0.44255842695263103,0.2545469575921732,0.0,0.9194630872483222,438,298,140,361,1317,358,5,0
qwen3.5-4b,qwen3.5-4b,dash-b,Sphere-Traj-LSTM,proxy_anchor,Diag-Classifier,test,test,pooled,,passed,,0.4864721375005198,0.40684093860658366,0.5773530864512627,0.7123921380632791,0.6587549439721664,0.7649337635457112,0.49136054862546574,0.0,0.8187919463087249,438,298,140,361,1317,358,5,0
qwen3.5-4b,qwen3.5-4b,dash-b,Sphere-Traj-LSTM,proxy_anchor,Diag-kNN-tuned,test,test,pooled,32,passed,,0.3683457739919531,0.31177136387709065,0.4371395922791917,0.6186001917545542,0.5636126961039452,0.6727820911537515,0.3719981433903362,0.0,0.8422818791946308,438,298,140,361,1317,358,5,0
qwen3.5-4b,qwen3.5-4b,dash-b,Sphere-Traj-LSTM,proxy_anchor,Diag-vMF,test,test,pooled,,passed,,0.3989180692576966,0.3317527997049049,0.48021209106770135,0.610522531160115,0.5519432894769888,0.6673195333699397,0.4037486052363786,0.0,0.8926174496644296,438,298,140,361,1317,358,5,0
qwen3.5-9b,qwen3.5-9b,dash-b,Sphere-Traj-LSTM,bce,Diag-Classifier,test,test,pooled,,passed,,0.6467903643779305,0.5690056799580608,0.729794677958957,0.6436634948096885,0.5777333384608135,0.7048352487754977,0.6506328589753408,0.16470588235294117,0.9595588235294118,442,272,170,349,1322,435,1,0
qwen3.5-9b,qwen3.5-9b,dash-b,Sphere-Traj-LSTM,bce,Diag-kNN-tuned,test,test,pooled,32,passed,,0.6385992615689324,0.5708107762845761,0.7151788485450716,0.8482915224913494,0.8114905108095136,0.8816771614982214,0.6427266651887593,0.0,0.26838235294117646,442,272,170,349,1322,435,1,0
qwen3.5-9b,qwen3.5-9b,dash-b,Sphere-Traj-LSTM,bce,Diag-vMF,test,test,pooled,,passed,,0.7379369115802742,0.6610667425726736,0.8123105881563375,0.7986375432525952,0.7478155282513889,0.8474030707054063,0.7402660625447832,0.16470588235294117,0.9852941176470589,442,272,170,349,1322,435,1,0
qwen3.5-9b,qwen3.5-9b,dash-b,Sphere-Traj-LSTM,supcon,Diag-Classifier,test,test,pooled,,passed,,0.6568692960041668,0.5825256576905913,0.7257016884808762,0.783618079584775,0.7379660556304725,0.827193408232002,0.6230566228784927,0.0,0.6691176470588235,442,272,170,349,1322,435,1,0
qwen3.5-9b,qwen3.5-9b,dash-b,Sphere-Traj-LSTM,supcon,Diag-kNN-tuned,test,test,pooled,16,passed,,0.5574201938536324,0.48568636576282254,0.636330323875016,0.7473183391003461,0.7001054360145761,0.791396724077827,0.5625549353025424,0.011764705882352941,0.5992647058823529,442,272,170,349,1322,435,1,0
qwen3.5-9b,qwen3.5-9b,dash-b,Sphere-Traj-LSTM,supcon,Diag-vMF,test,test,pooled,,passed,,0.4706774672737564,0.4041868009520681,0.5461248428825893,0.6191825259515571,0.5632545218129354,0.670702120701893,0.475313114504929,0.011764705882352941,0.8933823529411765,442,272,170,349,1322,435,1,0
qwen3.5-9b,qwen3.5-9b,dash-b,Sphere-Traj-LSTM,proxy_anchor,Diag-Classifier,test,test,pooled,,passed,,0.4962998400205071,0.4157958521939926,0.5662871384392357,0.4760813148788927,0.4150043569570123,0.5362810572661959,0.49811513805883156,0.047058823529411764,0.9742647058823529,442,272,170,349,1322,435,1,0
qwen3.5-9b,qwen3.5-9b,dash-b,Sphere-Traj-LSTM,proxy_anchor,Diag-kNN-tuned,test,test,pooled,32,passed,,0.7673673380107422,0.6939796096881989,0.8284275187705961,0.8669982698961938,0.8302019608552105,0.9000216397181525,0.7688721162923986,0.041176470588235294,0.43014705882352944,442,272,170,349,1322,435,1,0
qwen3.5-9b,qwen3.5-9b,dash-b,Sphere-Traj-LSTM,proxy_anchor,Diag-vMF,test,test,pooled,,passed,,0.7243960039025998,0.6446568471031424,0.7914684895085845,0.7852941176470588,0.7317966009200064,0.8330892879172631,0.7259176629444293,0.041176470588235294,0.8419117647058824,442,272,170,349,1322,435,1,0
phi-4-multimodal-instruct,phi-4-multimodal-instruct,dash-b,Sphere-Traj-LSTM,bce,Diag-Classifier,test,test,pooled,,passed,,0.7593157680011975,0.704496877360257,0.8161596424345672,0.7761835548172757,0.7323466670030325,0.818455221836947,0.760104161565324,0.16744186046511628,0.7276785714285714,439,224,215,305,1307,540,4,0
phi-4-multimodal-instruct,phi-4-multimodal-instruct,dash-b,Sphere-Traj-LSTM,bce,Diag-kNN-tuned,test,test,pooled,32,passed,,0.5014239465016057,0.44304397013141034,0.5688377684150293,0.5867109634551496,0.5337003435132543,0.6402345621902794,0.5054680579587425,0.009302325581395349,0.7008928571428571,439,224,215,305,1307,540,4,0
phi-4-multimodal-instruct,phi-4-multimodal-instruct,dash-b,Sphere-Traj-LSTM,bce,Diag-vMF,test,test,pooled,,passed,,0.7507673593779813,0.6940630037364833,0.8099766562131894,0.7570390365448505,0.7084605773449548,0.8024519766239203,0.7516448710122234,0.13023255813953488,0.9241071428571429,439,224,215,305,1307,540,4,0
phi-4-multimodal-instruct,phi-4-multimodal-instruct,dash-b,Sphere-Traj-LSTM,supcon,Diag-Classifier,test,test,pooled,,passed,,0.6895354046928929,0.6258875564993344,0.7507155050277475,0.7132475083056478,0.6653234375044509,0.7599074728670231,0.6906739788448114,0.09302325581395349,0.7321428571428571,439,224,215,305,1307,540,4,0
phi-4-multimodal-instruct,phi-4-multimodal-instruct,dash-b,Sphere-Traj-LSTM,supcon,Diag-kNN-tuned,test,test,pooled,8,passed,,0.6082539952432978,0.5401307646014025,0.6775007628869819,0.6606519933554817,0.6081638023814516,0.7074206017955644,0.6103511298927071,0.023255813953488372,0.8125,439,224,215,305,1307,540,4,0
phi-4-multimodal-instruct,phi-4-multimodal-instruct,dash-b,Sphere-Traj-LSTM,supcon,Diag-vMF,test,test,pooled,,passed,,0.5327863018432107,0.4587207134750841,0.6011616008222794,0.5072466777408637,0.4502191787023335,0.5625067437155685,0.5341292003917846,0.03255813953488372,0.9776785714285714,439,224,215,305,1307,540,4,0
phi-4-multimodal-instruct,phi-4-multimodal-instruct,dash-b,Sphere-Traj-LSTM,proxy_anchor,Diag-Classifier,test,test,pooled,,passed,,0.7188109077672777,0.6625221989472835,0.7791773502015302,0.7462416943521595,0.6985536891835673,0.791086642563378,0.6712255370684189,0.0,0.5714285714285714,439,224,215,305,1307,540,4,0
phi-4-multimodal-instruct,phi-4-multimodal-instruct,dash-b,Sphere-Traj-LSTM,proxy_anchor,Diag-kNN-tuned,test,test,pooled,32,passed,,0.5395200268351326,0.475634739089039,0.6144704457178135,0.5519725913621263,0.4992719101590069,0.6060113126819714,0.5436351216914359,0.023255813953488372,0.9285714285714286,439,224,215,305,1307,540,4,0
phi-4-multimodal-instruct,phi-4-multimodal-instruct,dash-b,Sphere-Traj-LSTM,proxy_anchor,Diag-vMF,test,test,pooled,,passed,,0.5385659878952226,0.47564039205694636,0.6108168772581354,0.5382578903654485,0.483217718636077,0.589050714675839,0.5427334909430306,0.018604651162790697,0.9598214285714286,439,224,215,305,1307,540,4,0
phi-3.5-vision-instruct,phi-3.5-vision-instruct,dash-b,Sphere-Traj-LSTM,bce,Diag-Classifier,test,test,pooled,,passed,,0.5659464988005068,0.4812689170766116,0.6542640275477887,0.692189421894219,0.6343222790969317,0.7482094453456996,0.5712895014501935,0.03205128205128205,0.9446494464944649,427,271,156,334,1290,412,16,0
phi-3.5-vision-instruct,phi-3.5-vision-instruct,dash-b,Sphere-Traj-LSTM,bce,Diag-kNN-tuned,test,test,pooled,1,passed,,0.38496649951441697,0.3268942794859573,0.45505973200193,0.5632037089601665,0.5036759559570623,0.6182679844105599,0.3885153655973913,0.01282051282051282,0.8007380073800738,427,271,156,334,1290,412,16,0
phi-3.5-vision-instruct,phi-3.5-vision-instruct,dash-b,Sphere-Traj-LSTM,bce,Diag-vMF,test,test,pooled,,passed,,0.5827853366835267,0.493419946288524,0.6679747833351933,0.7085817012016276,0.6505881717399199,0.761664555999622,0.5864360569211368,0.04487179487179487,0.9520295202952029,427,271,156,334,1290,412,16,0
phi-3.5-vision-instruct,phi-3.5-vision-instruct,dash-b,Sphere-Traj-LSTM,supcon,Diag-Classifier,test,test,pooled,,passed,,0.5744165977995523,0.4954768340677939,0.6585442122719349,0.721638754849087,0.6737367517887037,0.7696206924677299,0.57696148050556,0.0641025641025641,0.7490774907749077,427,271,156,334,1290,412,16,0
phi-3.5-vision-instruct,phi-3.5-vision-instruct,dash-b,Sphere-Traj-LSTM,supcon,Diag-kNN-tuned,test,test,pooled,32,passed,,0.3860715228060271,0.3218521461962173,0.4592974550991706,0.5074273819661274,0.44477110599510633,0.5672087658036139,0.38993587310740796,0.01282051282051282,0.9446494464944649,427,271,156,334,1290,412,16,0
phi-3.5-vision-instruct,phi-3.5-vision-instruct,dash-b,Sphere-Traj-LSTM,supcon,Diag-vMF,test,test,pooled,,passed,,0.334950371309475,0.2827920066465042,0.40253643755927104,0.4450988740656637,0.38897662268513916,0.5049425603606171,0.33857661851678855,0.01282051282051282,0.959409594095941,427,271,156,334,1290,412,16,0
phi-3.5-vision-instruct,phi-3.5-vision-instruct,dash-b,Sphere-Traj-LSTM,proxy_anchor,Diag-Classifier,test,test,pooled,,passed,,0.6782581036891975,0.6059138283915512,0.7519662922598196,0.782891001986943,0.7345353030109381,0.825885453894214,0.6429838340745555,0.0,0.7380073800738007,427,271,156,334,1290,412,16,0
phi-3.5-vision-instruct,phi-3.5-vision-instruct,dash-b,Sphere-Traj-LSTM,proxy_anchor,Diag-kNN-tuned,test,test,pooled,16,passed,,0.5793862839891684,0.4925990967779728,0.6651270934368193,0.6763411864887878,0.6208810930437889,0.7278537881029973,0.5826186774375476,0.0641025641025641,0.8671586715867159,427,271,156,334,1290,412,16,0
phi-3.5-vision-instruct,phi-3.5-vision-instruct,dash-b,Sphere-Traj-LSTM,proxy_anchor,Diag-vMF,test,test,pooled,,passed,,0.5325513833158144,0.45005324538097474,0.6164532183115355,0.5974311666193585,0.5395004920207077,0.6600795487493143,0.5357918123862044,0.0641025641025641,0.940959409594096,427,271,156,334,1290,412,16,0
gemma-3-4b-it,gemma-3-4b-it,dash-b,Sphere-Traj-LSTM,bce,Diag-Classifier,test,test,pooled,,passed,,0.7556300030073797,0.6868721468575268,0.8349337802155624,0.8126243065005757,0.7655681914491985,0.8563255252821786,0.7593988890521575,0.024390243902439025,0.9399141630901288,438,233,205,305,1320,537,5,0
gemma-3-4b-it,gemma-3-4b-it,dash-b,Sphere-Traj-LSTM,bce,Diag-kNN-tuned,test,test,pooled,32,passed,,0.5226146689431459,0.46209269933010255,0.589207773659553,0.6542447398722915,0.6012533395549701,0.7062387123734712,0.5263139738195639,0.004878048780487805,0.48068669527896996,438,233,205,305,1320,537,5,0
gemma-3-4b-it,gemma-3-4b-it,dash-b,Sphere-Traj-LSTM,bce,Diag-vMF,test,test,pooled,,passed,,0.7748058545119946,0.7062765741566265,0.8528651028305778,0.8303778917617501,0.7842013941044141,0.8719346611532823,0.7784889262987643,0.01951219512195122,0.8626609442060086,438,233,205,305,1320,537,5,0
gemma-3-4b-it,gemma-3-4b-it,dash-b,Sphere-Traj-LSTM,supcon,Diag-Classifier,test,test,pooled,,passed,,0.7641858062975811,0.6974669259732647,0.8282926632880507,0.8401549251544016,0.7993851930089567,0.8758007686757626,0.7655597578466845,0.04878048780487805,0.4592274678111588,438,233,205,305,1320,537,5,0
gemma-3-4b-it,gemma-3-4b-it,dash-b,Sphere-Traj-LSTM,supcon,Diag-kNN-tuned,test,test,pooled,32,passed,,0.6605725261693569,0.5904444501728455,0.7328639967191092,0.7186852297707527,0.671346202706078,0.7676274785751679,0.6625896430748189,0.01951219512195122,0.7639484978540773,438,233,205,305,1320,537,5,0
gemma-3-4b-it,gemma-3-4b-it,dash-b,Sphere-Traj-LSTM,supcon,Diag-vMF,test,test,pooled,,passed,,0.6305172973192016,0.5587906323177867,0.7003107682340178,0.654830943159217,0.6049598381428882,0.7027449056680192,0.6325318798025458,0.01951219512195122,0.8927038626609443,438,233,205,305,1320,537,5,0
gemma-3-4b-it,gemma-3-4b-it,dash-b,Sphere-Traj-LSTM,proxy_anchor,Diag-Classifier,test,test,pooled,,passed,,0.787883029519326,0.7312800908021199,0.8388722393683647,0.8340940018842249,0.7945072177819188,0.8688549173457261,0.7507456097051274,0.0,0.4206008583690987,438,233,205,305,1320,537,5,0
gemma-3-4b-it,gemma-3-4b-it,dash-b,Sphere-Traj-LSTM,proxy_anchor,Diag-kNN-tuned,test,test,pooled,32,passed,,0.4568755547290282,0.4041243491304176,0.5150061157811339,0.5433267036533027,0.48789354246125827,0.5992284999106026,0.45915638253801605,0.004878048780487805,0.8540772532188842,438,233,205,305,1320,537,5,0
gemma-3-4b-it,gemma-3-4b-it,dash-b,Sphere-Traj-LSTM,proxy_anchor,Diag-vMF,test,test,pooled,,passed,,0.48295674339412664,0.4295386199637902,0.5394892302818266,0.5990578875745839,0.5456281817723099,0.6545256707747428,0.485177877587352,0.0,0.8154506437768241,438,233,205,305,1320,537,5,0
molmo-7b-d-0924,molmo-7b-d-0924,dash-b,Sphere-Traj-LSTM,bce,Diag-Classifier,test,test,pooled,,passed,,0.4100935502699766,0.3447013223577464,0.484296211198839,0.5179972627737227,0.46058264910273594,0.5746068075869534,0.4134224523906402,0.0125,0.9890510948905109,434,274,160,346,1293,409,9,0
molmo-7b-d-0924,molmo-7b-d-0924,dash-b,Sphere-Traj-LSTM,bce,Diag-kNN-tuned,test,test,pooled,32,passed,,0.5387063011440527,0.4624849843833741,0.6298274616775261,0.7148038321167883,0.6641872731028513,0.7633549487717237,0.5425411409642386,0.0125,0.7627737226277372,434,274,160,346,1293,409,9,0
molmo-7b-d-0924,molmo-7b-d-0924,dash-b,Sphere-Traj-LSTM,bce,Diag-vMF,test,test,pooled,,passed,,0.44380210533805503,0.3717332470589194,0.5346149239835387,0.5229927007299271,0.4607520243790766,0.5827094329808501,0.4475912847748641,0.0125,0.9525547445255474,434,274,160,346,1293,409,9,0
molmo-7b-d-0924,molmo-7b-d-0924,dash-b,Sphere-Traj-LSTM,supcon,Diag-Classifier,test,test,pooled,,passed,,0.5576863204855644,0.4770498345866854,0.6432457904044045,0.6918795620437956,0.6385967114397514,0.7446577651382309,0.5602514660112263,0.03125,0.8978102189781022,434,274,160,346,1293,409,9,0
molmo-7b-d-0924,molmo-7b-d-0924,dash-b,Sphere-Traj-LSTM,supcon,Diag-kNN-tuned,test,test,pooled,32,passed,,0.5259751790271348,0.45242190262403364,0.6005685280553041,0.633257299270073,0.580044283782846,0.6874916713667081,0.5277312534902263,0.09375,0.7992700729927007,434,274,160,346,1293,409,9,0
molmo-7b-d-0924,molmo-7b-d-0924,dash-b,Sphere-Traj-LSTM,supcon,Diag-vMF,test,test,pooled,,passed,,0.5260454139975812,0.4484259545378487,0.6056458276643595,0.6123175182481752,0.5539591282229159,0.6708156606640335,0.5277215597817982,0.0875,0.9598540145985401,434,274,160,346,1293,409,9,0
molmo-7b-d-0924,molmo-7b-d-0924,dash-b,Sphere-Traj-LSTM,proxy_anchor,Diag-Classifier,test,test,pooled,,passed,,0.5592287128121413,0.4783464089233202,0.6475488746292213,0.6869981751824817,0.6289555127259152,0.7423990406071381,0.5620495130535162,0.05,0.9817518248175182,434,274,160,346,1293,409,9,0
molmo-7b-d-0924,molmo-7b-d-0924,dash-b,Sphere-Traj-LSTM,proxy_anchor,Diag-kNN-tuned,test,test,pooled,32,passed,,0.4995246627259473,0.4198828641349895,0.5806102929509156,0.6400319343065694,0.5853200740847117,0.693088653886466,0.5021213527531043,0.0375,0.8540145985401459,434,274,160,346,1293,409,9,0
molmo-7b-d-0924,molmo-7b-d-0924,dash-b,Sphere-Traj-LSTM,proxy_anchor,Diag-vMF,test,test,pooled,,passed,,0.5206872462460268,0.43770685484965205,0.6061439931100372,0.6185218978102189,0.5614516500115164,0.6727403859479383,0.5230256645112237,0.05625,0.9525547445255474,434,274,160,346,1293,409,9,0
minicpm-v-4_5,minicpm-v-4_5,dash-b,Sphere-Traj-LSTM,bce,Diag-Classifier,test,test,pooled,,passed,,0.4932805907216045,0.40978098149324277,0.5885594045578988,0.8147321428571429,0.7761200634056578,0.8539756906306665,0.49918305906484384,0.0,0.415625,432,320,112,391,1312,317,11,0
minicpm-v-4_5,minicpm-v-4_5,dash-b,Sphere-Traj-LSTM,bce,Diag-kNN-tuned,test,test,pooled,4,passed,,0.5413916300391254,0.45952056473555747,0.6439633072974401,0.8377511160714285,0.7976086696688824,0.8750387979876584,0.5487772696139377,0.026785714285714284,0.459375,432,320,112,391,1312,317,11,0
minicpm-v-4_5,minicpm-v-4_5,dash-b,Sphere-Traj-LSTM,bce,Diag-vMF,test,test,pooled,,passed,,0.386438153913756,0.302279848127506,0.4834296465192368,0.5262555803571427,0.44652218593134035,0.6042481626637497,0.3923920349780796,0.026785714285714284,0.984375,432,320,112,391,1312,317,11,0
minicpm-v-4_5,minicpm-v-4_5,dash-b,Sphere-Traj-LSTM,supcon,Diag-Classifier,test,test,pooled,,passed,,0.42245446387462826,0.3549036128640645,0.5131994969347753,0.7683035714285714,0.724157894069623,0.8130342718217811,0.42817637508639184,0.008928571428571428,0.575,432,320,112,391,1312,317,11,0
minicpm-v-4_5,minicpm-v-4_5,dash-b,Sphere-Traj-LSTM,supcon,Diag-kNN-tuned,test,test,pooled,8,passed,,0.4409620210245324,0.3698033585195441,0.5311715218687525,0.7865234375,0.7438895967306448,0.8298406943133234,0.4459572827507634,0.0,0.490625,432,320,112,391,1312,317,11,0
minicpm-v-4_5,minicpm-v-4_5,dash-b,Sphere-Traj-LSTM,supcon,Diag-vMF,test,test,pooled,,passed,,0.3755224147934615,0.3018455308260986,0.4627585383323078,0.6342215401785714,0.5733812206408098,0.6942698359582133,0.3818367449345913,0.017857142857142856,0.978125,432,320,112,391,1312,317,11,0
minicpm-v-4_5,minicpm-v-4_5,dash-b,Sphere-Traj-LSTM,proxy_anchor,Diag-Classifier,test,test,pooled,,passed,,0.24703033176765082,0.19265180838459892,0.3145708922085779,0.39296875,0.3267092952023806,0.4526385449264826,0.24847286508463035,0.026785714285714284,0.95625,432,320,112,391,1312,317,11,0
minicpm-v-4_5,minicpm-v-4_5,dash-b,Sphere-Traj-LSTM,proxy_anchor,Diag-kNN-tuned,test,test,pooled,16,passed,,0.4927067001224509,0.4130851774901995,0.5881504788816391,0.8015904017857143,0.7605137682226848,0.8400198308695594,0.49934602435911773,0.017857142857142856,0.60625,432,320,112,391,1312,317,11,0
minicpm-v-4_5,minicpm-v-4_5,dash-b,Sphere-Traj-LSTM,proxy_anchor,Diag-vMF,test,test,pooled,,passed,,0.4260965488636591,0.34878689006120356,0.5182783758419903,0.6810267857142859,0.6162138228551138,0.7358455555615402,0.4326672434482673,0.017857142857142856,0.971875,432,320,112,391,1312,317,11,0
llava-v1.5-7b,llava-v1.5-7b,dash-b,Sphere-Traj-LSTM,bce,Diag-Classifier,test,test,pooled,,passed,,0.7972600331728872,0.7439940238727818,0.8445806223920397,0.7734764356763241,0.7320966432513695,0.8164526367953869,0.7980763676286033,0.053497942386831275,0.7989949748743719,442,199,243,281,1327,619,1,0
llava-v1.5-7b,llava-v1.5-7b,dash-b,Sphere-Traj-LSTM,bce,Diag-kNN-tuned,test,test,pooled,1,passed,,0.7184108950509505,0.656182998713111,0.7816197587713509,0.7124097855532808,0.6664377726008939,0.7611123132155521,0.7195393582999703,0.06995884773662552,0.7437185929648241,442,199,243,281,1327,619,1,0
llava-v1.5-7b,llava-v1.5-7b,dash-b,Sphere-Traj-LSTM,bce,Diag-vMF,test,test,pooled,,passed,,0.7578621966972058,0.7016140252317395,0.8065425913342735,0.6684451061893831,0.6153865243648728,0.7179304725840578,0.7586210847712066,0.05761316872427984,0.9547738693467337,442,199,243,281,1327,619,1,0
llava-v1.5-7b,llava-v1.5-7b,dash-b,Sphere-Traj-LSTM,supcon,Diag-Classifier,test,test,pooled,,passed,,0.7123363031470341,0.653141307615605,0.7743122725412531,0.7069917488677957,0.6598058536133455,0.7528186100810728,0.7151923905289255,0.0,0.8341708542713567,442,199,243,281,1327,619,1,0
llava-v1.5-7b,llava-v1.5-7b,dash-b,Sphere-Traj-LSTM,supcon,Diag-kNN-tuned,test,test,pooled,8,passed,,0.6301039450111028,0.5634514197601964,0.7011389160786285,0.6284715759869306,0.5749290302689708,0.6807468688828229,0.6334602753619512,0.0,0.864321608040201,442,199,243,281,1327,619,1,0
llava-v1.5-7b,llava-v1.5-7b,dash-b,Sphere-Traj-LSTM,supcon,Diag-vMF,test,test,pooled,,passed,,0.6536379376099521,0.593590732849586,0.7239669339965489,0.6609591165705069,0.6121081428934545,0.7117610404817665,0.6572129658706054,0.012345679012345678,0.7939698492462312,442,199,243,281,1327,619,1,0
llava-v1.5-7b,llava-v1.5-7b,dash-b,Sphere-Traj-LSTM,proxy_anchor,Diag-Classifier,test,test,pooled,,passed,,0.7794796830924001,0.7244317933251622,0.8359039454020336,0.7648944310027503,0.7208422230811747,0.8074082721425908,0.7823481683110699,0.00411522633744856,0.7587939698492462,442,199,243,281,1327,619,1,0
llava-v1.5-7b,llava-v1.5-7b,dash-b,Sphere-Traj-LSTM,proxy_anchor,Diag-kNN-tuned,test,test,pooled,32,passed,,0.5647834610221645,0.5053320269126909,0.6300359297605413,0.5197179312198854,0.46661774223109337,0.5695571079556864,0.5679552539894693,0.0,0.9346733668341709,442,199,243,281,1327,619,1,0
llava-v1.5-7b,llava-v1.5-7b,dash-b,Sphere-Traj-LSTM,proxy_anchor,Diag-vMF,test,test,pooled,,passed,,0.6637387234591314,0.6043414956978286,0.7273252871523386,0.6733254751121863,0.6214178668873442,0.7215950649243918,0.6667561540535072,0.0,0.8040201005025126,442,199,243,281,1327,619,1,0
qwen2.5-vl-7b,qwen2.5-vl-7b,dash-b,Sphere-Traj-LSTM,bce,Diag-Classifier,test,test,pooled,,passed,,0.5018548439526365,0.4031049592142737,0.614978868275586,0.7545990248571685,0.7007094135964649,0.8039414010003041,0.508879243122133,0.1188118811881188,0.6646525679758308,432,331,101,384,1293,318,11,0
qwen2.5-vl-7b,qwen2.5-vl-7b,dash-b,Sphere-Traj-LSTM,bce,Diag-kNN-tuned,test,test,pooled,32,passed,,0.4664264271369017,0.37788591391694465,0.5744826418102792,0.7738027579192964,0.721621252584935,0.8252644660016799,0.47364696687163793,0.019801980198019802,0.7824773413897281,432,331,101,384,1293,318,11,0
qwen2.5-vl-7b,qwen2.5-vl-7b,dash-b,Sphere-Traj-LSTM,bce,Diag-vMF,test,test,pooled,,passed,,0.439417703752791,0.3402002180488089,0.544725630341992,0.6014178457120637,0.5244524575972878,0.6758168247767857,0.4442830075598098,0.06930693069306931,0.9486404833836858,432,331,101,384,1293,318,11,0
qwen2.5-vl-7b,qwen2.5-vl-7b,dash-b,Sphere-Traj-LSTM,supcon,Diag-Classifier,test,test,pooled,,passed,,0.5162828083801161,0.41680267397909276,0.6217901481851306,0.7584577188836709,0.704394651542744,0.8096469063194096,0.5193251877176704,0.12871287128712872,0.5981873111782477,432,331,101,384,1293,318,11,0
qwen2.5-vl-7b,qwen2.5-vl-7b,dash-b,Sphere-Traj-LSTM,supcon,Diag-kNN-tuned,test,test,pooled,8,passed,,0.35162481014315883,0.270726803117337,0.437760591801196,0.6564864945709072,0.5988535464257972,0.7095310788296414,0.35594107165936406,0.039603960396039604,0.7794561933534743,432,331,101,384,1293,318,11,0
qwen2.5-vl-7b,qwen2.5-vl-7b,dash-b,Sphere-Traj-LSTM,supcon,Diag-vMF,test,test,pooled,,passed,,0.3066075603440166,0.23178494457091672,0.39614193091548255,0.5229876461966438,0.4573733965185342,0.5908937758060876,0.3100619448850952,0.0594059405940594,0.9697885196374623,432,331,101,384,1293,318,11,0
qwen2.5-vl-7b,qwen2.5-vl-7b,dash-b,Sphere-Traj-LSTM,proxy_anchor,Diag-Classifier,test,test,pooled,,passed,,0.47336348342101664,0.3760680964062079,0.5805389608472963,0.7318955460500733,0.6724891537489196,0.789113655768511,0.47798258460000903,0.0297029702970297,0.7009063444108762,432,331,101,384,1293,318,11,0
qwen2.5-vl-7b,qwen2.5-vl-7b,dash-b,Sphere-Traj-LSTM,proxy_anchor,Diag-kNN-tuned,test,test,pooled,32,passed,,0.25333343646119444,0.1956316004120899,0.32524879103558735,0.5058478657533427,0.44516573724827846,0.5656811727257611,0.2570431753060999,0.019801980198019802,0.8368580060422961,432,331,101,384,1293,318,11,0
qwen2.5-vl-7b,qwen2.5-vl-7b,dash-b,Sphere-Traj-LSTM,proxy_anchor,Diag-vMF,test,test,pooled,,passed,,0.2851190607331805,0.22548976830063827,0.3633511312145746,0.5867308785259191,0.5221176349605896,0.6516049986280035,0.29212531164605793,0.019801980198019802,0.9003021148036254,432,331,101,384,1293,318,11,0
