model_alias,objective,selected_k,selected_on,selection_metric,selection_pr_auc,selection_roc_auc,num_bank_correct,metric_status,dataset_family,split,metric_split,readout,k,bank_size,pr_auc,roc_auc
llava-onevision-qwen2-7b-ov-hf,bce,,,,,,1545,passed,repope,cal,cal,Diag-kNN-tuned,1,1545,0.42073175576774363,0.9732258064516129
llava-onevision-qwen2-7b-ov-hf,bce,,,,,,1545,passed,repope,cal,cal,Diag-kNN-tuned,2,1545,0.4093255533048479,0.9722580645161291
llava-onevision-qwen2-7b-ov-hf,bce,,,,,,1545,passed,repope,cal,cal,Diag-kNN-tuned,4,1545,0.4131792287263013,0.9712903225806452
llava-onevision-qwen2-7b-ov-hf,bce,,,,,,1545,passed,repope,cal,cal,Diag-kNN-tuned,8,1545,0.5010134634583754,0.9725268817204301
llava-onevision-qwen2-7b-ov-hf,bce,,,,,,1545,passed,repope,cal,cal,Diag-kNN-tuned,16,1545,0.5276868606514103,0.9731720430107527
llava-onevision-qwen2-7b-ov-hf,bce,,,,,,1545,passed,repope,cal,cal,Diag-kNN-tuned,32,1545,0.5786431457046308,0.9772580645161291
llava-onevision-qwen2-7b-ov-hf,supcon,,,,,,1545,passed,repope,cal,cal,Diag-kNN-tuned,1,1545,0.2525943642648521,0.8884946236559139
llava-onevision-qwen2-7b-ov-hf,supcon,,,,,,1545,passed,repope,cal,cal,Diag-kNN-tuned,2,1545,0.26147196457628047,0.8905913978494624
llava-onevision-qwen2-7b-ov-hf,supcon,,,,,,1545,passed,repope,cal,cal,Diag-kNN-tuned,4,1545,0.27232191094202196,0.9111290322580645
llava-onevision-qwen2-7b-ov-hf,supcon,,,,,,1545,passed,repope,cal,cal,Diag-kNN-tuned,8,1545,0.34524939176487657,0.9400537634408601
llava-onevision-qwen2-7b-ov-hf,supcon,,,,,,1545,passed,repope,cal,cal,Diag-kNN-tuned,16,1545,0.43398243889369803,0.9431182795698925
llava-onevision-qwen2-7b-ov-hf,supcon,,,,,,1545,passed,repope,cal,cal,Diag-kNN-tuned,32,1545,0.5149162813040392,0.9517204301075268
llava-onevision-qwen2-7b-ov-hf,proxy_anchor,,,,,,1545,passed,repope,cal,cal,Diag-kNN-tuned,1,1545,0.3335140960460806,0.9581182795698926
llava-onevision-qwen2-7b-ov-hf,proxy_anchor,,,,,,1545,passed,repope,cal,cal,Diag-kNN-tuned,2,1545,0.3299749629385411,0.9566129032258066
llava-onevision-qwen2-7b-ov-hf,proxy_anchor,,,,,,1545,passed,repope,cal,cal,Diag-kNN-tuned,4,1545,0.475581744010952,0.9687096774193549
llava-onevision-qwen2-7b-ov-hf,proxy_anchor,,,,,,1545,passed,repope,cal,cal,Diag-kNN-tuned,8,1545,0.4788407512885855,0.9708064516129032
llava-onevision-qwen2-7b-ov-hf,proxy_anchor,,,,,,1545,passed,repope,cal,cal,Diag-kNN-tuned,16,1545,0.5430813079806173,0.9737096774193549
llava-onevision-qwen2-7b-ov-hf,proxy_anchor,,,,,,1545,passed,repope,cal,cal,Diag-kNN-tuned,32,1545,0.5426237851675975,0.9764516129032259
qwen3-vl-8b,bce,,,,,,1542,passed,repope,cal,cal,Diag-kNN-tuned,1,1542,0.07576492066735238,0.8583333333333333
qwen3-vl-8b,bce,,,,,,1542,passed,repope,cal,cal,Diag-kNN-tuned,2,1542,0.07558186622424189,0.8577564102564103
qwen3-vl-8b,bce,,,,,,1542,passed,repope,cal,cal,Diag-kNN-tuned,4,1542,0.07520170284135984,0.8576282051282051
qwen3-vl-8b,bce,,,,,,1542,passed,repope,cal,cal,Diag-kNN-tuned,8,1542,0.07145939534962534,0.8497435897435898
qwen3-vl-8b,bce,,,,,,1542,passed,repope,cal,cal,Diag-kNN-tuned,16,1542,0.07433022121395,0.8576923076923078
qwen3-vl-8b,bce,,,,,,1542,passed,repope,cal,cal,Diag-kNN-tuned,32,1542,0.0803186095799357,0.868974358974359
qwen3-vl-8b,supcon,,,,,,1542,passed,repope,cal,cal,Diag-kNN-tuned,1,1542,0.4801870416682701,0.9048717948717949
qwen3-vl-8b,supcon,,,,,,1542,passed,repope,cal,cal,Diag-kNN-tuned,2,1542,0.4787746456605856,0.9162179487179487
qwen3-vl-8b,supcon,,,,,,1542,passed,repope,cal,cal,Diag-kNN-tuned,4,1542,0.45977497827452485,0.9260897435897435
qwen3-vl-8b,supcon,,,,,,1542,passed,repope,cal,cal,Diag-kNN-tuned,8,1542,0.5632276128673338,0.9478205128205128
qwen3-vl-8b,supcon,,,,,,1542,passed,repope,cal,cal,Diag-kNN-tuned,16,1542,0.6766831123974592,0.9716025641025641
qwen3-vl-8b,supcon,,,,,,1542,passed,repope,cal,cal,Diag-kNN-tuned,32,1542,0.8424314298384677,0.9878205128205129
qwen3-vl-8b,proxy_anchor,,,,,,1542,passed,repope,cal,cal,Diag-kNN-tuned,1,1542,0.7134777354954609,0.974551282051282
qwen3-vl-8b,proxy_anchor,,,,,,1542,passed,repope,cal,cal,Diag-kNN-tuned,2,1542,0.6954126247315956,0.9723717948717949
qwen3-vl-8b,proxy_anchor,,,,,,1542,passed,repope,cal,cal,Diag-kNN-tuned,4,1542,0.7221977926927848,0.9762179487179488
qwen3-vl-8b,proxy_anchor,,,,,,1542,passed,repope,cal,cal,Diag-kNN-tuned,8,1542,0.7156767912244373,0.9782051282051282
qwen3-vl-8b,proxy_anchor,,,,,,1542,passed,repope,cal,cal,Diag-kNN-tuned,16,1542,0.7659632178177369,0.9830769230769231
qwen3-vl-8b,proxy_anchor,,,,,,1542,passed,repope,cal,cal,Diag-kNN-tuned,32,1542,0.8357620723931866,0.9877564102564103
internvl3.5-8b,bce,,,,,,1496,passed,repope,cal,cal,Diag-kNN-tuned,1,1496,0.11712975559062591,0.7145393179626545
internvl3.5-8b,bce,,,,,,1496,passed,repope,cal,cal,Diag-kNN-tuned,2,1496,0.11954813249017472,0.720106075216972
internvl3.5-8b,bce,,,,,,1496,passed,repope,cal,cal,Diag-kNN-tuned,4,1496,0.11782019736179264,0.7162707109669502
internvl3.5-8b,bce,,,,,,1496,passed,repope,cal,cal,Diag-kNN-tuned,8,1496,0.11439657374568718,0.7108135355483475
internvl3.5-8b,bce,,,,,,1496,passed,repope,cal,cal,Diag-kNN-tuned,16,1496,0.11196418229475047,0.7108573682826335
internvl3.5-8b,bce,,,,,,1496,passed,repope,cal,cal,Diag-kNN-tuned,32,1496,0.123986312795918,0.7455509774699745
internvl3.5-8b,supcon,,,,,,1496,passed,repope,cal,cal,Diag-kNN-tuned,1,1496,0.7190914462434037,0.9653940562812309
internvl3.5-8b,supcon,,,,,,1496,passed,repope,cal,cal,Diag-kNN-tuned,2,1496,0.7565786080074701,0.9741386867712808
internvl3.5-8b,supcon,,,,,,1496,passed,repope,cal,cal,Diag-kNN-tuned,4,1496,0.7502434494854392,0.9738318576312791
internvl3.5-8b,supcon,,,,,,1496,passed,repope,cal,cal,Diag-kNN-tuned,8,1496,0.7580981924635135,0.9754975015341457
internvl3.5-8b,supcon,,,,,,1496,passed,repope,cal,cal,Diag-kNN-tuned,16,1496,0.7414952590621666,0.9730647847812746
internvl3.5-8b,supcon,,,,,,1496,passed,repope,cal,cal,Diag-kNN-tuned,32,1496,0.7713495912096074,0.9741606031384238
internvl3.5-8b,proxy_anchor,,,,,,1496,passed,repope,cal,cal,Diag-kNN-tuned,1,1496,0.34833988769758784,0.8378627158762163
internvl3.5-8b,proxy_anchor,,,,,,1496,passed,repope,cal,cal,Diag-kNN-tuned,2,1496,0.3526459010290565,0.845906022617691
internvl3.5-8b,proxy_anchor,,,,,,1496,passed,repope,cal,cal,Diag-kNN-tuned,4,1496,0.41559971282684693,0.8610063995792059
internvl3.5-8b,proxy_anchor,,,,,,1496,passed,repope,cal,cal,Diag-kNN-tuned,8,1496,0.5598533420212327,0.9125098623652144
internvl3.5-8b,proxy_anchor,,,,,,1496,passed,repope,cal,cal,Diag-kNN-tuned,16,1496,0.6905581968821359,0.9449241693696853
internvl3.5-8b,proxy_anchor,,,,,,1496,passed,repope,cal,cal,Diag-kNN-tuned,32,1496,0.7812891885953654,0.9699307442798281
minicpm-v-2_6,bce,,,,,,1529,passed,repope,cal,cal,Diag-kNN-tuned,1,1529,0.02359655495853069,0.7070379965457686
minicpm-v-2_6,bce,,,,,,1529,passed,repope,cal,cal,Diag-kNN-tuned,2,1529,0.022809110133592356,0.6966753022452505
minicpm-v-2_6,bce,,,,,,1529,passed,repope,cal,cal,Diag-kNN-tuned,4,1529,0.020671065645174718,0.6645077720207253
minicpm-v-2_6,bce,,,,,,1529,passed,repope,cal,cal,Diag-kNN-tuned,8,1529,0.018296948558660826,0.6215457685664939
minicpm-v-2_6,bce,,,,,,1529,passed,repope,cal,cal,Diag-kNN-tuned,16,1529,0.018086025009448354,0.6138816925734025
minicpm-v-2_6,bce,,,,,,1529,passed,repope,cal,cal,Diag-kNN-tuned,32,1529,0.019448243447543097,0.6394645941278065
minicpm-v-2_6,supcon,,,,,,1529,passed,repope,cal,cal,Diag-kNN-tuned,1,1529,0.026686244195380952,0.7425518134715026
minicpm-v-2_6,supcon,,,,,,1529,passed,repope,cal,cal,Diag-kNN-tuned,2,1529,0.026114217356893142,0.7352115716753023
minicpm-v-2_6,supcon,,,,,,1529,passed,repope,cal,cal,Diag-kNN-tuned,4,1529,0.03240063577606135,0.7825993091537133
minicpm-v-2_6,supcon,,,,,,1529,passed,repope,cal,cal,Diag-kNN-tuned,8,1529,0.03900147062549051,0.8219991364421416
minicpm-v-2_6,supcon,,,,,,1529,passed,repope,cal,cal,Diag-kNN-tuned,16,1529,0.04340955829431975,0.8243739205526771
minicpm-v-2_6,supcon,,,,,,1529,passed,repope,cal,cal,Diag-kNN-tuned,32,1529,0.058012067279523086,0.8250215889464594
minicpm-v-2_6,proxy_anchor,,,,,,1529,passed,repope,cal,cal,Diag-kNN-tuned,1,1529,0.044738436781042314,0.7815198618307426
minicpm-v-2_6,proxy_anchor,,,,,,1529,passed,repope,cal,cal,Diag-kNN-tuned,2,1529,0.043001834544500406,0.7680267702936097
minicpm-v-2_6,proxy_anchor,,,,,,1529,passed,repope,cal,cal,Diag-kNN-tuned,4,1529,0.04186490985957721,0.7908031088082902
minicpm-v-2_6,proxy_anchor,,,,,,1529,passed,repope,cal,cal,Diag-kNN-tuned,8,1529,0.039313637596237044,0.8069948186528497
minicpm-v-2_6,proxy_anchor,,,,,,1529,passed,repope,cal,cal,Diag-kNN-tuned,16,1529,0.04014117416014587,0.8303108808290156
minicpm-v-2_6,proxy_anchor,,,,,,1529,passed,repope,cal,cal,Diag-kNN-tuned,32,1529,0.0664716205408303,0.8954015544041452
gemma-3-12b-it,bce,,,,,,1443,passed,repope,cal,cal,Diag-kNN-tuned,1,1443,0.24702660435933899,0.8436795560950234
gemma-3-12b-it,bce,,,,,,1443,passed,repope,cal,cal,Diag-kNN-tuned,2,1443,0.25179398547863396,0.8442864574302062
gemma-3-12b-it,bce,,,,,,1443,passed,repope,cal,cal,Diag-kNN-tuned,4,1443,0.24106931396926698,0.8415467314028091
gemma-3-12b-it,bce,,,,,,1443,passed,repope,cal,cal,Diag-kNN-tuned,8,1443,0.23502315381438244,0.842327033119473
gemma-3-12b-it,bce,,,,,,1443,passed,repope,cal,cal,Diag-kNN-tuned,16,1443,0.24332916507338676,0.8510317322698111
gemma-3-12b-it,bce,,,,,,1443,passed,repope,cal,cal,Diag-kNN-tuned,32,1443,0.2887584484807294,0.8788451534593376
gemma-3-12b-it,supcon,,,,,,1443,passed,repope,cal,cal,Diag-kNN-tuned,1,1443,0.6856921747990827,0.9572741460031212
gemma-3-12b-it,supcon,,,,,,1443,passed,repope,cal,cal,Diag-kNN-tuned,2,1443,0.6820087136724218,0.956840645049419
gemma-3-12b-it,supcon,,,,,,1443,passed,repope,cal,cal,Diag-kNN-tuned,4,1443,0.7252716225315187,0.9581584879486735
gemma-3-12b-it,supcon,,,,,,1443,passed,repope,cal,cal,Diag-kNN-tuned,8,1443,0.7454763935305125,0.961973296341252
gemma-3-12b-it,supcon,,,,,,1443,passed,repope,cal,cal,Diag-kNN-tuned,16,1443,0.7542217411654151,0.9632044390497659
gemma-3-12b-it,supcon,,,,,,1443,passed,repope,cal,cal,Diag-kNN-tuned,32,1443,0.789010725759058,0.96859719091382
gemma-3-12b-it,proxy_anchor,,,,,,1443,passed,repope,cal,cal,Diag-kNN-tuned,1,1443,0.23808233821989394,0.7123981272758799
gemma-3-12b-it,proxy_anchor,,,,,,1443,passed,repope,cal,cal,Diag-kNN-tuned,2,1443,0.22500210407460272,0.6970868735911219
gemma-3-12b-it,proxy_anchor,,,,,,1443,passed,repope,cal,cal,Diag-kNN-tuned,4,1443,0.23611708215874416,0.7158487948673486
gemma-3-12b-it,proxy_anchor,,,,,,1443,passed,repope,cal,cal,Diag-kNN-tuned,8,1443,0.2773094902395151,0.763412519507543
gemma-3-12b-it,proxy_anchor,,,,,,1443,passed,repope,cal,cal,Diag-kNN-tuned,16,1443,0.3287867275259724,0.7955956303103868
gemma-3-12b-it,proxy_anchor,,,,,,1443,passed,repope,cal,cal,Diag-kNN-tuned,32,1443,0.34897830107008143,0.8168891971562338
gemma-4-12b-it,bce,,,,,,1138,passed,repope,cal,cal,Diag-kNN-tuned,1,1138,0.03839724794291593,0.7830776605944392
gemma-4-12b-it,bce,,,,,,1138,passed,repope,cal,cal,Diag-kNN-tuned,2,1138,0.038336754072307334,0.7818791946308725
gemma-4-12b-it,bce,,,,,,1138,passed,repope,cal,cal,Diag-kNN-tuned,4,1138,0.03481780191419548,0.7864333652924257
gemma-4-12b-it,bce,,,,,,1138,passed,repope,cal,cal,Diag-kNN-tuned,8,1138,0.03590971343264277,0.8149568552253116
gemma-4-12b-it,bce,,,,,,1138,passed,repope,cal,cal,Diag-kNN-tuned,16,1138,0.03764243974173181,0.8286193672099712
gemma-4-12b-it,bce,,,,,,1138,passed,repope,cal,cal,Diag-kNN-tuned,32,1138,0.041151715322449045,0.8530680728667306
gemma-4-12b-it,supcon,,,,,,1138,passed,repope,cal,cal,Diag-kNN-tuned,1,1138,0.33907466734467173,0.8933365292425695
gemma-4-12b-it,supcon,,,,,,1138,passed,repope,cal,cal,Diag-kNN-tuned,2,1138,0.3351855742282476,0.8904602109300096
gemma-4-12b-it,supcon,,,,,,1138,passed,repope,cal,cal,Diag-kNN-tuned,4,1138,0.3271715785122731,0.8720038350910834
gemma-4-12b-it,supcon,,,,,,1138,passed,repope,cal,cal,Diag-kNN-tuned,8,1138,0.32006183162111707,0.8458772770853308
gemma-4-12b-it,supcon,,,,,,1138,passed,repope,cal,cal,Diag-kNN-tuned,16,1138,0.3253240967275103,0.8080057526366251
gemma-4-12b-it,supcon,,,,,,1138,passed,repope,cal,cal,Diag-kNN-tuned,32,1138,0.3426557274233053,0.7914669223394055
gemma-4-12b-it,proxy_anchor,,,,,,1138,passed,repope,cal,cal,Diag-kNN-tuned,1,1138,0.24056089371529843,0.8027325023969318
gemma-4-12b-it,proxy_anchor,,,,,,1138,passed,repope,cal,cal,Diag-kNN-tuned,2,1138,0.34768503675360074,0.8024928092042185
gemma-4-12b-it,proxy_anchor,,,,,,1138,passed,repope,cal,cal,Diag-kNN-tuned,4,1138,0.3710268840206323,0.8154362416107382
gemma-4-12b-it,proxy_anchor,,,,,,1138,passed,repope,cal,cal,Diag-kNN-tuned,8,1138,0.32250228290149097,0.8391658676893576
gemma-4-12b-it,proxy_anchor,,,,,,1138,passed,repope,cal,cal,Diag-kNN-tuned,16,1138,0.2624380408077209,0.8506711409395973
gemma-4-12b-it,proxy_anchor,,,,,,1138,passed,repope,cal,cal,Diag-kNN-tuned,32,1138,0.25871315261370803,0.8681687440076702
qwen3.5-4b,bce,,,,,,1548,passed,repope,cal,cal,Diag-kNN-tuned,1,1548,0.016770812414993744,0.7000279173646008
qwen3.5-4b,bce,,,,,,1548,passed,repope,cal,cal,Diag-kNN-tuned,2,1548,0.01673825429036265,0.6994695700725851
qwen3.5-4b,bce,,,,,,1548,passed,repope,cal,cal,Diag-kNN-tuned,4,1548,0.016360480678980147,0.6950027917364601
qwen3.5-4b,bce,,,,,,1548,passed,repope,cal,cal,Diag-kNN-tuned,8,1548,0.015820269079935168,0.6832774986041318
qwen3.5-4b,bce,,,,,,1548,passed,repope,cal,cal,Diag-kNN-tuned,16,1548,0.014873950573342402,0.6627582356225572
qwen3.5-4b,bce,,,,,,1548,passed,repope,cal,cal,Diag-kNN-tuned,32,1548,0.013891222086165925,0.6362367392518146
qwen3.5-4b,supcon,,,,,,1548,passed,repope,cal,cal,Diag-kNN-tuned,1,1548,0.06097548459614856,0.6762981574539364
qwen3.5-4b,supcon,,,,,,1548,passed,repope,cal,cal,Diag-kNN-tuned,2,1548,0.05991152242415745,0.6594081518704634
qwen3.5-4b,supcon,,,,,,1548,passed,repope,cal,cal,Diag-kNN-tuned,4,1548,0.052318014269460436,0.6684812953657174
qwen3.5-4b,supcon,,,,,,1548,passed,repope,cal,cal,Diag-kNN-tuned,8,1548,0.036826868393852144,0.7191513121161363
qwen3.5-4b,supcon,,,,,,1548,passed,repope,cal,cal,Diag-kNN-tuned,16,1548,0.03344341626205643,0.7505583472920156
qwen3.5-4b,supcon,,,,,,1548,passed,repope,cal,cal,Diag-kNN-tuned,32,1548,0.031713149937903556,0.7537688442211056
qwen3.5-4b,proxy_anchor,,,,,,1548,passed,repope,cal,cal,Diag-kNN-tuned,1,1548,0.09093749577548282,0.9316024567280848
qwen3.5-4b,proxy_anchor,,,,,,1548,passed,repope,cal,cal,Diag-kNN-tuned,2,1548,0.1309312344949463,0.9362088218872139
qwen3.5-4b,proxy_anchor,,,,,,1548,passed,repope,cal,cal,Diag-kNN-tuned,4,1548,0.13700212952855664,0.942071468453378
qwen3.5-4b,proxy_anchor,,,,,,1548,passed,repope,cal,cal,Diag-kNN-tuned,8,1548,0.17432211529673886,0.9431881630374093
qwen3.5-4b,proxy_anchor,,,,,,1548,passed,repope,cal,cal,Diag-kNN-tuned,16,1548,0.185503797913042,0.9459798994974875
qwen3.5-4b,proxy_anchor,,,,,,1548,passed,repope,cal,cal,Diag-kNN-tuned,32,1548,0.18786795988544788,0.9540759352317141
qwen3.5-9b,bce,,,,,,1554,passed,repope,cal,cal,Diag-kNN-tuned,1,1554,0.1382617759652302,0.9197823303457107
qwen3.5-9b,bce,,,,,,1554,passed,repope,cal,cal,Diag-kNN-tuned,2,1554,0.14383698166709358,0.9240076824583866
qwen3.5-9b,bce,,,,,,1554,passed,repope,cal,cal,Diag-kNN-tuned,4,1554,0.14518326312012528,0.9313060179257363
qwen3.5-9b,bce,,,,,,1554,passed,repope,cal,cal,Diag-kNN-tuned,8,1554,0.15630899303299023,0.9386683738796415
qwen3.5-9b,bce,,,,,,1554,passed,repope,cal,cal,Diag-kNN-tuned,16,1554,0.17360379177962149,0.9458386683738796
qwen3.5-9b,bce,,,,,,1554,passed,repope,cal,cal,Diag-kNN-tuned,32,1554,0.19107839412854724,0.9516645326504481
qwen3.5-9b,supcon,,,,,,1554,passed,repope,cal,cal,Diag-kNN-tuned,1,1554,0.20789299861511712,0.7683738796414853
qwen3.5-9b,supcon,,,,,,1554,passed,repope,cal,cal,Diag-kNN-tuned,2,1554,0.2059014866917038,0.7533290653008963
qwen3.5-9b,supcon,,,,,,1554,passed,repope,cal,cal,Diag-kNN-tuned,4,1554,0.20070282380438842,0.7453905249679897
qwen3.5-9b,supcon,,,,,,1554,passed,repope,cal,cal,Diag-kNN-tuned,8,1554,0.20126604608684934,0.7594750320102432
qwen3.5-9b,supcon,,,,,,1554,passed,repope,cal,cal,Diag-kNN-tuned,16,1554,0.20928955136862964,0.8145326504481434
qwen3.5-9b,supcon,,,,,,1554,passed,repope,cal,cal,Diag-kNN-tuned,32,1554,0.20453405044510903,0.8110115236875799
qwen3.5-9b,proxy_anchor,,,,,,1554,passed,repope,cal,cal,Diag-kNN-tuned,1,1554,0.5296023332716574,0.9631882202304738
qwen3.5-9b,proxy_anchor,,,,,,1554,passed,repope,cal,cal,Diag-kNN-tuned,2,1554,0.5452968564016342,0.9632522407170294
qwen3.5-9b,proxy_anchor,,,,,,1554,passed,repope,cal,cal,Diag-kNN-tuned,4,1554,0.5492337462458854,0.9716389244558259
qwen3.5-9b,proxy_anchor,,,,,,1554,passed,repope,cal,cal,Diag-kNN-tuned,8,1554,0.5453420706027948,0.9765044814340589
qwen3.5-9b,proxy_anchor,,,,,,1554,passed,repope,cal,cal,Diag-kNN-tuned,16,1554,0.534987741305747,0.9805377720870679
qwen3.5-9b,proxy_anchor,,,,,,1554,passed,repope,cal,cal,Diag-kNN-tuned,32,1554,0.6037690789486135,0.9827144686299616
phi-4-multimodal-instruct,bce,,,,,,1496,passed,repope,cal,cal,Diag-kNN-tuned,1,1496,0.1246769335821189,0.8968970814132105
phi-4-multimodal-instruct,bce,,,,,,1496,passed,repope,cal,cal,Diag-kNN-tuned,2,1496,0.13410615589644442,0.8997235023041474
phi-4-multimodal-instruct,bce,,,,,,1496,passed,repope,cal,cal,Diag-kNN-tuned,4,1496,0.12566919073051552,0.900768049155146
phi-4-multimodal-instruct,bce,,,,,,1496,passed,repope,cal,cal,Diag-kNN-tuned,8,1496,0.13621182774335222,0.9100460829493087
phi-4-multimodal-instruct,bce,,,,,,1496,passed,repope,cal,cal,Diag-kNN-tuned,16,1496,0.14213560829473018,0.911705069124424
phi-4-multimodal-instruct,bce,,,,,,1496,passed,repope,cal,cal,Diag-kNN-tuned,32,1496,0.14271777548881237,0.909800307219662
phi-4-multimodal-instruct,supcon,,,,,,1496,passed,repope,cal,cal,Diag-kNN-tuned,1,1496,0.07526370774961401,0.7633794162826422
phi-4-multimodal-instruct,supcon,,,,,,1496,passed,repope,cal,cal,Diag-kNN-tuned,2,1496,0.08919739561203974,0.7693394777265744
phi-4-multimodal-instruct,supcon,,,,,,1496,passed,repope,cal,cal,Diag-kNN-tuned,4,1496,0.12425596415078191,0.7552073732718894
phi-4-multimodal-instruct,supcon,,,,,,1496,passed,repope,cal,cal,Diag-kNN-tuned,8,1496,0.12904078954431725,0.7404608294930874
phi-4-multimodal-instruct,supcon,,,,,,1496,passed,repope,cal,cal,Diag-kNN-tuned,16,1496,0.1053625369448591,0.7195698924731183
phi-4-multimodal-instruct,supcon,,,,,,1496,passed,repope,cal,cal,Diag-kNN-tuned,32,1496,0.08154332703340948,0.7188940092165899
phi-4-multimodal-instruct,proxy_anchor,,,,,,1496,passed,repope,cal,cal,Diag-kNN-tuned,1,1496,0.38324781996274365,0.8422119815668202
phi-4-multimodal-instruct,proxy_anchor,,,,,,1496,passed,repope,cal,cal,Diag-kNN-tuned,2,1496,0.3871370973638903,0.8547465437788018
phi-4-multimodal-instruct,proxy_anchor,,,,,,1496,passed,repope,cal,cal,Diag-kNN-tuned,4,1496,0.41512599909702547,0.8713978494623655
phi-4-multimodal-instruct,proxy_anchor,,,,,,1496,passed,repope,cal,cal,Diag-kNN-tuned,8,1496,0.42629960060608757,0.8908141321044547
phi-4-multimodal-instruct,proxy_anchor,,,,,,1496,passed,repope,cal,cal,Diag-kNN-tuned,16,1496,0.43077708282191535,0.9352380952380952
phi-4-multimodal-instruct,proxy_anchor,,,,,,1496,passed,repope,cal,cal,Diag-kNN-tuned,32,1496,0.5873613588327281,0.9544700460829493
phi-3.5-vision-instruct,bce,,,,,,1475,passed,repope,cal,cal,Diag-kNN-tuned,1,1475,0.20956843116617216,0.8617135207496653
phi-3.5-vision-instruct,bce,,,,,,1475,passed,repope,cal,cal,Diag-kNN-tuned,2,1475,0.14565331668657266,0.8600624721106649
phi-3.5-vision-instruct,bce,,,,,,1475,passed,repope,cal,cal,Diag-kNN-tuned,4,1475,0.13554804907062193,0.8647478804105311
phi-3.5-vision-instruct,bce,,,,,,1475,passed,repope,cal,cal,Diag-kNN-tuned,8,1475,0.12155469428082605,0.8661311914323963
phi-3.5-vision-instruct,bce,,,,,,1475,passed,repope,cal,cal,Diag-kNN-tuned,16,1475,0.12655543102637082,0.8681838464970995
phi-3.5-vision-instruct,bce,,,,,,1475,passed,repope,cal,cal,Diag-kNN-tuned,32,1475,0.13698803016019856,0.8825524319500223
phi-3.5-vision-instruct,supcon,,,,,,1475,passed,repope,cal,cal,Diag-kNN-tuned,1,1475,0.10789456983032863,0.7949576082106202
phi-3.5-vision-instruct,supcon,,,,,,1475,passed,repope,cal,cal,Diag-kNN-tuned,2,1475,0.1047029623164567,0.803525211958947
phi-3.5-vision-instruct,supcon,,,,,,1475,passed,repope,cal,cal,Diag-kNN-tuned,4,1475,0.10000898215910045,0.795136099955377
phi-3.5-vision-instruct,supcon,,,,,,1475,passed,repope,cal,cal,Diag-kNN-tuned,8,1475,0.09744614447040668,0.8049531459170013
phi-3.5-vision-instruct,supcon,,,,,,1475,passed,repope,cal,cal,Diag-kNN-tuned,16,1475,0.10664377986482025,0.8248103525211959
phi-3.5-vision-instruct,supcon,,,,,,1475,passed,repope,cal,cal,Diag-kNN-tuned,32,1475,0.11383449037415058,0.8402052655064703
phi-3.5-vision-instruct,proxy_anchor,,,,,,1475,passed,repope,cal,cal,Diag-kNN-tuned,1,1475,0.37681377583639103,0.9316376617581437
phi-3.5-vision-instruct,proxy_anchor,,,,,,1475,passed,repope,cal,cal,Diag-kNN-tuned,2,1475,0.3752346924091736,0.9333333333333333
phi-3.5-vision-instruct,proxy_anchor,,,,,,1475,passed,repope,cal,cal,Diag-kNN-tuned,4,1475,0.39444853411247865,0.934359660865685
phi-3.5-vision-instruct,proxy_anchor,,,,,,1475,passed,repope,cal,cal,Diag-kNN-tuned,8,1475,0.3942128104357491,0.9310129406514949
phi-3.5-vision-instruct,proxy_anchor,,,,,,1475,passed,repope,cal,cal,Diag-kNN-tuned,16,1475,0.4179516504228741,0.9263275323516287
phi-3.5-vision-instruct,proxy_anchor,,,,,,1475,passed,repope,cal,cal,Diag-kNN-tuned,32,1475,0.36556167659997996,0.9322623828647925
gemma-3-4b-it,bce,,,,,,1438,passed,repope,cal,cal,Diag-kNN-tuned,1,1438,0.1819013426973894,0.7945760829322472
gemma-3-4b-it,bce,,,,,,1438,passed,repope,cal,cal,Diag-kNN-tuned,2,1438,0.18580443347906145,0.8015364679748241
gemma-3-4b-it,bce,,,,,,1438,passed,repope,cal,cal,Diag-kNN-tuned,4,1438,0.18719875522673968,0.8053128470936689
gemma-3-4b-it,bce,,,,,,1438,passed,repope,cal,cal,Diag-kNN-tuned,8,1438,0.19871783145524663,0.8196964087375046
gemma-3-4b-it,bce,,,,,,1438,passed,repope,cal,cal,Diag-kNN-tuned,16,1438,0.20503328017527916,0.8284894483524621
gemma-3-4b-it,bce,,,,,,1438,passed,repope,cal,cal,Diag-kNN-tuned,32,1438,0.2133629974042727,0.8380784894483524
gemma-3-4b-it,supcon,,,,,,1438,passed,repope,cal,cal,Diag-kNN-tuned,1,1438,0.7164283368975611,0.9408552388004443
gemma-3-4b-it,supcon,,,,,,1438,passed,repope,cal,cal,Diag-kNN-tuned,2,1438,0.6975756204222596,0.9356349500185117
gemma-3-4b-it,supcon,,,,,,1438,passed,repope,cal,cal,Diag-kNN-tuned,4,1438,0.7024526026218895,0.9357460199925953
gemma-3-4b-it,supcon,,,,,,1438,passed,repope,cal,cal,Diag-kNN-tuned,8,1438,0.7372966723375055,0.9414846353202517
gemma-3-4b-it,supcon,,,,,,1438,passed,repope,cal,cal,Diag-kNN-tuned,16,1438,0.7587190415801691,0.9489448352462051
gemma-3-4b-it,supcon,,,,,,1438,passed,repope,cal,cal,Diag-kNN-tuned,32,1438,0.7736087856311055,0.9526656793780082
gemma-3-4b-it,proxy_anchor,,,,,,1438,passed,repope,cal,cal,Diag-kNN-tuned,1,1438,0.5248611629827584,0.9061643835616439
gemma-3-4b-it,proxy_anchor,,,,,,1438,passed,repope,cal,cal,Diag-kNN-tuned,2,1438,0.5027015531713875,0.8999814883376527
gemma-3-4b-it,proxy_anchor,,,,,,1438,passed,repope,cal,cal,Diag-kNN-tuned,4,1438,0.5134632459132265,0.8985005553498704
gemma-3-4b-it,proxy_anchor,,,,,,1438,passed,repope,cal,cal,Diag-kNN-tuned,8,1438,0.5170333969265731,0.894483524620511
gemma-3-4b-it,proxy_anchor,,,,,,1438,passed,repope,cal,cal,Diag-kNN-tuned,16,1438,0.5377038903363178,0.8963717141799334
gemma-3-4b-it,proxy_anchor,,,,,,1438,passed,repope,cal,cal,Diag-kNN-tuned,32,1438,0.563356068851326,0.9037948907811921
molmo-7b-d-0924,bce,,,,,,1513,passed,repope,cal,cal,Diag-kNN-tuned,1,1513,0.247142434468329,0.9302922455684074
molmo-7b-d-0924,bce,,,,,,1513,passed,repope,cal,cal,Diag-kNN-tuned,2,1513,0.24994655248477815,0.9302922455684074
molmo-7b-d-0924,bce,,,,,,1513,passed,repope,cal,cal,Diag-kNN-tuned,4,1513,0.2578806722728329,0.9338854287865307
molmo-7b-d-0924,bce,,,,,,1513,passed,repope,cal,cal,Diag-kNN-tuned,8,1513,0.26546735937081345,0.9369995209089043
molmo-7b-d-0924,bce,,,,,,1513,passed,repope,cal,cal,Diag-kNN-tuned,16,1513,0.2801696207396787,0.9397714051057423
molmo-7b-d-0924,bce,,,,,,1513,passed,repope,cal,cal,Diag-kNN-tuned,32,1513,0.28071936303755246,0.9402162754089385
molmo-7b-d-0924,supcon,,,,,,1513,passed,repope,cal,cal,Diag-kNN-tuned,1,1513,0.12028916261349801,0.7530627609335432
molmo-7b-d-0924,supcon,,,,,,1513,passed,repope,cal,cal,Diag-kNN-tuned,2,1513,0.12821798805882548,0.776332899869961
molmo-7b-d-0924,supcon,,,,,,1513,passed,repope,cal,cal,Diag-kNN-tuned,4,1513,0.13221738641990383,0.7907740743275614
molmo-7b-d-0924,supcon,,,,,,1513,passed,repope,cal,cal,Diag-kNN-tuned,8,1513,0.13822506402680235,0.8105194716309629
molmo-7b-d-0924,supcon,,,,,,1513,passed,repope,cal,cal,Diag-kNN-tuned,16,1513,0.1419613310111625,0.8320785709397029
molmo-7b-d-0924,supcon,,,,,,1513,passed,repope,cal,cal,Diag-kNN-tuned,32,1513,0.149123623643903,0.8510026692218191
molmo-7b-d-0924,proxy_anchor,,,,,,1513,passed,repope,cal,cal,Diag-kNN-tuned,1,1513,0.32907806575718646,0.9301211416056396
molmo-7b-d-0924,proxy_anchor,,,,,,1513,passed,repope,cal,cal,Diag-kNN-tuned,2,1513,0.35194538422390353,0.9321401683662994
molmo-7b-d-0924,proxy_anchor,,,,,,1513,passed,repope,cal,cal,Diag-kNN-tuned,4,1513,0.34415824305309434,0.9305317911162823
molmo-7b-d-0924,proxy_anchor,,,,,,1513,passed,repope,cal,cal,Diag-kNN-tuned,8,1513,0.3406259203730333,0.9301211416056396
molmo-7b-d-0924,proxy_anchor,,,,,,1513,passed,repope,cal,cal,Diag-kNN-tuned,16,1513,0.3666375321549615,0.9307713366641571
molmo-7b-d-0924,proxy_anchor,,,,,,1513,passed,repope,cal,cal,Diag-kNN-tuned,32,1513,0.40487542366087004,0.9358360139620834
minicpm-v-4_5,bce,,,,,,1530,passed,repope,cal,cal,Diag-kNN-tuned,1,1530,0.22280291555346796,0.9559932088285229
minicpm-v-4_5,bce,,,,,,1530,passed,repope,cal,cal,Diag-kNN-tuned,2,1530,0.2554108355796687,0.9598641765704583
minicpm-v-4_5,bce,,,,,,1530,passed,repope,cal,cal,Diag-kNN-tuned,4,1530,0.3417796437559115,0.9614940577249576
minicpm-v-4_5,bce,,,,,,1530,passed,repope,cal,cal,Diag-kNN-tuned,8,1530,0.3049776678401257,0.9573514431239389
minicpm-v-4_5,bce,,,,,,1530,passed,repope,cal,cal,Diag-kNN-tuned,16,1530,0.2967490807232202,0.9564006791171478
minicpm-v-4_5,bce,,,,,,1530,passed,repope,cal,cal,Diag-kNN-tuned,32,1530,0.29682080501582525,0.9576910016977929
minicpm-v-4_5,supcon,,,,,,1530,passed,repope,cal,cal,Diag-kNN-tuned,1,1530,0.2320125190299401,0.8757215619694396
minicpm-v-4_5,supcon,,,,,,1530,passed,repope,cal,cal,Diag-kNN-tuned,2,1530,0.23824273066901208,0.9001018675721562
minicpm-v-4_5,supcon,,,,,,1530,passed,repope,cal,cal,Diag-kNN-tuned,4,1530,0.240436609822173,0.9073005093378608
minicpm-v-4_5,supcon,,,,,,1530,passed,repope,cal,cal,Diag-kNN-tuned,8,1530,0.2893652906872801,0.9276061120543293
minicpm-v-4_5,supcon,,,,,,1530,passed,repope,cal,cal,Diag-kNN-tuned,16,1530,0.2821843793803726,0.9355517826825127
minicpm-v-4_5,supcon,,,,,,1530,passed,repope,cal,cal,Diag-kNN-tuned,32,1530,0.2698233636458422,0.9430899830220714
minicpm-v-4_5,proxy_anchor,,,,,,1530,passed,repope,cal,cal,Diag-kNN-tuned,1,1530,0.43835524973251344,0.9629881154499151
minicpm-v-4_5,proxy_anchor,,,,,,1530,passed,repope,cal,cal,Diag-kNN-tuned,2,1530,0.44830323859922305,0.9680135823429541
minicpm-v-4_5,proxy_anchor,,,,,,1530,passed,repope,cal,cal,Diag-kNN-tuned,4,1530,0.44027160316224573,0.9680135823429542
minicpm-v-4_5,proxy_anchor,,,,,,1530,passed,repope,cal,cal,Diag-kNN-tuned,8,1530,0.4593708981167653,0.9699830220713073
minicpm-v-4_5,proxy_anchor,,,,,,1530,passed,repope,cal,cal,Diag-kNN-tuned,16,1530,0.501236745255241,0.973106960950764
minicpm-v-4_5,proxy_anchor,,,,,,1530,passed,repope,cal,cal,Diag-kNN-tuned,32,1530,0.4193958581507668,0.9756876061120543
llava-v1.5-7b,bce,,,,,,1461,passed,repope,cal,cal,Diag-kNN-tuned,1,1461,0.21342727901188638,0.8883449696386059
llava-v1.5-7b,bce,,,,,,1461,passed,repope,cal,cal,Diag-kNN-tuned,2,1461,0.20881302961961895,0.8854827060428536
llava-v1.5-7b,bce,,,,,,1461,passed,repope,cal,cal,Diag-kNN-tuned,4,1461,0.20862484514122276,0.885589706551106
llava-v1.5-7b,bce,,,,,,1461,passed,repope,cal,cal,Diag-kNN-tuned,8,1461,0.2083634934850528,0.8856967070593585
llava-v1.5-7b,bce,,,,,,1461,passed,repope,cal,cal,Diag-kNN-tuned,16,1461,0.2058556749136869,0.8837439477837519
llava-v1.5-7b,bce,,,,,,1461,passed,repope,cal,cal,Diag-kNN-tuned,32,1461,0.20848917290831848,0.885295455153412
llava-v1.5-7b,supcon,,,,,,1461,passed,repope,cal,cal,Diag-kNN-tuned,1,1461,0.17804791131782147,0.6473263248000427
llava-v1.5-7b,supcon,,,,,,1461,passed,repope,cal,cal,Diag-kNN-tuned,2,1461,0.1935935869238673,0.6430730545970094
llava-v1.5-7b,supcon,,,,,,1461,passed,repope,cal,cal,Diag-kNN-tuned,4,1461,0.2052066111353656,0.6414680469732231
llava-v1.5-7b,supcon,,,,,,1461,passed,repope,cal,cal,Diag-kNN-tuned,8,1461,0.20550417630887466,0.6627343979883904
llava-v1.5-7b,supcon,,,,,,1461,passed,repope,cal,cal,Diag-kNN-tuned,16,1461,0.15603676954941886,0.6580263756252842
llava-v1.5-7b,supcon,,,,,,1461,passed,repope,cal,cal,Diag-kNN-tuned,32,1461,0.1571930356766682,0.6673086697161811
llava-v1.5-7b,proxy_anchor,,,,,,1461,passed,repope,cal,cal,Diag-kNN-tuned,1,1461,0.06310425659412665,0.5181499612123157
llava-v1.5-7b,proxy_anchor,,,,,,1461,passed,repope,cal,cal,Diag-kNN-tuned,2,1461,0.05863371727619575,0.4866650616590429
llava-v1.5-7b,proxy_anchor,,,,,,1461,passed,repope,cal,cal,Diag-kNN-tuned,4,1461,0.05771561048751543,0.48142203675467454
llava-v1.5-7b,proxy_anchor,,,,,,1461,passed,repope,cal,cal,Diag-kNN-tuned,8,1461,0.06582205973895533,0.5109274269052777
llava-v1.5-7b,proxy_anchor,,,,,,1461,passed,repope,cal,cal,Diag-kNN-tuned,16,1461,0.14150258330830057,0.5071556589893802
llava-v1.5-7b,proxy_anchor,,,,,,1461,passed,repope,cal,cal,Diag-kNN-tuned,32,1461,0.16903043566432496,0.529064013054062
qwen2.5-vl-7b,bce,,,,,,1531,passed,repope,cal,cal,Diag-kNN-tuned,1,1531,0.1048564846267443,0.9163686173046193
qwen2.5-vl-7b,bce,,,,,,1531,passed,repope,cal,cal,Diag-kNN-tuned,2,1531,0.10321033686059711,0.9146183699870635
qwen2.5-vl-7b,bce,,,,,,1531,passed,repope,cal,cal,Diag-kNN-tuned,4,1531,0.10447028099056282,0.9148466631154402
qwen2.5-vl-7b,bce,,,,,,1531,passed,repope,cal,cal,Diag-kNN-tuned,8,1531,0.09825681400818366,0.9094437257438552
qwen2.5-vl-7b,bce,,,,,,1531,passed,repope,cal,cal,Diag-kNN-tuned,16,1531,0.104103718134604,0.9157598356289476
qwen2.5-vl-7b,bce,,,,,,1531,passed,repope,cal,cal,Diag-kNN-tuned,32,1531,0.11543917012907758,0.9255003424396926
qwen2.5-vl-7b,supcon,,,,,,1531,passed,repope,cal,cal,Diag-kNN-tuned,1,1531,0.47460720762923214,0.8730690206224793
qwen2.5-vl-7b,supcon,,,,,,1531,passed,repope,cal,cal,Diag-kNN-tuned,2,1531,0.46890622503226015,0.8534358115820714
qwen2.5-vl-7b,supcon,,,,,,1531,passed,repope,cal,cal,Diag-kNN-tuned,4,1531,0.5912556265527892,0.8701012099535803
qwen2.5-vl-7b,supcon,,,,,,1531,passed,repope,cal,cal,Diag-kNN-tuned,8,1531,0.6836193601835898,0.8760368312913782
qwen2.5-vl-7b,supcon,,,,,,1531,passed,repope,cal,cal,Diag-kNN-tuned,16,1531,0.6282906606466608,0.8837987976561905
qwen2.5-vl-7b,supcon,,,,,,1531,passed,repope,cal,cal,Diag-kNN-tuned,32,1531,0.6110582644093169,0.911041777642493
qwen2.5-vl-7b,proxy_anchor,,,,,,1531,passed,repope,cal,cal,Diag-kNN-tuned,1,1531,0.6523886221580306,0.9725287268853208
qwen2.5-vl-7b,proxy_anchor,,,,,,1531,passed,repope,cal,cal,Diag-kNN-tuned,2,1531,0.621502554197157,0.9690282322502093
qwen2.5-vl-7b,proxy_anchor,,,,,,1531,passed,repope,cal,cal,Diag-kNN-tuned,4,1531,0.6071900707310709,0.973517997108287
qwen2.5-vl-7b,proxy_anchor,,,,,,1531,passed,repope,cal,cal,Diag-kNN-tuned,8,1531,0.5968317715570622,0.9717677497907313
qwen2.5-vl-7b,proxy_anchor,,,,,,1531,passed,repope,cal,cal,Diag-kNN-tuned,16,1531,0.6284325420357962,0.9718438475001903
qwen2.5-vl-7b,proxy_anchor,,,,,,1531,passed,repope,cal,cal,Diag-kNN-tuned,32,1531,0.6713923699748021,0.9633209040407884
