epoch,loss,model_alias,objective
1.0,0.7351035807001234,llava-onevision-qwen2-7b-ov-hf,bce
2.0,0.37626681493553493,llava-onevision-qwen2-7b-ov-hf,bce
3.0,0.4124225240845251,llava-onevision-qwen2-7b-ov-hf,bce
4.0,0.33708141063809305,llava-onevision-qwen2-7b-ov-hf,bce
5.0,0.3470042374475691,llava-onevision-qwen2-7b-ov-hf,bce
6.0,0.31289347850895144,llava-onevision-qwen2-7b-ov-hf,bce
7.0,0.31733082416105063,llava-onevision-qwen2-7b-ov-hf,bce
8.0,0.25011653132836126,llava-onevision-qwen2-7b-ov-hf,bce
9.0,0.20857300394519815,llava-onevision-qwen2-7b-ov-hf,bce
10.0,0.2253141182251284,llava-onevision-qwen2-7b-ov-hf,bce
11.0,0.23073755286857242,llava-onevision-qwen2-7b-ov-hf,bce
12.0,0.22842379915897384,llava-onevision-qwen2-7b-ov-hf,bce
13.0,0.25717859309015634,llava-onevision-qwen2-7b-ov-hf,bce
14.0,0.18292701733679737,llava-onevision-qwen2-7b-ov-hf,bce
15.0,0.2797361980064553,llava-onevision-qwen2-7b-ov-hf,bce
16.0,0.17582407516390516,llava-onevision-qwen2-7b-ov-hf,bce
17.0,0.18485452089523435,llava-onevision-qwen2-7b-ov-hf,bce
18.0,0.1784978150660974,llava-onevision-qwen2-7b-ov-hf,bce
19.0,0.13366004184462568,llava-onevision-qwen2-7b-ov-hf,bce
20.0,0.15352801957198878,llava-onevision-qwen2-7b-ov-hf,bce
1.0,5.512461413607072,llava-onevision-qwen2-7b-ov-hf,supcon
2.0,5.5102012104004645,llava-onevision-qwen2-7b-ov-hf,supcon
3.0,5.5073589825924385,llava-onevision-qwen2-7b-ov-hf,supcon
4.0,5.499688255009379,llava-onevision-qwen2-7b-ov-hf,supcon
5.0,5.4909113563599075,llava-onevision-qwen2-7b-ov-hf,supcon
6.0,5.5060042582060165,llava-onevision-qwen2-7b-ov-hf,supcon
7.0,5.517410002857094,llava-onevision-qwen2-7b-ov-hf,supcon
8.0,5.506193587294276,llava-onevision-qwen2-7b-ov-hf,supcon
9.0,5.491996176745363,llava-onevision-qwen2-7b-ov-hf,supcon
10.0,5.495164995738644,llava-onevision-qwen2-7b-ov-hf,supcon
1.0,12.723451626868188,llava-onevision-qwen2-7b-ov-hf,proxy_anchor
2.0,11.78475499255205,llava-onevision-qwen2-7b-ov-hf,proxy_anchor
3.0,11.178526983546899,llava-onevision-qwen2-7b-ov-hf,proxy_anchor
4.0,10.564477562694218,llava-onevision-qwen2-7b-ov-hf,proxy_anchor
5.0,10.040813870887497,llava-onevision-qwen2-7b-ov-hf,proxy_anchor
6.0,9.389099250419768,llava-onevision-qwen2-7b-ov-hf,proxy_anchor
7.0,10.686089121583906,llava-onevision-qwen2-7b-ov-hf,proxy_anchor
8.0,10.111656609724703,llava-onevision-qwen2-7b-ov-hf,proxy_anchor
9.0,8.53100765096664,llava-onevision-qwen2-7b-ov-hf,proxy_anchor
10.0,11.62705299782831,llava-onevision-qwen2-7b-ov-hf,proxy_anchor
11.0,10.481856176577597,llava-onevision-qwen2-7b-ov-hf,proxy_anchor
12.0,8.35302177948905,llava-onevision-qwen2-7b-ov-hf,proxy_anchor
13.0,7.161228858623058,llava-onevision-qwen2-7b-ov-hf,proxy_anchor
14.0,8.431016515646794,llava-onevision-qwen2-7b-ov-hf,proxy_anchor
15.0,7.423826523975112,llava-onevision-qwen2-7b-ov-hf,proxy_anchor
16.0,5.26360881151465,llava-onevision-qwen2-7b-ov-hf,proxy_anchor
17.0,5.020157477021728,llava-onevision-qwen2-7b-ov-hf,proxy_anchor
18.0,4.837936383820517,llava-onevision-qwen2-7b-ov-hf,proxy_anchor
19.0,4.616311562988927,llava-onevision-qwen2-7b-ov-hf,proxy_anchor
20.0,5.241741632790807,llava-onevision-qwen2-7b-ov-hf,proxy_anchor
1.0,0.9434060219544262,qwen3-vl-8b,bce
2.0,0.551058897540797,qwen3-vl-8b,bce
3.0,0.44768571272567287,qwen3-vl-8b,bce
4.0,0.414891669094263,qwen3-vl-8b,bce
5.0,0.44120831336058564,qwen3-vl-8b,bce
6.0,0.4163884403118536,qwen3-vl-8b,bce
7.0,0.37625114222866807,qwen3-vl-8b,bce
8.0,0.38282219992211114,qwen3-vl-8b,bce
9.0,0.39059477822864475,qwen3-vl-8b,bce
10.0,0.39455699956596796,qwen3-vl-8b,bce
11.0,0.39408873327113875,qwen3-vl-8b,bce
12.0,0.317543138571589,qwen3-vl-8b,bce
13.0,0.3014538063475834,qwen3-vl-8b,bce
14.0,0.4643079518073767,qwen3-vl-8b,bce
15.0,0.3890043711242963,qwen3-vl-8b,bce
16.0,0.30498552990693545,qwen3-vl-8b,bce
17.0,0.37904879016539633,qwen3-vl-8b,bce
18.0,0.3187910621489712,qwen3-vl-8b,bce
1.0,5.51128227051778,qwen3-vl-8b,supcon
2.0,5.50718752415336,qwen3-vl-8b,supcon
3.0,5.49894400313871,qwen3-vl-8b,supcon
4.0,5.4977722786179735,qwen3-vl-8b,supcon
5.0,5.490799516649102,qwen3-vl-8b,supcon
6.0,5.498686055801621,qwen3-vl-8b,supcon
7.0,5.518549014815134,qwen3-vl-8b,supcon
8.0,5.509753910141375,qwen3-vl-8b,supcon
9.0,5.499846852844085,qwen3-vl-8b,supcon
10.0,5.497651589935149,qwen3-vl-8b,supcon
1.0,12.791494127014774,qwen3-vl-8b,proxy_anchor
2.0,12.15896128553841,qwen3-vl-8b,proxy_anchor
3.0,11.750990220649758,qwen3-vl-8b,proxy_anchor
4.0,11.743878809291514,qwen3-vl-8b,proxy_anchor
5.0,11.16149415442692,qwen3-vl-8b,proxy_anchor
6.0,11.376521993282452,qwen3-vl-8b,proxy_anchor
7.0,10.962434408293298,qwen3-vl-8b,proxy_anchor
8.0,10.723705914751369,qwen3-vl-8b,proxy_anchor
9.0,10.465106703408399,qwen3-vl-8b,proxy_anchor
10.0,10.565755739643347,qwen3-vl-8b,proxy_anchor
11.0,9.831193268359007,qwen3-vl-8b,proxy_anchor
12.0,10.532384211094536,qwen3-vl-8b,proxy_anchor
13.0,10.166358558137214,qwen3-vl-8b,proxy_anchor
14.0,10.250704064680704,qwen3-vl-8b,proxy_anchor
15.0,9.22755487288662,qwen3-vl-8b,proxy_anchor
16.0,9.214180025263648,qwen3-vl-8b,proxy_anchor
17.0,8.77904822431018,qwen3-vl-8b,proxy_anchor
18.0,10.180183954095122,qwen3-vl-8b,proxy_anchor
19.0,9.17788908972812,qwen3-vl-8b,proxy_anchor
20.0,12.24797812131182,qwen3-vl-8b,proxy_anchor
1.0,0.7976015190534207,internvl3.5-8b,bce
2.0,0.5180302877896377,internvl3.5-8b,bce
3.0,0.5102970793352832,internvl3.5-8b,bce
4.0,0.4626516001010938,internvl3.5-8b,bce
5.0,0.45104098700556655,internvl3.5-8b,bce
6.0,0.4376819705910035,internvl3.5-8b,bce
7.0,0.3957552665149006,internvl3.5-8b,bce
8.0,0.39669922649845635,internvl3.5-8b,bce
9.0,0.36254651341158634,internvl3.5-8b,bce
10.0,0.393576938256094,internvl3.5-8b,bce
11.0,0.34958819380876777,internvl3.5-8b,bce
12.0,0.29719887629973657,internvl3.5-8b,bce
13.0,0.3203638153327216,internvl3.5-8b,bce
14.0,0.2886909135045524,internvl3.5-8b,bce
15.0,0.23420666111736893,internvl3.5-8b,bce
16.0,0.28349248792785314,internvl3.5-8b,bce
17.0,0.24903159783459394,internvl3.5-8b,bce
18.0,0.2930929821793085,internvl3.5-8b,bce
19.0,0.2576393669812699,internvl3.5-8b,bce
20.0,0.2396652121645364,internvl3.5-8b,bce
1.0,5.505514147965456,internvl3.5-8b,supcon
2.0,5.490917983547174,internvl3.5-8b,supcon
3.0,5.470874739767035,internvl3.5-8b,supcon
4.0,5.481638355557206,internvl3.5-8b,supcon
5.0,5.456557457354422,internvl3.5-8b,supcon
6.0,5.446988032024056,internvl3.5-8b,supcon
7.0,5.445794302589437,internvl3.5-8b,supcon
8.0,5.4343304230534955,internvl3.5-8b,supcon
9.0,5.427513425110059,internvl3.5-8b,supcon
10.0,5.417007136657609,internvl3.5-8b,supcon
11.0,5.404527742890432,internvl3.5-8b,supcon
12.0,5.40043249168009,internvl3.5-8b,supcon
13.0,5.382796162810841,internvl3.5-8b,supcon
14.0,5.3701726094061595,internvl3.5-8b,supcon
15.0,5.3632036751669485,internvl3.5-8b,supcon
16.0,5.356757246837319,internvl3.5-8b,supcon
17.0,5.406750906165712,internvl3.5-8b,supcon
18.0,5.383137179966818,internvl3.5-8b,supcon
19.0,5.356733745762807,internvl3.5-8b,supcon
20.0,5.340581833151005,internvl3.5-8b,supcon
1.0,13.679083166898875,internvl3.5-8b,proxy_anchor
2.0,13.101260304421489,internvl3.5-8b,proxy_anchor
3.0,12.820173697789038,internvl3.5-8b,proxy_anchor
4.0,12.10554849425922,internvl3.5-8b,proxy_anchor
5.0,12.324645181423188,internvl3.5-8b,proxy_anchor
6.0,11.540464470628995,internvl3.5-8b,proxy_anchor
7.0,11.996369472325247,internvl3.5-8b,proxy_anchor
8.0,11.394622365663146,internvl3.5-8b,proxy_anchor
9.0,11.720818563724206,internvl3.5-8b,proxy_anchor
10.0,11.108249074307682,internvl3.5-8b,proxy_anchor
11.0,11.130996685693596,internvl3.5-8b,proxy_anchor
12.0,9.935119926265726,internvl3.5-8b,proxy_anchor
13.0,10.82479436100783,internvl3.5-8b,proxy_anchor
14.0,9.867645426983586,internvl3.5-8b,proxy_anchor
15.0,10.501228099823942,internvl3.5-8b,proxy_anchor
16.0,10.138990655685232,internvl3.5-8b,proxy_anchor
17.0,8.340335748243438,internvl3.5-8b,proxy_anchor
18.0,13.007389651286488,internvl3.5-8b,proxy_anchor
19.0,9.765880982848094,internvl3.5-8b,proxy_anchor
20.0,8.270847985721467,internvl3.5-8b,proxy_anchor
1.0,0.9301629338521681,minicpm-v-2_6,bce
2.0,0.7074592294040063,minicpm-v-2_6,bce
3.0,0.6601657926788963,minicpm-v-2_6,bce
4.0,0.5880135140725686,minicpm-v-2_6,bce
5.0,0.5168151906169797,minicpm-v-2_6,bce
6.0,0.47142899555784046,minicpm-v-2_6,bce
7.0,0.474509137052718,minicpm-v-2_6,bce
8.0,0.43719179044125983,minicpm-v-2_6,bce
9.0,0.4069985976110356,minicpm-v-2_6,bce
10.0,0.5186020751711738,minicpm-v-2_6,bce
11.0,0.4762001492670463,minicpm-v-2_6,bce
12.0,0.4600281806283967,minicpm-v-2_6,bce
13.0,0.4427641427368544,minicpm-v-2_6,bce
14.0,0.733457421489771,minicpm-v-2_6,bce
1.0,5.528156191481594,minicpm-v-2_6,supcon
2.0,5.528528180854449,minicpm-v-2_6,supcon
3.0,5.5279131766671465,minicpm-v-2_6,supcon
4.0,5.528043053456856,minicpm-v-2_6,supcon
5.0,5.525971545223379,minicpm-v-2_6,supcon
6.0,5.5241347704685575,minicpm-v-2_6,supcon
7.0,5.524698775833573,minicpm-v-2_6,supcon
8.0,5.526064033824873,minicpm-v-2_6,supcon
9.0,5.529468345444232,minicpm-v-2_6,supcon
10.0,5.529313448553758,minicpm-v-2_6,supcon
11.0,5.5286065265845465,minicpm-v-2_6,supcon
1.0,12.242631607530523,minicpm-v-2_6,proxy_anchor
2.0,12.280583088823374,minicpm-v-2_6,proxy_anchor
3.0,11.929358846419085,minicpm-v-2_6,proxy_anchor
4.0,11.564491570737847,minicpm-v-2_6,proxy_anchor
5.0,11.424999478446992,minicpm-v-2_6,proxy_anchor
6.0,11.404430458654506,minicpm-v-2_6,proxy_anchor
7.0,10.985927692587445,minicpm-v-2_6,proxy_anchor
8.0,11.197386800995506,minicpm-v-2_6,proxy_anchor
9.0,11.021896748127284,minicpm-v-2_6,proxy_anchor
10.0,10.692878323471893,minicpm-v-2_6,proxy_anchor
11.0,10.595333128054607,minicpm-v-2_6,proxy_anchor
12.0,10.46215743543696,minicpm-v-2_6,proxy_anchor
13.0,9.590350978107374,minicpm-v-2_6,proxy_anchor
14.0,11.097198458628041,minicpm-v-2_6,proxy_anchor
15.0,10.655851661911644,minicpm-v-2_6,proxy_anchor
16.0,9.198206058676313,minicpm-v-2_6,proxy_anchor
17.0,9.047854657984374,minicpm-v-2_6,proxy_anchor
18.0,9.028257815175037,minicpm-v-2_6,proxy_anchor
19.0,9.913880982030477,minicpm-v-2_6,proxy_anchor
20.0,9.02567319355565,minicpm-v-2_6,proxy_anchor
1.0,0.8653951582670691,gemma-3-12b-it,bce
2.0,0.48223936830470765,gemma-3-12b-it,bce
3.0,0.41849663462574127,gemma-3-12b-it,bce
4.0,0.41141363949905435,gemma-3-12b-it,bce
5.0,0.4056726746474636,gemma-3-12b-it,bce
6.0,0.3849286601554215,gemma-3-12b-it,bce
7.0,0.3936287893264242,gemma-3-12b-it,bce
8.0,0.36990704002723196,gemma-3-12b-it,bce
9.0,0.38408729465478864,gemma-3-12b-it,bce
10.0,0.3440502442985159,gemma-3-12b-it,bce
11.0,0.35866872823196416,gemma-3-12b-it,bce
12.0,0.34382671998816555,gemma-3-12b-it,bce
13.0,0.3445165276137832,gemma-3-12b-it,bce
14.0,0.3142383151644136,gemma-3-12b-it,bce
15.0,0.30380807546154226,gemma-3-12b-it,bce
16.0,0.2701791737616332,gemma-3-12b-it,bce
17.0,0.2805290858660693,gemma-3-12b-it,bce
18.0,0.30040793517176684,gemma-3-12b-it,bce
19.0,0.31647485344777937,gemma-3-12b-it,bce
20.0,0.41027900252946364,gemma-3-12b-it,bce
1.0,5.475466967468108,gemma-3-12b-it,supcon
2.0,5.44314562776929,gemma-3-12b-it,supcon
3.0,5.431937643725289,gemma-3-12b-it,supcon
4.0,5.421105415033539,gemma-3-12b-it,supcon
5.0,5.4055069098225665,gemma-3-12b-it,supcon
6.0,5.3965188930716685,gemma-3-12b-it,supcon
7.0,5.382856367819869,gemma-3-12b-it,supcon
8.0,5.375785262336558,gemma-3-12b-it,supcon
9.0,5.369055068570804,gemma-3-12b-it,supcon
10.0,5.36398798931538,gemma-3-12b-it,supcon
11.0,5.351483756180922,gemma-3-12b-it,supcon
12.0,5.344123056631342,gemma-3-12b-it,supcon
13.0,5.336220839803935,gemma-3-12b-it,supcon
14.0,5.33166761815458,gemma-3-12b-it,supcon
15.0,5.317110538722403,gemma-3-12b-it,supcon
16.0,5.308349507726455,gemma-3-12b-it,supcon
17.0,5.301210990079148,gemma-3-12b-it,supcon
18.0,5.390580564242862,gemma-3-12b-it,supcon
19.0,5.342490396168796,gemma-3-12b-it,supcon
20.0,5.332283370994695,gemma-3-12b-it,supcon
1.0,13.630741559542143,gemma-3-12b-it,proxy_anchor
2.0,13.089585075551028,gemma-3-12b-it,proxy_anchor
3.0,12.747970418033438,gemma-3-12b-it,proxy_anchor
4.0,12.606783776261688,gemma-3-12b-it,proxy_anchor
5.0,12.091458567546923,gemma-3-12b-it,proxy_anchor
6.0,12.432806087894736,gemma-3-12b-it,proxy_anchor
7.0,12.568428695951052,gemma-3-12b-it,proxy_anchor
8.0,11.832534114939294,gemma-3-12b-it,proxy_anchor
9.0,11.04772194142675,gemma-3-12b-it,proxy_anchor
10.0,11.683394314117201,gemma-3-12b-it,proxy_anchor
11.0,10.778711200060108,gemma-3-12b-it,proxy_anchor
12.0,10.393272558128851,gemma-3-12b-it,proxy_anchor
13.0,9.687908362718968,gemma-3-12b-it,proxy_anchor
14.0,9.902096293330972,gemma-3-12b-it,proxy_anchor
15.0,13.57699870104284,gemma-3-12b-it,proxy_anchor
16.0,11.960357964248619,gemma-3-12b-it,proxy_anchor
17.0,10.939001527846669,gemma-3-12b-it,proxy_anchor
18.0,9.2897640274301,gemma-3-12b-it,proxy_anchor
19.0,15.359093211055582,gemma-3-12b-it,proxy_anchor
20.0,11.09386498847758,gemma-3-12b-it,proxy_anchor
1.0,1.0241640945740766,gemma-4-12b-it,bce
2.0,0.6574723989867846,gemma-4-12b-it,bce
3.0,0.5889715825036218,gemma-4-12b-it,bce
4.0,0.5345721893934502,gemma-4-12b-it,bce
5.0,0.6497540080627071,gemma-4-12b-it,bce
6.0,0.5566147986363408,gemma-4-12b-it,bce
7.0,0.5327354389688242,gemma-4-12b-it,bce
8.0,0.6162713245005911,gemma-4-12b-it,bce
9.0,0.4897372840638942,gemma-4-12b-it,bce
10.0,0.42398131938283656,gemma-4-12b-it,bce
11.0,0.8114277914216287,gemma-4-12b-it,bce
12.0,0.5471965574101859,gemma-4-12b-it,bce
13.0,0.3613526244825344,gemma-4-12b-it,bce
14.0,0.6264775812825232,gemma-4-12b-it,bce
15.0,0.47922627913912,gemma-4-12b-it,bce
16.0,0.3557616195152436,gemma-4-12b-it,bce
17.0,0.33751237884811736,gemma-4-12b-it,bce
18.0,0.360023024608459,gemma-4-12b-it,bce
19.0,0.35361204488719983,gemma-4-12b-it,bce
20.0,0.3312831536782625,gemma-4-12b-it,bce
1.0,5.51922393722279,gemma-4-12b-it,supcon
2.0,5.517732107679182,gemma-4-12b-it,supcon
3.0,5.516798546003259,gemma-4-12b-it,supcon
4.0,5.515100977971003,gemma-4-12b-it,supcon
5.0,5.516088325921508,gemma-4-12b-it,supcon
6.0,5.513357561168862,gemma-4-12b-it,supcon
7.0,5.511995804190237,gemma-4-12b-it,supcon
8.0,5.51421611875196,gemma-4-12b-it,supcon
9.0,5.511061768547747,gemma-4-12b-it,supcon
10.0,5.509526794331529,gemma-4-12b-it,supcon
11.0,5.511471005825693,gemma-4-12b-it,supcon
12.0,5.513487608217475,gemma-4-12b-it,supcon
13.0,5.514005022463591,gemma-4-12b-it,supcon
14.0,5.5142140053586415,gemma-4-12b-it,supcon
15.0,5.505433686042709,gemma-4-12b-it,supcon
16.0,5.504965319043418,gemma-4-12b-it,supcon
17.0,5.498551732002692,gemma-4-12b-it,supcon
18.0,5.499899096473005,gemma-4-12b-it,supcon
19.0,5.498018246590094,gemma-4-12b-it,supcon
20.0,5.492083196735701,gemma-4-12b-it,supcon
1.0,12.533689762995794,gemma-4-12b-it,proxy_anchor
2.0,11.840457065288836,gemma-4-12b-it,proxy_anchor
3.0,11.404885617386936,gemma-4-12b-it,proxy_anchor
4.0,11.591210048254517,gemma-4-12b-it,proxy_anchor
5.0,11.518022084315884,gemma-4-12b-it,proxy_anchor
6.0,10.912827870040434,gemma-4-12b-it,proxy_anchor
7.0,10.383657828621242,gemma-4-12b-it,proxy_anchor
8.0,11.976173326881435,gemma-4-12b-it,proxy_anchor
9.0,11.25453146803738,gemma-4-12b-it,proxy_anchor
10.0,10.604604446768361,gemma-4-12b-it,proxy_anchor
11.0,8.77502847626855,gemma-4-12b-it,proxy_anchor
12.0,10.554850277214943,gemma-4-12b-it,proxy_anchor
13.0,8.50507030997388,gemma-4-12b-it,proxy_anchor
14.0,6.799586213153342,gemma-4-12b-it,proxy_anchor
15.0,13.18318556718603,gemma-4-12b-it,proxy_anchor
16.0,10.23670633309661,gemma-4-12b-it,proxy_anchor
17.0,10.213318137101904,gemma-4-12b-it,proxy_anchor
18.0,8.710017021842624,gemma-4-12b-it,proxy_anchor
19.0,6.290230766666374,gemma-4-12b-it,proxy_anchor
20.0,11.333056433942406,gemma-4-12b-it,proxy_anchor
1.0,0.9529279039158085,qwen3.5-4b,bce
2.0,0.4527364455587496,qwen3.5-4b,bce
3.0,0.3804365333502855,qwen3.5-4b,bce
4.0,0.3511327534187131,qwen3.5-4b,bce
5.0,0.355974433867912,qwen3.5-4b,bce
6.0,0.35872775316238403,qwen3.5-4b,bce
7.0,0.3492939450391909,qwen3.5-4b,bce
8.0,0.27783587841483637,qwen3.5-4b,bce
9.0,0.37729878711506604,qwen3.5-4b,bce
10.0,0.2664700683539476,qwen3.5-4b,bce
11.0,0.3269595741256466,qwen3.5-4b,bce
12.0,0.27817356295701934,qwen3.5-4b,bce
13.0,0.2644066987483482,qwen3.5-4b,bce
14.0,0.3426509749114029,qwen3.5-4b,bce
15.0,0.3701528916514017,qwen3.5-4b,bce
16.0,0.28058223220391004,qwen3.5-4b,bce
17.0,0.20959444210781314,qwen3.5-4b,bce
18.0,0.24262315240817342,qwen3.5-4b,bce
19.0,0.2511549474504905,qwen3.5-4b,bce
20.0,0.25958198260485643,qwen3.5-4b,bce
1.0,5.516041844840942,qwen3.5-4b,supcon
2.0,5.515095253300861,qwen3.5-4b,supcon
3.0,5.512553470890697,qwen3.5-4b,supcon
4.0,5.511110929938836,qwen3.5-4b,supcon
5.0,5.507656047014686,qwen3.5-4b,supcon
6.0,5.516915623734637,qwen3.5-4b,supcon
7.0,5.516945152747922,qwen3.5-4b,supcon
8.0,5.514446568682911,qwen3.5-4b,supcon
9.0,5.519485783770802,qwen3.5-4b,supcon
10.0,5.5172423347225035,qwen3.5-4b,supcon
1.0,12.048058928512946,qwen3.5-4b,proxy_anchor
2.0,11.133934509463426,qwen3.5-4b,proxy_anchor
3.0,11.281622801369767,qwen3.5-4b,proxy_anchor
4.0,10.401399984592345,qwen3.5-4b,proxy_anchor
5.0,9.861397502868156,qwen3.5-4b,proxy_anchor
6.0,9.509488338377418,qwen3.5-4b,proxy_anchor
7.0,11.597956168942336,qwen3.5-4b,proxy_anchor
8.0,10.45868009086547,qwen3.5-4b,proxy_anchor
9.0,8.609865514243522,qwen3.5-4b,proxy_anchor
10.0,9.429057900498552,qwen3.5-4b,proxy_anchor
11.0,7.0055318770369865,qwen3.5-4b,proxy_anchor
12.0,15.55171887467547,qwen3.5-4b,proxy_anchor
13.0,12.789210071408652,qwen3.5-4b,proxy_anchor
14.0,11.656560378346017,qwen3.5-4b,proxy_anchor
15.0,9.322232955839576,qwen3.5-4b,proxy_anchor
16.0,7.788460715999448,qwen3.5-4b,proxy_anchor
1.0,1.0396925788368097,qwen3.5-9b,bce
2.0,0.5953714588368705,qwen3.5-9b,bce
3.0,0.4302194998707882,qwen3.5-9b,bce
4.0,0.37182294463337767,qwen3.5-9b,bce
5.0,0.4798217953205347,qwen3.5-9b,bce
6.0,0.3345525075075298,qwen3.5-9b,bce
7.0,0.2929387569546729,qwen3.5-9b,bce
8.0,0.3381463622534147,qwen3.5-9b,bce
9.0,0.26280063816266347,qwen3.5-9b,bce
10.0,0.2916775477636036,qwen3.5-9b,bce
11.0,0.3250404575461893,qwen3.5-9b,bce
12.0,0.3038926148569623,qwen3.5-9b,bce
13.0,0.2679569620390361,qwen3.5-9b,bce
14.0,0.20248763458106958,qwen3.5-9b,bce
15.0,0.24573034392376794,qwen3.5-9b,bce
16.0,0.2006120225430936,qwen3.5-9b,bce
17.0,0.18883964729386588,qwen3.5-9b,bce
18.0,0.2183873998832631,qwen3.5-9b,bce
19.0,0.24176296725902716,qwen3.5-9b,bce
20.0,0.18270140195465231,qwen3.5-9b,bce
1.0,5.5190110386655045,qwen3.5-9b,supcon
2.0,5.509569942668009,qwen3.5-9b,supcon
3.0,5.50736875431512,qwen3.5-9b,supcon
4.0,5.508070200137658,qwen3.5-9b,supcon
5.0,5.492227291041358,qwen3.5-9b,supcon
6.0,5.509218536576321,qwen3.5-9b,supcon
7.0,5.510127791228012,qwen3.5-9b,supcon
8.0,5.485470335135969,qwen3.5-9b,supcon
9.0,5.4804066254753385,qwen3.5-9b,supcon
10.0,5.466323586516632,qwen3.5-9b,supcon
11.0,5.500501489841989,qwen3.5-9b,supcon
12.0,5.522218138911063,qwen3.5-9b,supcon
13.0,5.522223909487275,qwen3.5-9b,supcon
14.0,5.522223987231167,qwen3.5-9b,supcon
15.0,5.5222229914654495,qwen3.5-9b,supcon
1.0,12.135291008926623,qwen3.5-9b,proxy_anchor
2.0,11.20897703273322,qwen3.5-9b,proxy_anchor
3.0,10.46249456040768,qwen3.5-9b,proxy_anchor
4.0,9.94512641593855,qwen3.5-9b,proxy_anchor
5.0,9.897301090333007,qwen3.5-9b,proxy_anchor
6.0,9.11051183630449,qwen3.5-9b,proxy_anchor
7.0,8.076206879306955,qwen3.5-9b,proxy_anchor
8.0,7.718217171976405,qwen3.5-9b,proxy_anchor
9.0,9.145069401810902,qwen3.5-9b,proxy_anchor
10.0,8.344155597519833,qwen3.5-9b,proxy_anchor
11.0,6.481836448463389,qwen3.5-9b,proxy_anchor
12.0,9.987781053425282,qwen3.5-9b,proxy_anchor
13.0,5.654591329516873,qwen3.5-9b,proxy_anchor
14.0,6.683560461066729,qwen3.5-9b,proxy_anchor
15.0,4.6416924829094315,qwen3.5-9b,proxy_anchor
16.0,2.718270672340259,qwen3.5-9b,proxy_anchor
17.0,11.975782655065851,qwen3.5-9b,proxy_anchor
18.0,6.553323609794965,qwen3.5-9b,proxy_anchor
19.0,3.743415640067625,qwen3.5-9b,proxy_anchor
20.0,3.4054123882868494,qwen3.5-9b,proxy_anchor
1.0,0.9756450170881292,phi-4-multimodal-instruct,bce
2.0,0.5582754278937935,phi-4-multimodal-instruct,bce
3.0,0.5261246306903515,phi-4-multimodal-instruct,bce
4.0,0.5264814005321818,phi-4-multimodal-instruct,bce
5.0,0.44813228989889475,phi-4-multimodal-instruct,bce
6.0,0.48089248812600466,phi-4-multimodal-instruct,bce
7.0,0.3794248305466616,phi-4-multimodal-instruct,bce
8.0,0.4032449314829278,phi-4-multimodal-instruct,bce
9.0,0.3270210287057099,phi-4-multimodal-instruct,bce
10.0,0.330847391221326,phi-4-multimodal-instruct,bce
11.0,0.24600500407209192,phi-4-multimodal-instruct,bce
12.0,0.25224028465331394,phi-4-multimodal-instruct,bce
13.0,0.3199099043538305,phi-4-multimodal-instruct,bce
14.0,0.26543142467706754,phi-4-multimodal-instruct,bce
15.0,0.3458468270801061,phi-4-multimodal-instruct,bce
16.0,0.3168580583215856,phi-4-multimodal-instruct,bce
1.0,5.512931540258328,phi-4-multimodal-instruct,supcon
2.0,5.50009265058009,phi-4-multimodal-instruct,supcon
3.0,5.50997246760757,phi-4-multimodal-instruct,supcon
4.0,5.516128702231885,phi-4-multimodal-instruct,supcon
5.0,5.501806352671856,phi-4-multimodal-instruct,supcon
6.0,5.487110839800888,phi-4-multimodal-instruct,supcon
7.0,5.485302525229059,phi-4-multimodal-instruct,supcon
8.0,5.515823010648234,phi-4-multimodal-instruct,supcon
9.0,5.515643420331447,phi-4-multimodal-instruct,supcon
10.0,5.5001056907856425,phi-4-multimodal-instruct,supcon
11.0,5.498986013332597,phi-4-multimodal-instruct,supcon
12.0,5.517504407631365,phi-4-multimodal-instruct,supcon
1.0,13.525981306907958,phi-4-multimodal-instruct,proxy_anchor
2.0,12.894052695448723,phi-4-multimodal-instruct,proxy_anchor
3.0,12.240901363516974,phi-4-multimodal-instruct,proxy_anchor
4.0,11.811774178837123,phi-4-multimodal-instruct,proxy_anchor
5.0,11.22304668562892,phi-4-multimodal-instruct,proxy_anchor
6.0,10.963083088945929,phi-4-multimodal-instruct,proxy_anchor
7.0,12.688899000282793,phi-4-multimodal-instruct,proxy_anchor
8.0,11.502852121339512,phi-4-multimodal-instruct,proxy_anchor
9.0,10.853304313566152,phi-4-multimodal-instruct,proxy_anchor
10.0,9.911360761118374,phi-4-multimodal-instruct,proxy_anchor
11.0,10.859898542359364,phi-4-multimodal-instruct,proxy_anchor
12.0,10.236911356266477,phi-4-multimodal-instruct,proxy_anchor
13.0,8.639461425765663,phi-4-multimodal-instruct,proxy_anchor
14.0,7.687554799743278,phi-4-multimodal-instruct,proxy_anchor
15.0,8.740880088981497,phi-4-multimodal-instruct,proxy_anchor
16.0,7.335572459968045,phi-4-multimodal-instruct,proxy_anchor
17.0,9.790156749709755,phi-4-multimodal-instruct,proxy_anchor
18.0,9.208197979931933,phi-4-multimodal-instruct,proxy_anchor
19.0,6.016127860826175,phi-4-multimodal-instruct,proxy_anchor
20.0,15.870979264272002,phi-4-multimodal-instruct,proxy_anchor
1.0,0.980319140568043,phi-3.5-vision-instruct,bce
2.0,0.7047924033893662,phi-3.5-vision-instruct,bce
3.0,0.5700572104560455,phi-3.5-vision-instruct,bce
4.0,0.5118256973916235,phi-3.5-vision-instruct,bce
5.0,0.40115685477520274,phi-3.5-vision-instruct,bce
6.0,0.3495164409549026,phi-3.5-vision-instruct,bce
7.0,0.28124047044613154,phi-3.5-vision-instruct,bce
8.0,0.3390617112487586,phi-3.5-vision-instruct,bce
9.0,0.285528870242055,phi-3.5-vision-instruct,bce
10.0,0.31703629364496083,phi-3.5-vision-instruct,bce
11.0,0.39839391909167565,phi-3.5-vision-instruct,bce
12.0,0.3594905585525646,phi-3.5-vision-instruct,bce
1.0,5.523558464617835,phi-3.5-vision-instruct,supcon
2.0,5.519173406262453,phi-3.5-vision-instruct,supcon
3.0,5.512312362601983,phi-3.5-vision-instruct,supcon
4.0,5.506633747396763,phi-3.5-vision-instruct,supcon
5.0,5.489245858633303,phi-3.5-vision-instruct,supcon
6.0,5.5142562320964625,phi-3.5-vision-instruct,supcon
7.0,5.492446769690032,phi-3.5-vision-instruct,supcon
8.0,5.473697388210155,phi-3.5-vision-instruct,supcon
9.0,5.470839041832529,phi-3.5-vision-instruct,supcon
10.0,5.469224322234913,phi-3.5-vision-instruct,supcon
11.0,5.453828391562613,phi-3.5-vision-instruct,supcon
12.0,5.436283023400464,phi-3.5-vision-instruct,supcon
13.0,5.428366543002641,phi-3.5-vision-instruct,supcon
14.0,5.446741022034988,phi-3.5-vision-instruct,supcon
15.0,5.524242090494803,phi-3.5-vision-instruct,supcon
16.0,5.524331369004772,phi-3.5-vision-instruct,supcon
17.0,5.524334278674232,phi-3.5-vision-instruct,supcon
18.0,5.524333977167209,phi-3.5-vision-instruct,supcon
1.0,12.941947820462785,phi-3.5-vision-instruct,proxy_anchor
2.0,11.713706417874246,phi-3.5-vision-instruct,proxy_anchor
3.0,10.952182346145355,phi-3.5-vision-instruct,proxy_anchor
4.0,10.85463222864457,phi-3.5-vision-instruct,proxy_anchor
5.0,10.494195761766749,phi-3.5-vision-instruct,proxy_anchor
6.0,8.659281693660237,phi-3.5-vision-instruct,proxy_anchor
7.0,9.236398084257411,phi-3.5-vision-instruct,proxy_anchor
8.0,7.417531175137073,phi-3.5-vision-instruct,proxy_anchor
9.0,6.187798877071498,phi-3.5-vision-instruct,proxy_anchor
10.0,12.210097060573469,phi-3.5-vision-instruct,proxy_anchor
11.0,9.455202708715587,phi-3.5-vision-instruct,proxy_anchor
12.0,6.610576627358367,phi-3.5-vision-instruct,proxy_anchor
13.0,5.736471769026818,phi-3.5-vision-instruct,proxy_anchor
14.0,4.657385271743304,phi-3.5-vision-instruct,proxy_anchor
15.0,10.367575397146876,phi-3.5-vision-instruct,proxy_anchor
16.0,5.707649409834308,phi-3.5-vision-instruct,proxy_anchor
17.0,2.6742688460507122,phi-3.5-vision-instruct,proxy_anchor
18.0,6.018635566062299,phi-3.5-vision-instruct,proxy_anchor
19.0,5.578185973334642,phi-3.5-vision-instruct,proxy_anchor
20.0,2.7965483349638096,phi-3.5-vision-instruct,proxy_anchor
1.0,0.8852279468281998,gemma-3-4b-it,bce
2.0,0.49963686426013604,gemma-3-4b-it,bce
3.0,0.45831128109701447,gemma-3-4b-it,bce
4.0,0.45998741371874063,gemma-3-4b-it,bce
5.0,0.43174762404811706,gemma-3-4b-it,bce
6.0,0.4177388280980369,gemma-3-4b-it,bce
7.0,0.39264647995383994,gemma-3-4b-it,bce
8.0,0.4587007035207675,gemma-3-4b-it,bce
9.0,0.38538930439863756,gemma-3-4b-it,bce
10.0,0.3931236622829369,gemma-3-4b-it,bce
11.0,0.3691583660773373,gemma-3-4b-it,bce
12.0,0.352164854245583,gemma-3-4b-it,bce
13.0,0.35037267090839336,gemma-3-4b-it,bce
14.0,0.32500506082419295,gemma-3-4b-it,bce
15.0,0.3329213379473484,gemma-3-4b-it,bce
16.0,0.33887895212285546,gemma-3-4b-it,bce
17.0,0.3352554228821152,gemma-3-4b-it,bce
18.0,0.29226692988669073,gemma-3-4b-it,bce
19.0,0.36813529468520784,gemma-3-4b-it,bce
20.0,0.3006230202571555,gemma-3-4b-it,bce
1.0,5.487685530540221,gemma-3-4b-it,supcon
2.0,5.4634232221358765,gemma-3-4b-it,supcon
3.0,5.445866211251331,gemma-3-4b-it,supcon
4.0,5.436493775889651,gemma-3-4b-it,supcon
5.0,5.4353914360763715,gemma-3-4b-it,supcon
6.0,5.432624970398573,gemma-3-4b-it,supcon
7.0,5.413132109810152,gemma-3-4b-it,supcon
8.0,5.412021663277869,gemma-3-4b-it,supcon
9.0,5.418666928047176,gemma-3-4b-it,supcon
10.0,5.402229295680884,gemma-3-4b-it,supcon
11.0,5.389410438011298,gemma-3-4b-it,supcon
12.0,5.3855886332648835,gemma-3-4b-it,supcon
13.0,5.385094192847952,gemma-3-4b-it,supcon
14.0,5.379468214408317,gemma-3-4b-it,supcon
15.0,5.369438285174636,gemma-3-4b-it,supcon
16.0,5.361475674303198,gemma-3-4b-it,supcon
17.0,5.3573996904984265,gemma-3-4b-it,supcon
18.0,5.352191393632455,gemma-3-4b-it,supcon
19.0,5.361989038600932,gemma-3-4b-it,supcon
20.0,5.351900795862026,gemma-3-4b-it,supcon
1.0,13.925387372761035,gemma-3-4b-it,proxy_anchor
2.0,13.300425289233972,gemma-3-4b-it,proxy_anchor
3.0,12.94232225588651,gemma-3-4b-it,proxy_anchor
4.0,12.634039040664415,gemma-3-4b-it,proxy_anchor
5.0,12.35818570623851,gemma-3-4b-it,proxy_anchor
6.0,12.558891521038666,gemma-3-4b-it,proxy_anchor
7.0,12.210259775269927,gemma-3-4b-it,proxy_anchor
8.0,11.822527218790887,gemma-3-4b-it,proxy_anchor
9.0,11.6963874366616,gemma-3-4b-it,proxy_anchor
10.0,11.608502032748277,gemma-3-4b-it,proxy_anchor
11.0,11.56219838015206,gemma-3-4b-it,proxy_anchor
12.0,11.79059806964077,gemma-3-4b-it,proxy_anchor
13.0,10.752598091967567,gemma-3-4b-it,proxy_anchor
14.0,11.64002527871422,gemma-3-4b-it,proxy_anchor
15.0,10.977199055677053,gemma-3-4b-it,proxy_anchor
16.0,10.265557441165633,gemma-3-4b-it,proxy_anchor
17.0,11.231906521484811,gemma-3-4b-it,proxy_anchor
18.0,11.320087217468355,gemma-3-4b-it,proxy_anchor
19.0,10.175203290226877,gemma-3-4b-it,proxy_anchor
20.0,10.970254824974127,gemma-3-4b-it,proxy_anchor
1.0,0.881665309220403,molmo-7b-d-0924,bce
2.0,0.5142451352556586,molmo-7b-d-0924,bce
3.0,0.45814100416039033,molmo-7b-d-0924,bce
4.0,0.3945134512280509,molmo-7b-d-0924,bce
5.0,0.4130145001076648,molmo-7b-d-0924,bce
6.0,0.48639107566539835,molmo-7b-d-0924,bce
7.0,0.3846698935436031,molmo-7b-d-0924,bce
8.0,0.3752998581068327,molmo-7b-d-0924,bce
9.0,0.3675808734975105,molmo-7b-d-0924,bce
10.0,0.28413336248012816,molmo-7b-d-0924,bce
11.0,0.34417126679731347,molmo-7b-d-0924,bce
12.0,0.35445643953956596,molmo-7b-d-0924,bce
13.0,0.28194605174251164,molmo-7b-d-0924,bce
14.0,0.2588392731359036,molmo-7b-d-0924,bce
15.0,0.2408653915002232,molmo-7b-d-0924,bce
16.0,0.2823112297993725,molmo-7b-d-0924,bce
17.0,0.20149847664828285,molmo-7b-d-0924,bce
18.0,0.19717082660925483,molmo-7b-d-0924,bce
19.0,0.2670513111817741,molmo-7b-d-0924,bce
20.0,0.23196767283269132,molmo-7b-d-0924,bce
1.0,5.515655703147651,molmo-7b-d-0924,supcon
2.0,5.505990236429656,molmo-7b-d-0924,supcon
3.0,5.499714122014634,molmo-7b-d-0924,supcon
4.0,5.482051807755573,molmo-7b-d-0924,supcon
5.0,5.52051416012564,molmo-7b-d-0924,supcon
6.0,5.5207628591608255,molmo-7b-d-0924,supcon
7.0,5.520734538285878,molmo-7b-d-0924,supcon
8.0,5.52049963596233,molmo-7b-d-0924,supcon
9.0,5.516000269886962,molmo-7b-d-0924,supcon
1.0,13.099369376210296,molmo-7b-d-0924,proxy_anchor
2.0,12.339148260286843,molmo-7b-d-0924,proxy_anchor
3.0,11.576487201625628,molmo-7b-d-0924,proxy_anchor
4.0,11.31648210010892,molmo-7b-d-0924,proxy_anchor
5.0,10.882753462107514,molmo-7b-d-0924,proxy_anchor
6.0,10.079790531453062,molmo-7b-d-0924,proxy_anchor
7.0,11.425483030206342,molmo-7b-d-0924,proxy_anchor
8.0,9.953340438567288,molmo-7b-d-0924,proxy_anchor
9.0,9.525024933465865,molmo-7b-d-0924,proxy_anchor
10.0,8.153258139534724,molmo-7b-d-0924,proxy_anchor
11.0,13.623285217055585,molmo-7b-d-0924,proxy_anchor
12.0,11.602291459185908,molmo-7b-d-0924,proxy_anchor
13.0,10.674703821853745,molmo-7b-d-0924,proxy_anchor
14.0,8.104472346387153,molmo-7b-d-0924,proxy_anchor
15.0,8.683931522885919,molmo-7b-d-0924,proxy_anchor
16.0,8.196780878179888,molmo-7b-d-0924,proxy_anchor
17.0,6.340766101806548,molmo-7b-d-0924,proxy_anchor
18.0,9.508009942149446,molmo-7b-d-0924,proxy_anchor
19.0,5.247452840164169,molmo-7b-d-0924,proxy_anchor
20.0,10.769847251945656,molmo-7b-d-0924,proxy_anchor
1.0,0.8717097724473667,minicpm-v-4_5,bce
2.0,0.4804660762270322,minicpm-v-4_5,bce
3.0,0.426416744538811,minicpm-v-4_5,bce
4.0,0.39742280699844196,minicpm-v-4_5,bce
5.0,0.3879512039938382,minicpm-v-4_5,bce
6.0,0.4867471599902681,minicpm-v-4_5,bce
7.0,0.3440700970225057,minicpm-v-4_5,bce
8.0,0.34616942037541,minicpm-v-4_5,bce
9.0,0.31136101977599395,minicpm-v-4_5,bce
10.0,0.3794471995347525,minicpm-v-4_5,bce
11.0,0.3366924230974923,minicpm-v-4_5,bce
12.0,0.312009919360072,minicpm-v-4_5,bce
13.0,0.32674893032448277,minicpm-v-4_5,bce
14.0,0.2938475179760006,minicpm-v-4_5,bce
15.0,0.33907207105933906,minicpm-v-4_5,bce
16.0,0.4411363281190441,minicpm-v-4_5,bce
17.0,0.3060635620755089,minicpm-v-4_5,bce
18.0,0.2548888835258731,minicpm-v-4_5,bce
19.0,0.24825676127901292,minicpm-v-4_5,bce
20.0,0.25485390930891216,minicpm-v-4_5,bce
1.0,5.514287582657972,minicpm-v-4_5,supcon
2.0,5.510002945243601,minicpm-v-4_5,supcon
3.0,5.509366939745146,minicpm-v-4_5,supcon
4.0,5.506065012023182,minicpm-v-4_5,supcon
5.0,5.495519728610951,minicpm-v-4_5,supcon
6.0,5.507657092487367,minicpm-v-4_5,supcon
7.0,5.513396632704646,minicpm-v-4_5,supcon
8.0,5.506458947427928,minicpm-v-4_5,supcon
9.0,5.500728887299894,minicpm-v-4_5,supcon
10.0,5.50164235440206,minicpm-v-4_5,supcon
1.0,12.394492816368194,minicpm-v-4_5,proxy_anchor
2.0,11.547936607781145,minicpm-v-4_5,proxy_anchor
3.0,11.038174523893241,minicpm-v-4_5,proxy_anchor
4.0,10.272220487490497,minicpm-v-4_5,proxy_anchor
5.0,9.7915010182317,minicpm-v-4_5,proxy_anchor
6.0,9.49408281669607,minicpm-v-4_5,proxy_anchor
7.0,8.620704246553924,minicpm-v-4_5,proxy_anchor
8.0,10.57370400483247,minicpm-v-4_5,proxy_anchor
9.0,9.899984214111583,minicpm-v-4_5,proxy_anchor
10.0,7.794714751779867,minicpm-v-4_5,proxy_anchor
11.0,11.843921314462486,minicpm-v-4_5,proxy_anchor
12.0,8.306155915973331,minicpm-v-4_5,proxy_anchor
13.0,7.838675978825945,minicpm-v-4_5,proxy_anchor
14.0,8.106591681049208,minicpm-v-4_5,proxy_anchor
15.0,6.842464007474113,minicpm-v-4_5,proxy_anchor
16.0,6.2028737725053045,minicpm-v-4_5,proxy_anchor
17.0,5.6924429476699965,minicpm-v-4_5,proxy_anchor
18.0,10.99933675437689,minicpm-v-4_5,proxy_anchor
19.0,7.673087323429198,minicpm-v-4_5,proxy_anchor
20.0,4.4295609969117065,minicpm-v-4_5,proxy_anchor
1.0,0.8811437341733688,llava-v1.5-7b,bce
2.0,0.5745675251929248,llava-v1.5-7b,bce
3.0,0.6253519838616688,llava-v1.5-7b,bce
4.0,0.47749183904261266,llava-v1.5-7b,bce
5.0,0.5020460487093678,llava-v1.5-7b,bce
6.0,0.5748718707806879,llava-v1.5-7b,bce
7.0,0.5072991208396994,llava-v1.5-7b,bce
8.0,0.4655696463706078,llava-v1.5-7b,bce
9.0,0.45076540540406784,llava-v1.5-7b,bce
10.0,0.5194584495836474,llava-v1.5-7b,bce
11.0,0.4924327838526899,llava-v1.5-7b,bce
12.0,0.4210186359842972,llava-v1.5-7b,bce
13.0,0.4298453663779941,llava-v1.5-7b,bce
14.0,0.4835790364533246,llava-v1.5-7b,bce
15.0,0.39982740507949865,llava-v1.5-7b,bce
16.0,0.3863607308158729,llava-v1.5-7b,bce
17.0,0.42515290140954176,llava-v1.5-7b,bce
18.0,0.36917802561192836,llava-v1.5-7b,bce
19.0,0.38602359940923914,llava-v1.5-7b,bce
20.0,0.43354760479593824,llava-v1.5-7b,bce
1.0,5.5084758913653324,llava-v1.5-7b,supcon
2.0,5.493523166685577,llava-v1.5-7b,supcon
3.0,5.495158787452281,llava-v1.5-7b,supcon
4.0,5.4884458360102455,llava-v1.5-7b,supcon
5.0,5.478847388906128,llava-v1.5-7b,supcon
6.0,5.496158123864607,llava-v1.5-7b,supcon
7.0,5.479001524730134,llava-v1.5-7b,supcon
8.0,5.471437298509338,llava-v1.5-7b,supcon
9.0,5.479820078058498,llava-v1.5-7b,supcon
10.0,5.486715857349478,llava-v1.5-7b,supcon
11.0,5.470211920320154,llava-v1.5-7b,supcon
12.0,5.467229255181861,llava-v1.5-7b,supcon
13.0,5.466665488246738,llava-v1.5-7b,supcon
14.0,5.451878615528383,llava-v1.5-7b,supcon
15.0,5.441313080866425,llava-v1.5-7b,supcon
16.0,5.457383616179644,llava-v1.5-7b,supcon
17.0,5.493880734207367,llava-v1.5-7b,supcon
18.0,5.516862973112618,llava-v1.5-7b,supcon
19.0,5.5164703490319065,llava-v1.5-7b,supcon
20.0,5.510067029344687,llava-v1.5-7b,supcon
1.0,13.63506029945771,llava-v1.5-7b,proxy_anchor
2.0,12.985857982950561,llava-v1.5-7b,proxy_anchor
3.0,12.742400079458157,llava-v1.5-7b,proxy_anchor
4.0,12.345078419124308,llava-v1.5-7b,proxy_anchor
5.0,13.192974375103146,llava-v1.5-7b,proxy_anchor
6.0,12.346340194469485,llava-v1.5-7b,proxy_anchor
7.0,11.903567421027333,llava-v1.5-7b,proxy_anchor
8.0,11.564808458718442,llava-v1.5-7b,proxy_anchor
9.0,11.78134820058355,llava-v1.5-7b,proxy_anchor
10.0,11.223744846329453,llava-v1.5-7b,proxy_anchor
11.0,12.492301206091913,llava-v1.5-7b,proxy_anchor
12.0,12.862728656444041,llava-v1.5-7b,proxy_anchor
13.0,11.804598728553161,llava-v1.5-7b,proxy_anchor
14.0,11.27795521252643,llava-v1.5-7b,proxy_anchor
15.0,10.501600650365653,llava-v1.5-7b,proxy_anchor
16.0,14.085277374151246,llava-v1.5-7b,proxy_anchor
17.0,12.869597901049836,llava-v1.5-7b,proxy_anchor
18.0,11.258936537872275,llava-v1.5-7b,proxy_anchor
19.0,14.741170872999723,llava-v1.5-7b,proxy_anchor
20.0,12.973399870216921,llava-v1.5-7b,proxy_anchor
1.0,1.1314198229830132,qwen2.5-vl-7b,bce
2.0,0.6770328231280208,qwen2.5-vl-7b,bce
3.0,0.4733711791742445,qwen2.5-vl-7b,bce
4.0,0.48824485920666116,qwen2.5-vl-7b,bce
5.0,0.4390301419811775,qwen2.5-vl-7b,bce
6.0,0.4051771515753211,qwen2.5-vl-7b,bce
7.0,0.35667168842353625,qwen2.5-vl-7b,bce
8.0,0.4891164729469701,qwen2.5-vl-7b,bce
9.0,0.37354730398266245,qwen2.5-vl-7b,bce
10.0,0.3507119673594775,qwen2.5-vl-7b,bce
11.0,0.32383393931450066,qwen2.5-vl-7b,bce
12.0,0.30506202944283,qwen2.5-vl-7b,bce
13.0,0.32381908030503825,qwen2.5-vl-7b,bce
14.0,0.300736431767913,qwen2.5-vl-7b,bce
15.0,0.2632489479131356,qwen2.5-vl-7b,bce
16.0,0.3721623844987162,qwen2.5-vl-7b,bce
17.0,0.24940420492469728,qwen2.5-vl-7b,bce
18.0,0.3614440393386665,qwen2.5-vl-7b,bce
19.0,0.4786376068696131,qwen2.5-vl-7b,bce
20.0,0.3466540011958684,qwen2.5-vl-7b,bce
1.0,5.517212036791448,qwen2.5-vl-7b,supcon
2.0,5.511368796699926,qwen2.5-vl-7b,supcon
3.0,5.516882095104311,qwen2.5-vl-7b,supcon
4.0,5.51040043169788,qwen2.5-vl-7b,supcon
5.0,5.507715864695695,qwen2.5-vl-7b,supcon
6.0,5.499531781658129,qwen2.5-vl-7b,supcon
7.0,5.496424820242552,qwen2.5-vl-7b,supcon
8.0,5.518895645900623,qwen2.5-vl-7b,supcon
9.0,5.519218792872496,qwen2.5-vl-7b,supcon
10.0,5.519091678002374,qwen2.5-vl-7b,supcon
11.0,5.515876252231916,qwen2.5-vl-7b,supcon
12.0,5.515111676658072,qwen2.5-vl-7b,supcon
1.0,12.502528886709348,qwen2.5-vl-7b,proxy_anchor
2.0,11.409694981605618,qwen2.5-vl-7b,proxy_anchor
3.0,11.12634352988854,qwen2.5-vl-7b,proxy_anchor
4.0,10.85428351376574,qwen2.5-vl-7b,proxy_anchor
5.0,10.5265457055382,qwen2.5-vl-7b,proxy_anchor
6.0,10.527942494525837,qwen2.5-vl-7b,proxy_anchor
7.0,9.592865602348827,qwen2.5-vl-7b,proxy_anchor
8.0,10.221287042767154,qwen2.5-vl-7b,proxy_anchor
9.0,10.58555647638245,qwen2.5-vl-7b,proxy_anchor
10.0,8.595460969806483,qwen2.5-vl-7b,proxy_anchor
11.0,11.506877590541816,qwen2.5-vl-7b,proxy_anchor
12.0,8.621978798696103,qwen2.5-vl-7b,proxy_anchor
13.0,8.953377055203655,qwen2.5-vl-7b,proxy_anchor
14.0,6.594337506624792,qwen2.5-vl-7b,proxy_anchor
15.0,9.490034823852264,qwen2.5-vl-7b,proxy_anchor
16.0,6.947974898910033,qwen2.5-vl-7b,proxy_anchor
17.0,7.68921162136406,qwen2.5-vl-7b,proxy_anchor
18.0,11.749778568331482,qwen2.5-vl-7b,proxy_anchor
19.0,8.93588229621329,qwen2.5-vl-7b,proxy_anchor
