model_alias,dataset_family,objective,num_bank_correct,embedding_dim,mean_resultant_length,concentration_proxy
llava-onevision-qwen2-7b-ov-hf,repope,bce,1545,128,0.9489064035921877,1211.1837227074425
llava-onevision-qwen2-7b-ov-hf,pope,bce,1653,128,0.877326950762318,484.68874801445355
llava-onevision-qwen2-7b-ov-hf,dash-b,bce,326,128,0.837839065418545,357.87268922910084
llava-onevision-qwen2-7b-ov-hf,repope,supcon,1545,128,0.9952236757924908,13263.91162686737
llava-onevision-qwen2-7b-ov-hf,pope,supcon,1653,128,0.992574685859218,8520.95099558852
llava-onevision-qwen2-7b-ov-hf,dash-b,supcon,326,128,0.9935847370481786,9867.410663672948
llava-onevision-qwen2-7b-ov-hf,repope,proxy_anchor,1545,128,0.9523607607659217,1301.3624379098294
llava-onevision-qwen2-7b-ov-hf,pope,proxy_anchor,1653,128,0.9251752152959185,816.5904489371811
llava-onevision-qwen2-7b-ov-hf,dash-b,proxy_anchor,326,128,0.9443383979487618,1109.1077705467314
qwen3-vl-8b,repope,bce,1542,128,0.8455471088432089,377.56700001607817
qwen3-vl-8b,pope,bce,1609,128,0.7771265316675313,249.9603129214561
qwen3-vl-8b,dash-b,bce,381,128,0.83546939630236,352.185849828487
qwen3-vl-8b,repope,supcon,1542,128,0.9929575111471872,8985.829451019628
qwen3-vl-8b,pope,supcon,1609,128,0.9901625862942566,6424.03183923164
qwen3-vl-8b,dash-b,supcon,381,128,0.9906080284959563,6730.184574461293
qwen3-vl-8b,repope,proxy_anchor,1542,128,0.9763375849398476,2652.426883579303
qwen3-vl-8b,pope,proxy_anchor,1609,128,0.9728347685498069,2306.3324541953434
qwen3-vl-8b,dash-b,proxy_anchor,381,128,0.9941072890216018,10745.175144742152
internvl3.5-8b,repope,bce,1496,128,0.7969536751749048,278.19588543077685
internvl3.5-8b,pope,bce,1620,128,0.6670648438138798,153.30399538951153
internvl3.5-8b,dash-b,bce,361,128,0.4617561365595552,74.99712136838116
internvl3.5-8b,repope,supcon,1496,128,0.9892352713277063,5867.962035718829
internvl3.5-8b,pope,supcon,1620,128,0.9803330583473048,3197.6834333181396
internvl3.5-8b,dash-b,supcon,361,128,0.9674678106728581,1920.6053794041954
internvl3.5-8b,repope,proxy_anchor,1496,128,0.8960576658837419,578.3211784633785
internvl3.5-8b,pope,proxy_anchor,1620,128,0.8708036020644996,458.42794165003943
internvl3.5-8b,dash-b,proxy_anchor,361,128,0.9240810530960579,804.3396593765158
minicpm-v-2_6,repope,bce,1529,128,0.6624054287272451,150.560185536608
minicpm-v-2_6,pope,bce,1582,128,0.6208525376979641,128.9249490284855
minicpm-v-2_6,dash-b,bce,394,128,0.26202738394947145,35.99271521415414
minicpm-v-2_6,repope,supcon,1529,128,0.9985813851630816,44731.1997303883
minicpm-v-2_6,pope,supcon,1582,128,0.998446484520566,40844.259026012114
minicpm-v-2_6,dash-b,supcon,394,128,0.9984589259521148,41174.25243416294
minicpm-v-2_6,repope,proxy_anchor,1529,128,0.8479415702964466,384.08801220191174
minicpm-v-2_6,pope,proxy_anchor,1582,128,0.8365811261336512,354.833476333952
minicpm-v-2_6,dash-b,proxy_anchor,394,128,0.9234053017803615,796.9481469527045
gemma-3-12b-it,repope,bce,1443,128,0.7998059379263738,282.7104494682929
gemma-3-12b-it,pope,bce,1543,128,0.6985383315598815,173.95383196087383
gemma-3-12b-it,dash-b,bce,326,128,0.6378246186039064,137.19630584899193
gemma-3-12b-it,repope,supcon,1443,128,0.9848999528355412,4174.278241241799
gemma-3-12b-it,pope,supcon,1543,128,0.9782879479986191,2893.522784693262
gemma-3-12b-it,dash-b,supcon,326,128,0.9876695054011457,5118.874682477094
gemma-3-12b-it,repope,proxy_anchor,1443,128,0.7703820146909132,241.44869858154848
gemma-3-12b-it,pope,proxy_anchor,1543,128,0.7646597931516567,234.60253412997253
gemma-3-12b-it,dash-b,proxy_anchor,326,128,0.9177239792219611,739.5978636101886
gemma-4-12b-it,repope,bce,1138,128,0.8703929928395367,456.86295435712077
gemma-4-12b-it,pope,bce,1180,128,0.8220896294399073,322.89328862912254
gemma-4-12b-it,dash-b,bce,397,128,0.999944910824896,1152645.7936021038
gemma-4-12b-it,repope,supcon,1138,128,0.9997669273160784,272416.44550473936
gemma-4-12b-it,pope,supcon,1180,128,0.999680651846863,198811.7911420768
gemma-4-12b-it,dash-b,supcon,397,128,0.9997093153814717,218419.05616928067
gemma-4-12b-it,repope,proxy_anchor,1138,128,0.930298527823464,879.0619358541488
gemma-4-12b-it,pope,proxy_anchor,1180,128,0.921651306904513,778.3565321454682
gemma-4-12b-it,dash-b,proxy_anchor,397,128,0.998957136874488,60859.29403831149
qwen3.5-4b,repope,bce,1548,128,0.6039035724872801,121.32749297218562
qwen3.5-4b,pope,bce,1622,128,0.5232232544751783,92.02133522386126
qwen3.5-4b,dash-b,bce,361,128,0.22991495585408714,31.05875413100156
qwen3.5-4b,repope,supcon,1548,128,0.9997373888452618,241771.61707526166
qwen3.5-4b,pope,supcon,1622,128,0.9997419484097733,246044.0710090654
qwen3.5-4b,dash-b,supcon,361,128,0.9999832699227186,3795528.5248933057
qwen3.5-4b,repope,proxy_anchor,1548,128,0.8879876899168462,534.1562705084086
qwen3.5-4b,pope,proxy_anchor,1622,128,0.8670790920454736,444.5844389837328
qwen3.5-4b,dash-b,proxy_anchor,361,128,0.9555115147795966,1395.8188175073967
qwen3.5-9b,repope,bce,1554,128,0.8656692012680754,439.5432584793335
qwen3.5-9b,pope,bce,1642,128,0.7614086906712253,230.85620403371541
qwen3.5-9b,dash-b,bce,349,128,0.7739758580758189,245.92211494711765
qwen3.5-9b,repope,supcon,1554,128,0.9999940367139963,10648460.695886916
qwen3.5-9b,pope,supcon,1642,128,0.9999939201652043,10444331.98897437
qwen3.5-9b,dash-b,supcon,349,128,0.9999951759050048,13163059.956643775
qwen3.5-9b,repope,proxy_anchor,1554,128,0.925679836434081,822.3617797575905
qwen3.5-9b,pope,proxy_anchor,1642,128,0.8884078321970552,536.2985482462425
qwen3.5-9b,dash-b,proxy_anchor,349,128,0.9718236139614669,2222.428339067514
phi-4-multimodal-instruct,repope,bce,1496,128,0.8360287672773736,353.5135658752629
phi-4-multimodal-instruct,pope,bce,1572,128,0.8161536688246331,311.2493083352981
phi-4-multimodal-instruct,dash-b,bce,305,128,0.35985750484747236,52.860452408163326
phi-4-multimodal-instruct,repope,supcon,1496,128,0.9999979348876745,30748901.991662037
phi-4-multimodal-instruct,pope,supcon,1572,128,0.999997949615528,30969770.703147788
phi-4-multimodal-instruct,dash-b,supcon,305,128,0.9999985892591725,45011780.60649249
phi-4-multimodal-instruct,repope,proxy_anchor,1496,128,0.9522405567026277,1298.0054983488074
phi-4-multimodal-instruct,pope,proxy_anchor,1572,128,0.9467472716629036,1160.7554021445817
phi-4-multimodal-instruct,dash-b,proxy_anchor,305,128,0.9615342860032909,1619.409696788713
phi-3.5-vision-instruct,repope,bce,1475,128,0.821417991257681,321.53740270320685
phi-3.5-vision-instruct,pope,bce,1545,128,0.7576412724784586,226.63798509970724
phi-3.5-vision-instruct,dash-b,bce,334,128,0.38206255449068,57.1974512818697
phi-3.5-vision-instruct,repope,supcon,1475,128,0.9999626533365363,1700255.007474996
phi-3.5-vision-instruct,pope,supcon,1545,128,0.9999636503789463,1746892.5503530877
phi-3.5-vision-instruct,dash-b,supcon,334,128,0.999978171417033,2908999.1255602133
phi-3.5-vision-instruct,repope,proxy_anchor,1475,128,0.9716392408708713,2207.774114486908
phi-3.5-vision-instruct,pope,proxy_anchor,1545,128,0.9637834951262897,1721.9724774836402
phi-3.5-vision-instruct,dash-b,proxy_anchor,334,128,0.9410571213975153,1045.5411227280324
gemma-3-4b-it,repope,bce,1438,128,0.7538104548151325,222.47827603368964
gemma-3-4b-it,pope,bce,1538,128,0.6728680466992559,156.82537939530874
gemma-3-4b-it,dash-b,bce,305,128,0.5115811796997924,88.5139603744854
gemma-3-4b-it,repope,supcon,1438,128,0.9871853553589024,4924.300556392078
gemma-3-4b-it,pope,supcon,1538,128,0.9812614522871356,3357.6674419575793
gemma-3-4b-it,dash-b,supcon,305,128,0.9624041526641616,1657.6204634909461
gemma-3-4b-it,repope,proxy_anchor,1438,128,0.8897888422599366,543.4548596907908
gemma-3-4b-it,pope,proxy_anchor,1538,128,0.8792314049837923,492.8877674768624
gemma-3-4b-it,dash-b,proxy_anchor,305,128,0.9453020382111563,1129.223327717407
molmo-7b-d-0924,repope,bce,1513,128,0.8951527470105066,573.0315725376793
molmo-7b-d-0924,pope,bce,1624,128,0.8281969587798425,335.70381091697055
molmo-7b-d-0924,dash-b,bce,346,128,0.94199192398781,1062.9187686140838
molmo-7b-d-0924,repope,supcon,1513,128,0.9999544711734069,1394690.017405236
molmo-7b-d-0924,pope,supcon,1624,128,0.9999488353496097,1241060.5009191614
molmo-7b-d-0924,dash-b,supcon,346,128,0.9999727186887503,2327569.9802651433
molmo-7b-d-0924,repope,proxy_anchor,1513,128,0.9397538192358939,1022.2123630555268
molmo-7b-d-0924,pope,proxy_anchor,1624,128,0.9190798086660746,752.5541043087431
molmo-7b-d-0924,dash-b,proxy_anchor,346,128,0.9679030212700604,1947.0794053648867
minicpm-v-4_5,repope,bce,1530,128,0.9084939211835004,661.5791534745457
minicpm-v-4_5,pope,bce,1587,128,0.8635216301598965,432.06344704777956
minicpm-v-4_5,dash-b,bce,391,128,0.9370314875716589,976.5954400613948
minicpm-v-4_5,repope,supcon,1530,128,0.9999486799646315,1237302.7689587749
minicpm-v-4_5,pope,supcon,1587,128,0.99994365285378,1126911.8585655203
minicpm-v-4_5,dash-b,supcon,391,128,0.9999568425020284,1471324.239355912
minicpm-v-4_5,repope,proxy_anchor,1530,128,0.9629431236539941,1682.1956598828033
minicpm-v-4_5,pope,proxy_anchor,1587,128,0.946352729233787,1151.9788327291055
minicpm-v-4_5,dash-b,proxy_anchor,391,128,0.9717496679732314,2216.5280424379903
llava-v1.5-7b,repope,bce,1461,128,0.775189580849582,247.4645802280884
llava-v1.5-7b,pope,bce,1562,128,0.6805133478680014,161.65078770654182
llava-v1.5-7b,dash-b,bce,281,128,0.6995030402432497,174.65225313613783
llava-v1.5-7b,repope,supcon,1461,128,0.9998000475063961,317544.6809473229
llava-v1.5-7b,pope,supcon,1562,128,0.9997687686150587,274585.9466640472
llava-v1.5-7b,dash-b,supcon,281,128,0.9998190047007446,350807.0878243742
llava-v1.5-7b,repope,proxy_anchor,1461,128,0.8906222533999232,547.8606463608388
llava-v1.5-7b,pope,proxy_anchor,1562,128,0.8856000641890521,522.2795593154915
llava-v1.5-7b,dash-b,proxy_anchor,281,128,0.9820404234699881,3504.662459565583
qwen2.5-vl-7b,repope,bce,1531,128,0.8668350735336465,443.7043356756671
qwen2.5-vl-7b,pope,bce,1588,128,0.815205918543922,309.45867272207266
qwen2.5-vl-7b,dash-b,bce,384,128,0.8572328161156816,411.44666501630394
qwen2.5-vl-7b,repope,supcon,1531,128,0.9998506042987937,425014.94482663716
qwen2.5-vl-7b,pope,supcon,1588,128,0.9998534866798161,433376.93988121435
qwen2.5-vl-7b,dash-b,supcon,384,128,0.9999029395996755,654201.0441065455
qwen2.5-vl-7b,repope,proxy_anchor,1531,128,0.9467443660962966,1160.6902930896667
qwen2.5-vl-7b,pope,proxy_anchor,1588,128,0.9425224999429321,1073.0331987103164
qwen2.5-vl-7b,dash-b,proxy_anchor,384,128,0.9857110396406591,4412.997455137756
