epoch,train_loss,val_f1,val_loss,val_pr_auc
1.0,1.3564084571394857,0.1198501872659176,1.1655827809769266,0.03680190570306656
2.0,1.2621393866036805,0.11883691529709228,0.8847441139894622,0.04167913341682612
3.0,1.0294352145339203,0.40641711229946526,0.8343262992152841,0.2136795047138816
4.0,0.9060265802243206,0.4180790960451977,0.8022898183811157,0.20085786251074744
5.0,0.7825490672471501,0.5147058823529411,0.5324523811328252,0.35176394369022523
6.0,0.6187686022149634,0.4827586206896552,0.45458766315993515,0.30039521192401003
7.0,0.6314709282145137,0.4378698224852071,0.651190149946406,0.21642376633203594
8.0,0.5633957476573642,0.5109489051094891,0.4744771266564906,0.28725459441204476
9.0,0.62225304154584,0.5426356589147286,0.4920472992021423,0.360939839228195
10.0,0.5939233823165655,0.4567901234567901,0.41996151535400794,0.2342038231030727
11.0,0.524907179557494,0.3681592039800995,0.4546800244356576,0.17145576751785027
12.0,0.5367518493355998,0.5,0.38050168731908696,0.26866462855764184
13.0,0.49867195744956994,0.5263157894736842,0.5133502204407613,0.3470938814171111
14.0,0.5380122641080114,0.5263157894736842,0.3786029276816131,0.3543026015078088
15.0,0.5139568771448324,0.5185185185185185,0.3874524272435673,0.35463460124394464
16.0,0.49431179988123203,0.4827586206896552,0.4165908247326808,0.29442838570321295
17.0,0.47185941214854826,0.5666666666666667,0.4466080771283759,0.3782703651358943
18.0,0.6154679713116199,0.5689655172413793,0.4332789574868321,0.378144665557155
19.0,0.5264546969324755,0.5147058823529411,0.3391672781349512,0.34839535386871545
20.0,0.5839300512770293,0.5109489051094891,0.37170098168024013,0.31448655129502356
21.0,0.49146450535472913,0.4774193548387097,0.4131827805523936,0.2629128658548744
22.0,0.5151129560251803,0.5185185185185185,0.383945730383295,0.3575805176852473
23.0,0.4908199257348451,0.4827586206896552,0.3588775708525901,0.3092651065685954
24.0,0.48941273039772065,0.5109489051094891,0.36283471838743947,0.3462158475880702
25.0,0.4815970327732337,0.5666666666666667,0.403939916022674,0.39252864863271714
26.0,0.4794363046960363,0.49295774647887325,0.3674216789203478,0.2986583917531922
27.0,0.491848329054551,0.4625,0.40298431775779797,0.2391705603124568
28.0,0.4863478612601446,0.4625,0.39531687336152227,0.2402265505530547
29.0,0.5354026491748901,0.4774193548387097,0.38121522146738956,0.26329760511999134
30.0,0.48745189131984373,0.5147058823529411,0.36723989059534007,0.35254720954569935
31.0,0.49736292434310514,0.5263157894736842,0.3648652814474945,0.36375015766933044
32.0,0.47418650423523284,0.5185185185185185,0.353375371118525,0.3446140342078416
33.0,0.4772454083463074,0.5034013605442177,0.3721950853206901,0.27034334070989846
34.0,0.45685306404628895,0.5511811023622047,0.4089675398756991,0.38352717245623735
35.0,0.49269486296537396,0.4180790960451977,0.47728812387844216,0.1989073528592992
36.0,0.4875985651742181,0.5511811023622047,0.3468954906367742,0.38137505724541315
37.0,0.4847141869498244,0.4457831325301205,0.36921909528868796,0.2302015554815035
38.0,0.478451337353778,0.5384615384615384,0.37123048420643945,0.36962044758151136
39.0,0.4825534591833916,0.46540880503144655,0.37074776146704824,0.24755441995970956
40.0,0.4964369983040379,0.4180790960451977,0.42920650421931367,0.20101882834127544
41.0,0.48618417954357873,0.5185185185185185,0.36090638885360643,0.3815512565773373
42.0,0.5123634562875232,0.5147058823529411,0.3413457327756495,0.32800748223568255
43.0,0.4933858128359718,0.5034013605442177,0.3750265364861322,0.2782302575604379
44.0,0.47170400483391955,0.5645161290322581,0.36507381394061955,0.39278275359440457
45.0,0.4744407600978617,0.5035971223021583,0.41489498576761574,0.30622771316309433
46.0,0.5078039042830343,0.4625,0.4201602077487906,0.24793485941118412
47.0,0.4711588155575353,0.5555555555555556,0.35845436123709956,0.3927763539413584
48.0,0.48578533208904723,0.5511811023622047,0.3435248054700837,0.3843054009313641
49.0,0.4777246582619962,0.5147058823529411,0.36460822273312377,0.30265590670162523
50.0,0.4636954315263114,0.5147058823529411,0.3842464006064133,0.30686581191449636
51.0,0.5359890103091537,0.4774193548387097,0.372776994218624,0.2581177479693042
52.0,0.4745839335995496,0.49295774647887325,0.35853549137834206,0.2973009407044726
53.0,0.4776963496543817,0.5511811023622047,0.34301864025976325,0.3860187489919288
54.0,0.4773425550651625,0.4827586206896552,0.37416912382203166,0.2723743623028988
55.0,0.4946222305670769,0.5511811023622047,0.3901562280410298,0.383466801438077
56.0,0.4681115860237941,0.5185185185185185,0.34527495981885936,0.3697078146521658
57.0,0.4601837138927952,0.5666666666666667,0.479401986175432,0.39975904139091867
58.0,0.5059424847209043,0.5147058823529411,0.35350874474978733,0.36002948824814474
59.0,0.47247384350292376,0.4827586206896552,0.36101023589530423,0.28213079423061643
60.0,0.4811058334252633,0.4625,0.3673406966205184,0.24418614634382846
61.0,0.462213506732171,0.4774193548387097,0.3593416380176369,0.262670547374136
62.0,0.460797217127802,0.5147058823529411,0.35067022865976694,0.3058939194950228
63.0,0.5132743735134415,0.5,0.38039916530109946,0.2744467640678359
64.0,0.47669450045253486,0.5666666666666667,0.3538421967159426,0.37341804996240036
65.0,0.4563214339727654,0.5147058823529411,0.36184769349810897,0.3489541365329253
66.0,0.46801591016453176,0.5384615384615384,0.39082977002070174,0.37516333902906834
67.0,0.4783943948022268,0.4827586206896552,0.36294374384217204,0.2892421698320311
68.0,0.46841853233646674,0.5555555555555556,0.35987776847222397,0.3812310663450538
69.0,0.47313465973259383,0.4774193548387097,0.3573877556630522,0.2624800348384126
70.0,0.4622807744956489,0.5645161290322581,0.3615176689311475,0.37952879797900885
71.0,0.4613219354274499,0.5343511450381679,0.3770854942703489,0.3636402515588847
72.0,0.5295070236989678,0.5263157894736842,0.35632018185326236,0.3676093057280654
73.0,0.4622057128188757,0.5109489051094891,0.3593394221894872,0.361660847419316
74.0,0.4657018928383637,0.4868421052631579,0.3874838450820934,0.26458510325736045
75.0,0.4637942126446148,0.49295774647887325,0.35157321455774615,0.2862691513397759
76.0,0.4594719555442599,0.47435897435897434,0.38192350243261297,0.25536013533168433
77.0,0.4757928222511061,0.5645161290322581,0.4278321125750454,0.4019651827034015
78.0,0.4710991109094978,0.5034013605442177,0.39197296942239174,0.2755583575572642
79.0,0.46733304254702906,0.47435897435897434,0.3808694377097999,0.2578195952457253
80.0,0.46801763375807354,0.5035971223021583,0.40402757172119474,0.32855230336029156
81.0,0.4881886143940457,0.5147058823529411,0.37267881694135974,0.36086138576083027
82.0,0.49003493918865393,0.5035971223021583,0.3867366755684393,0.3536664599635887
83.0,0.46441928220988565,0.5645161290322581,0.4880499555348897,0.3853144056790279
84.0,0.559010994975087,0.4827586206896552,0.35463401956449514,0.35141006463732816
85.0,0.46468086855503515,0.5147058823529411,0.35676099127836813,0.353858154565487
86.0,0.47174212016452716,0.4567901234567901,0.36675254812793234,0.2351967670117781
87.0,0.47090473452872356,0.5263157894736842,0.37195524956471865,0.3769264431316382
88.0,0.45255998653962787,0.5384615384615384,0.4208415235859295,0.37828231767904613
89.0,0.46168707872704995,0.5384615384615384,0.4620567648998916,0.3763171233389204
90.0,0.45390359509476036,0.5185185185185185,0.39565869688308264,0.37839581569532976
91.0,0.510987042137679,0.5109489051094891,0.3762599596820956,0.3611454256335819
92.0,0.48439066815923226,0.4134078212290503,0.4524185656651883,0.22034423210022352
93.0,0.4972035327718454,0.5555555555555556,0.3286042107933303,0.3731404972677961
94.0,0.46265425834653273,0.5555555555555556,0.35834038983310906,0.3626119341140793
95.0,0.46002171507592743,0.5645161290322581,0.3851797147462306,0.3636781292821708
96.0,0.45645816558904023,0.5511811023622047,0.34104112257792873,0.3786310549392618
97.0,0.4701554379510432,0.5263157894736842,0.34573499056226925,0.37000563871857367
